pr	target	unit	deps	size	kind	korean_touch	save_impact	rom_est	approach	evidence	notes
9858	이식	U-9858	-	M	fix	N	N	+120B	battle_script_commands.c·battle_util.c hunk는 그대로 적용하고 include/battle.h는 HnS의 u32 moveResultFlags(Champions) 위에 u16 innardsOutHpLost[4] 1줄만 수동 삽입한다. 한글 메시지 경로 변화 없음.	HnS include/battle.h:689-690에 innardsOutHpLost 없음, src/battle_script_commands.c:1808 MoveDamageDataHpUpdate에 hpLost 누적 없음, :2472 IgnoreTargetingForMoveEffect에 MOVE_EFFECT_CORE_ENFORCER 없음, src/battle_util.c:4101 Innards Out이 moveDamage 사용. upstream 8e8c5c318b, 1.17.0 battle.h:714에 유지	apply: battle.h FAIL(context), 나머지 ok. heap +8B(gBattleStruct). 테스트 innards_out.c clean, MESSAGE 의존 없음. #9532(Bide 리팩터)가 이후 MoveDamageDataHpUpdate의 gBideDmg 줄을 지우므로 순서상 먼저 이식. #10278(코어퍼니셔 TARGET_BOTH)과 관련
9880	이식	U-ruin-9880	-	M	fix	N	N	+150B	소스 4파일을 그대로 적용한다. BattleScript_NeutralizingGasExits는 루프 변수만 gBattlerTarget/gEffectBattler로 바뀌고 STRINGID_NEUTRALIZINGGASOVER 출력은 그대로라 한글 메시지 영향 없음.	HnS src/battle_util.c:6968 IsRuinStatusActive가 위액/화학변화가스 검사를 가진 구버전, RemoveRuinAbilityFlags 없음, Cmd_setgastroacid에 호출 없음, data/battle_scripts_1.s:7974 NeutralizingGasExits가 gBattlerAttacker 루프. upstream cfb4f864e9	소스 전부 apply ok. 테스트 beads_of_ruin.c·vessel_of_ruin.c clean, MESSAGE 1줄(영문 특성 문구) 의존. #9901과 같은 unit
9901	이식	U-ruin-9880	9880	S	fix	N	N	~0	CalcAttackStat/CalcDefenseStat의 재앙 판정 4줄을 ctx->abilityAtk/abilityDef 비교로 그대로 바꾼다(HnS는 BattleContext ctx 사용, 이름만 다름).	HnS src/battle_util.c CalcAttackStat/CalcDefenseStat이 여전히 gBattleMons[].volatiles.vesselOfRuin 등으로 판정(apply --check ok). upstream 4c41f277db	소스 ok, 테스트 beads_of_ruin.c는 #9880 테스트 뒤에 붙으므로 #9880 다음에 적용. MESSAGE 의존 없음
9921	이식	U-9921	-	S	fix	Y	N	+60B	Cmd_tryinfatuating 앞머리에 아로마베일 검사를 그대로 넣는다. 출력은 기존 한글 STRINGID_AROMAVEILPROTECTED(BattleScript_AromaVeilProtectsRet, 특성 팝업 포함)를 재사용하므로 새 문자열 불필요.	HnS src/battle_script_commands.c:8535 Cmd_tryinfatuating에 IsAbilityOnSide(…ABILITY_AROMA_VEIL) 없음. data/battle_scripts_1.s:3270 운명의실 경로(tryinfatuating BattleScript_TryDestinyKnotTargetFailed)가 이 명령만 거침. upstream 19c842d97d	소스 apply ok. 운명의실 반사 헤롱헤롱이 아로마베일에 막힐 때 팝업+기존 아로마베일 문구가 새로 출력되므로 BATTLE_MESSAGE_OUTPUT_CHANGES 기록 대상은 아님(upstream 동작 그대로, 기존 ID). 테스트 aroma_veil.c clean, MESSAGE 1줄 의존
9917	이식	U-9917	-	M	fix	N	N	+40B	Cmd_tryswapabilities·BS_TryEntrainment는 그대로 적용하고, CanMoveSkipAccuracyCalc는 HnS의 cv->abilities[] 판에 abilityBattler 변수 3줄을 수동 삽입한다.	HnS src/battle_util.c:10549-10615 CanMoveSkipAccuracyCalc가 cv 판이고 마지막에 RecordAbilityBattle(battlerAtk, ABILITY_NO_GUARD) 고정. battle_script_commands.c Cmd_tryswapabilities/BS_TryEntrainment(14330)가 OR 조건 한 번에 target만 기록. upstream 7377e88396	battle_util.c FAIL(cv 표기), battle_script_commands.c ok. AI 전투기록(RecordAbilityBattle)만 바뀌고 메시지 변화 없음. 테스트 없음
9929	이식	U-9929	-	S	fix	Y	N	+40B	그대로 적용한다. 새 BattleScript_TargetAvoidsAttackEnd는 기존 한글 gMissStringIds[B_MSG_AVOIDED_ATK]=STRINGID_PKMNAVOIDEDATTACK("…에게는 맞지 않았다!")를 출력하므로 새 문자열 불필요. 출력 변화(실패 문구→회피 문구)를 BATTLE_MESSAGE_OUTPUT_CHANGES에 기록한다.	HnS src/battle_script_commands.c:1220 AccuracyCheck가 failInstr(BattleScript_ButItFailed)로 바로 이동, BattleScript_TargetAvoidsAttackEnd 없음. src/battle_message.c:521·1028에 한글 문구와 테이블 존재. upstream 21e41d55dd	변화기 빗나감 시 "그러나 실패했다"→"맞지 않았다"로 공식 게임과 같게 바뀜. HnS 사용자 지정 출력 목록에는 없는 경로라 외부결정 아님. 이후 #9939(명중 판정 canceler 통합)가 이 분기를 옮김. 테스트 paralysis.c clean, MESSAGE 3줄 의존
9943	이식	U-airballoon-9943	-	S	fix	N	N	~0	TryAirBalloon의 EXCLUDING_SUBSTITUTES를 INCLUDING_SUBSTITUTES로 1줄 바꾼다(그대로 적용). 기존 BattleScript_AirBalloonMsgPop·STRINGID_AIRBALLOONPOP 한글 문구를 그대로 쓴다.	HnS src/battle_hold_effects.c:229 TryAirBalloon이 IsBattlerTurnDamaged(battler, EXCLUDING_SUBSTITUTES). upstream 3fc40c8d12	소스 ok. 테스트 air_balloon.c/disguise.c clean, MESSAGE 4줄 의존. #9952와 같은 unit
9952	이식	U-airballoon-9943	9943	S	fix	N	N	~0	ItemBattleEffects의 기절 배틀러 예외 목록에 HOLD_EFFECT_AIR_BALLOON 1줄 추가(그대로 적용).	HnS src/battle_hold_effects.c:1022-1025 예외 목록이 ROWAP/JABOCA/ROCKY_HELMET만. upstream cbeac29501	소스 ok, 테스트 air_balloon.c는 #9943 테스트 뒤에 붙어 FAIL(순서 의존). 기절 시에도 풍선 터짐 문구가 나온다(기존 ID). MESSAGE 3줄 의존
9946	이식	U-9946	-	S	fix	N	N	~0	BattleScript_EjectPackActivates의 jumpifcantswitch에 SWITCH_IGNORE_ESCAPE_PREVENTION 플래그 1줄 추가(그대로 적용). 문자열 변화 없음.	HnS data/battle_scripts_1.s:7924 jumpifcantswitch BS_SCRIPTING(플래그 없음). SWITCH_IGNORE_ESCAPE_PREVENTION은 HnS에 이미 정의. upstream 5de54b9757	소스 ok. 테스트 eject_pack.c clean, MESSAGE 2줄 의존
9951	이식	U-9951	-	S	fix	Y	N	~0	BS_TryFlingHoldEffect의 두 분기 순서를 바꾼다(그대로 적용). 인분·비밀망토 대상이면 기존 BattleScript_FlingBlockedByShieldDust(STRINGID_ITEMWASUSEDUP 한글)로 가며 새 문자열 불필요.	HnS src/battle_script_commands.c:13491-13506 BS_TryFlingHoldEffect가 나무열매 분기를 인분 검사보다 먼저 처리. data/battle_scripts_1.s:568 FlingBlockedByShieldDust 존재. upstream 9f6313b51b	소스 ok. 인분 대상에게 열매를 던지면 열매 효과 문구 대신 "다 써버렸다" 계열 기존 문구가 나온다(upstream 동작). 테스트 fling.c clean, MESSAGE 의존 없음
9937	이식	U-9937	-	S	fix	N	N	~0	Cmd_resultmessage 연속기 중간 빗나감 분기에 moveDamage=0, damagedByAttack=FALSE 2줄을 그대로 추가한다. HnS Champions 상성 메시지 분기와 다른 위치라 메시지 변화 없음.	HnS src/battle_script_commands.c:1996-2001 연속기 중간 빗나감 분기에 두 초기화 없음. upstream 99f230f3e5	소스 ok. 이후 #9983(upcoming, 연속기 결과 메시지)이 같은 경로를 canceler로 옮김. 테스트 iron_barbs.c·rocky_helmet.c clean, MESSAGE 5줄 의존
9942	이식	U-futuresight-9942	-	M	fix	N	N	-150B	constants·battle_move_resolution.c(CANCELER_INTERRUPTIBLE_MOVES 추가)는 그대로 적용하고, battle_util.c는 DoFutureSightAttackDamageCalcVars를 삭제하고 AllocSaveBattleMons+PokemonToBattleMon 기반 DoFutureSightAttackDamageCalc로 교체, typeEffectiveness/isCrit 계산을 DoMoveDamageCalc 안으로 옮긴다. HnS CalculateMoveDamage의 OHKO 성공 플래그 블록(STRINGID_ONEHITKO용)은 그대로 보존한다.	HnS src/battle_util.c:8011-8061 구 DoFutureSightAttackDamageCalcVars(파티 몬 스탯 직접 계산), :8334-8347 CalculateMoveDamage가 typeEffectiveness/isCrit를 미리 계산, include/constants/battle_move_resolution.h:59 CANCELER_INTERRUPTIBLE_MOVES 없음. AllocSaveBattleMons(include/battle_ai_util.h:318)·PokemonToBattleMon 존재. upstream 1de47539af	battle_util.c FAIL(HnS OHKO 플래그 블록이 인접 context), 나머지 ok. 파티에 있는 시전자 계산 시 BattlePokemon 4개 임시 heap 할당. #10161(1.16.2 후속)의 전제. 테스트 future_sight.c clean, MESSAGE 의존 없음
9940	동등	U-9940	-	S	fix	N	N	~0	이미 반영됨. 추가 작업 없음(테스트 encore.c만 선택적으로 가져올 수 있다).	HnS 커밋 6d3c7690c0(HEAD 조상)으로 반영. src/battle_script_commands.c:8859-8862 Cmd_trysetencore가 MOVE_NONE/UNAVAILABLE 검사를 먼저 하는 수정판, src/battle_move_resolution.c:2693 MoveEndUpdateLastMoves의 else 분기에 gLastMoves=MOVE_UNAVAILABLE 없음(lastResultingMoves만). 소스 2파일 git apply -R --check 성공. upstream 0b93588a25	테스트 encore.c는 forward ok(HnS에 테스트 미반영), MESSAGE 1줄 의존
9954	이식	U-9954	-	S	fix	N	N	+80B	BS_JumpIfIntimidateAbilityPrevented의 ABILITY_GUARD_DOG 분기를 그대로 교체한다(흰안개·공격 최저 단계·플라워베일 선행 검사). 문자열 변화 없음. #9730 이식 시 이 함수가 battle_stat_change.c로 대체되므로 그때 #9957 판으로 교체한다.	HnS src/battle_script_commands.c:13462-13465 GUARD_DOG 분기가 무조건 BattleScript_IntimidateInReverse. IsFlowerVeilProtected·CompareStat 존재. upstream 8bb8984c7e. 1.17.0에는 BS_JumpIfIntimidateAbilityPrevented가 없고 battle_stat_change.c:656 IsIntimidateBlocked가 담당	소스 ok. master(1.15.3) 판 임시 수정. 최종형은 #9957(U-statchange-9730). 테스트 guard_dog.c clean, MESSAGE 9줄 의존
9976	이식	U-9976	-	S	fix	N	N	~0	TryRedCard 조건에 !IsBattlerAlive(battlerAtk) 1줄을 그대로 추가한다. HnS 레드카드 아이템 팝업 스크립트는 그대로.	HnS src/battle_move_resolution.c:3337-3342 TryRedCard에 공격자 생존 검사 없음. upstream 2a3bf97bed	소스 ok. #9784(탈출 아이템 재편)가 이후 이 함수를 수정하므로 먼저 이식. 테스트 red_card.c clean, MESSAGE 1줄 의존
9975	동등	U-9975	-	S	fix	N	N	~0	이미 같은 효과. 추가 작업 없음(테스트 weather_ball.c만 선택 이식 가능).	HnS src/battle_util.c:6475-6477 CalcMoveBasePower EFFECT_WEATHER_BALL이 GetAttackerWeather(ctx->holdEffectAtk, ctx->abilityAtk, ctx->weather)를 쓰고, :9679-9688 GetAttackerWeather가 HOLD_EFFECT_UTILITY_UMBRELLA면 SUN/RAIN을 제거. 타입도 src/battle_main.c:6230-6236이 같은 함수 사용. upstream a62231cb6f는 같은 조건을 인라인으로 추가	1.17.0 CalcMoveBasePower(battle_util.c:6245-6246)도 #9735(Mega Sol, ab24eaec10)에서 들어온 GetAttackerWeather 방식이라 HnS 코드와 같은 형태. 테스트 weather_ball.c forward ok, MESSAGE 의존 없음
10002	이식	U-10002	-	S	fix	N	N	~0	AbilityBattleEffects ABILITY_TOXIC_DEBRIS 분기의 독압정 한도 검사를 BATTLE_OPPOSITE(gBattlerTarget) 쪽으로 바꾼다(그대로 적용). #10542가 이후 BATTLE_OPPOSITE 매크로를 없애므로 그때 함께 치환.	HnS src/battle_util.c:4330-4335 TOXIC_DEBRIS가 GetBattlerSide(gBattlerAttacker)의 toxicSpikesAmount 검사(버그 그대로). include/constants/battle.h:57 BATTLE_OPPOSITE 존재. upstream 21c2420299	소스 ok. 테스트 toxic_debris.c clean, MESSAGE 1줄 의존
10007	이식	U-10007	-	S	fix	N	N	~0	jumpifsafeguard 매크로에 jumpiftargetally 2f와 라벨 2:를 그대로 추가한다(아군 대상이면 침투 무시 분기를 건너뜀). 문자열 변화 없음.	HnS asm/macros/battle_script.inc:2201-2205 jumpifsafeguard가 침투 검사만 함, :2012 jumpiftargetally 매크로 존재. upstream 28645b21b0	asm 매크로 apply ok. 매크로 사용처 전체(혼란 계열)에 영향. 테스트 infiltrator.c clean, MESSAGE 의존 없음
10028	이식	U-10028	-	S	fix	N	N	~0	TryKingsRock의 하늘의은총/무지개 2배를 OR 한 번으로 합친다(그대로 적용).	HnS src/battle_hold_effects.c:197-215 TryKingsRock이 두 조건에서 각각 holdEffectParam*=2(중복 4배). upstream 6cc7f6638f	소스 ok. 테스트 flinch.c clean, MESSAGE 1줄 의존
10003	이식	U-10003	-	S	fix	N	N	~0	CancelerMultihitMoves의 Population Bomb 분기에 ctx->abilityAtk != ABILITY_SKILL_LINK 조건을 그대로 추가한다(HnS ctx에 holdEffectAtk/abilityAtk 있음).	HnS src/battle_move_resolution.c:1972 Population Bomb 분기가 스킬링크보다 속임수주사위를 우선. upstream 0670ab8dc1	소스 ok. 테스트 population_bomb.c clean, MESSAGE 5줄 의존
9999	동등	U-9999	-	S	fix	Y	N	~0	이미 반영됨. 추가 작업 없음. battle_message.c 영문 문구 변경은 한글 문장으로 대체된 상태를 유지한다.	HnS 커밋 e9a9613f5c(HEAD 조상). src/battle_move_resolution.c와 테스트 6개 모두 git apply -R --check 성공. src/battle_message.c:324 STRINGID_PKMNREDUCEDPP가 {B_BUFF1}{B_TXT_EULREUL} {B_BUFF2} 깎았다! 로 BUFF1(기술)/BUFF2(PP) 사용. upstream f82129a7c3	battle_message.c만 영문/한글 차이로 양방향 FAIL(의도된 차이)
10035	이식	U-10035	-	S	fix	N	N	~0	MoveEndAbsorb EFFECT_STRENGTH_SAP 조건에 !IsBattlerUnaffectedByMove(gBattlerTarget) 1줄 추가(그대로 적용).	HnS src/battle_move_resolution.c:2244-2245 STRENGTH_SAP이 passiveHpUpdate만 검사. upstream c70fcd906d	소스 ok. upcoming 판 #10034(능력 버퍼 부분은 #9730 의존)의 master 대응. 테스트 없음
10047	이식	U-10047	-	S	fix	N	N	+30B	전 파일 그대로 적용한다. BattleStruct.poisonPuppeteerConfusion을 SpecialStatus.poisonPuppeteer(패딩 1비트)로 옮기고, 혼란 부여 시 gBattleScripting.battler/gEffectBattler를 명시한다. 출력 스크립트 BattleScript_AbilityStatusEffect(팝업+setnonvolatilestatus)와 한글 혼란 문구는 그대로.	HnS src/battle_util.c:4410-4420 POISON_PUPPETEER가 gBattleStruct->poisonPuppeteerConfusion 전역 플래그 사용, include/battle.h:118 SpecialStatus padding2:2 남음. upstream dd2b6e41d7	소스 전부 ok. SpecialStatus 패딩 2비트 중 1비트 사용(#10231도 1비트 사용 → 두 PR 후 패딩 0, 구조체 크기 불변). heap/EWRAM 변화 없음. 테스트 poison_puppeteer.c clean, MESSAGE 의존 없음
10040	이식	U-10040	-	M	fix	N	N	+100B	ABILITYEFFECT_ON_FORM_CHANGE·BS_AbilityOnFormChange·abilityonformchange 매크로를 추가하고, BattleScript_TeraFormChange에서 switchinabilities 다음·HnS가 이미 가진 effectsafterformchange(#10180) 앞에 abilityonformchange BS_ATTACKER를 넣는다(1.17.0 순서와 동일). ON_SWITCHIN의 TERAFORM_ZERO 분기는 삭제. UpdateEffectivenessResultFlagsForDoubleSpreadMoves 공백 hunk는 버린다.	HnS data/battle_scripts_1.s:58-72 TeraFormChange 끝이 switchinabilities→effectsafterformchange(#10180 이식분), src/battle_util.c:3488-3494 ON_SWITCHIN에 TERAFORM_ZERO(종 검사) 잔존, asm/macros/battle_script.inc:1927 effectsafterformchange 매크로 때문에 context FAIL. upstream 69aa5bb05a, 1.17.0 battle_scripts_1.s:73-75 순서 확인	asm/data/battle_script_commands.c FAIL(#10180 인접 context·공백 hunk), include/battle_util.h·battle_util.c ok. 문구 변화 없음(테라폼제로 발동 스크립트 기존 것). 테스트 teraform_zero.c clean, MESSAGE 2줄 의존
10042	이식	U-10042	-	S	fix	Y	N	~0	그대로 적용한다. 사탕폭탄 턴 종료 하락을 BS_TARGET(대상)·gBattlerAttacker=stickySyrupedBy로 처리하여 오기·승기가 사용자에게 반응하게 한다. 출력은 gStatDownStringIds의 대상 쪽 한글 문구(STRINGID_DEFENDERSSTATFELL 계열)로 바뀌며 새 문자열 불필요.	HnS src/battle_end_turn.c:679-692 HandleEndTurnSyrupBomb이 gBattlerTarget/gBattlerAttacker를 설정하지 않음, :668 Octolock에 IsBattlerAlive 없음, data/battle_scripts_1.s:224-229 SyrupBombEndTurn이 BS_ATTACKER. stickySyrupedBy 필드 존재. upstream d927117c80	소스 ok. HnS 오기·승기는 PrepareStringBattle의 STRINGID_DEFENDERSSTATFELL 조건으로 발동하므로 이 수정으로 올바르게 발동. 테스트 competitive.c·defiant.c·octolock.c clean, MESSAGE 의존 없음
10038	이식	U-10038	-	S	fix	N	N	~0	TrySymbiosis의 탈출버튼/탈출팩 검사를 GetItemHoldEffect(itemId)로 바꾼다(그대로 적용).	HnS src/battle_util.c:10361-10365 TrySymbiosis가 GetBattlerHoldEffect(battler)(이미 소모되어 NONE)로 검사. upstream 979b1496a4	소스 ok. #10325(볼주머니 후 공생, g2)이 이후 TrySymbiosis 시그니처를 바꾸므로 먼저 이식. 테스트 symbiosis.c clean, MESSAGE 2줄 의존
10030	이식	U-10030	-	S	fix	N	N	~0	TryClearIllusion의 조기 반환 조건을 !IsBattlerTurnDamaged(battler, EXCLUDING_SUBSTITUTES)로 바꾼다(그대로 적용). 일루전 해제 문구는 기존 것.	HnS src/battle_util.c:9077-9082 TryClearIllusion이 IsBattlerAlive(battler)로 판단(공격 없이 기절하면 해제 안 됨). upstream 356ad4f4f3	소스 ok. 테스트 illusion.c clean, MESSAGE 2줄 의존
10029	이식	U-10029	-	S	fix	N	N	~0	HandleEndTurnFormChange 앞머리에 IsBattlerAlive 조기 반환을 그대로 추가한다.	HnS src/battle_end_turn.c:1316-1324 HandleEndTurnFormChange가 기절 배틀러도 폼체인지 시도. upstream 75b648cfdf	소스 ok. 테스트 power_construct.c clean, MESSAGE 2줄 의존
9532	이식	U-bide-9532	-	M	refactor	Y	N	-100B	참기를 EffectHit+CancelerBide(설정/축적/방출)+DoFixedDamageMoveCalc(EFFECT_BIDE=gBideDmg*2) 구조로 옮기고 setbide/copybidedmg opcode를 삭제한다. HnS opcode 열거는 끝이 UNUSED_30이므로 삭제한 2개 자리에 UNUSED_31/32를 추가해 번호를 유지한다. BattleScript_BideAttack의 HnS Champions 플래그(EXTREMELY/MOSTLY) 제거 줄은 스크립트 삭제와 함께 없어지므로, 참기 방출 시 상성 문구가 나오지 않던 기존 동작을 유지하려면 고정 피해 경로에서 SE/NVE/EXTREMELY/MOSTLY 플래그를 지우는 처리를 확인·추가한다. 한글 STRINGID_PKMNUNLEASHEDENERGY/STORINGENERGY 문구는 그대로.	HnS src/battle_move_resolution.c:1071-1097 구 CancelerBide(스크립트 점프), data/battle_scripts_1.s:4742-4761 BattleScript_BideAttack(attackcanceler·typecalc·clearmoveresultflags …EXTREMELY_EFFECTIVE|MOSTLY_INEFFECTIVE·copybidedmg), include/constants/battle_script_commands.h:264 UNUSED_30까지. HandleSkyDropResult·CancelerFocusPreGen5는 HnS에 있음(battle_move_resolution.c:285,1519). upstream 124009500d, 1.17.0 battle_util.c:7798 EFFECT_BIDE 유지	apply: battle_move_resolution.c·battle_util.c·battle_move_effects.h ok, asm/data/opcode 헤더·battle_script_commands.c FAIL(opcode 번호·Champions 플래그 context). 축적 턴에 "…의 참기!" 기술 문구가 더 이상 나오지 않는 출력 변화(upstream·본가 동작)가 있어 BATTLE_MESSAGE_OUTPUT_CHANGES에 기록. #9858이 쓰는 gBideDmg 줄과 인접하므로 #9858 다음. 테스트 bide.c clean, MESSAGE 10줄 의존
9729	이식	U-12v12-8943	8943	S	fix	N	N	~0	#8943(12v12, gParties[B_TRAINER_x])가 만든 회귀 수정이므로 #8943 이식 때 같은 unit에서 적용한다. 두 번째 야생 몬을 gParties[B_TRAINER_1][1]에 두도록 wild_encounter.c·script_pokemon_util.c·battle_main.c·battle_ai_main.c 4곳을 맞춘다. HnS 전용 야생 더블 조우 로직(맵별 테이블 등)은 보존.	HnS는 12v12 이전 구조: src/wild_encounter.c:866,911,951 gEnemyParty[1] = mon1, gParties 심볼 없음. upstream 2b756fd942는 #8943(70340c1135)이 넣은 gParties[B_TRAINER_3][0]를 [B_TRAINER_1][1]로 되돌림	현재 HnS에는 버그 없음(12v12 미이식). #8943 없이 적용 불가(전 파일 FAIL). 테스트 없음
9811	이식	U-12v12-8943	8943	S	fix	N	N	~0	#8943 이식 시 함께 적용한다. GetBattlerPartyState를 battle.h 인라인에서 battle_util.c 함수로 옮기고 partyState 인덱스를 GetBattlerTrainer(battler)로 바꾼다(partyState 배열이 트레이너 단위로 바뀐 뒤에만 유효).	HnS include/battle.h:556 partyState[NUM_BATTLE_SIDES][PARTY_SIZE], :1159 GetBattlerPartyState가 GetBattlerSide 인덱스(12v12 이전 구조라 현재는 정상). upstream b150c372e6	12v12 전용 후속. 전 파일 FAIL. 테스트 없음
9784	이식	U-queuedswitch-9494	9494,9717,8943	L	refactor	N	N	+200B EWRAM+4B	queued switch(#9494·#9717) 이식 후 같은 unit에서 적용한다. gBattlersByRawSpeed(EWRAM 4B)·SortBattlersByRawSpeed를 도입하고 MoveEndCardButton을 원시 스피드 순 1회 발동+redCardActivated로, WHITE_HERB/MIRROR_HERB/EJECT_PACK 단계를 MOVEEND_ITEM_ON_STAT_CHANGE 하나로 합친다. HnS 레드카드·탈출버튼·탈출팩·하얀허브의 Champions 아이템 팝업(BattleScript_ItemPopUp_Scripting 호출)은 #9717이 만든 BattleScript_EjectItemActivates와 기존 스크립트 안에 그대로 유지하고, HnS BS_EffectsAfterFormChange(#10180)의 배틀러 순서 루프를 gBattlersByRawSpeed로 교체한다. 조개껍질방울·생명의구슬의 EFFECT_PAIN_SPLIT 예외 제거도 포함.	HnS include/constants/battle_move_resolution.h:116-127 MOVEEND_CARD_BUTTON/WHITE_HERB/MIRROR_HERB/EJECT_PACK 구 열거, src/battle_move_resolution.c:3375-3424 MoveEndCardButton이 SortBattlersBySpeed 후 MOVEEND_JUMP_TO_HIT_ESCAPE_PLUS_ONE로 점프, :3694 MoveEndEjectPack·include/battle.h:74 disableEjectPack 존재, HasAnyBattlerQueuedSwitch/queuedSwitch/gBattlersByRawSpeed 없음. src/battle_script_commands.c:14178 주석 "HnS has no gBattlersByRawSpeed". upstream 910e018fc9(EjectItemActivates는 #9717 f3443efd9b에서 생성)	6/9 파일 FAIL. #9957·#9988(Dancer 순서)·#10185가 gBattlersByRawSpeed에 의존. 테스트 eject_button.c FAIL(queued switch 테스트 선행), throat_spray.c ok. MESSAGE 의존 없음
9799	이식	U-12v12-8943	8943,9655	M	fix	Y	N	+150B	#8943(BattleSideHasTwoTrainers·BattlersShareParty)과 #9655 이후 같은 unit에서 적용. BufferStringBattle의 INTROSENDOUT/RETURNMON/SWITCHINMON 분기 선택 로직(링크·녹화·인게임 파트너·2대1)과 AI hunk(IsSpecialTrainer 플래그 차단, 파트너 교체 중복에 BattlersShareParty)만 가져오고, 기존 한글 sText_* 문장·줄바꿈·조사 토큰은 유지한다. upstream의 영문 문구 변경("Go! X!"→"Go, X!")은 무시. 새 sText_LinkTrainerIntroSendOutPkmn은 HnS 기존 sText_LinkTrainerSentOutPkmn 한글 문장을 그대로 복제(토큰만 LINK_OPPONENT_MON1)하고, sText_TwoLinkTrainersSentOutPkmn은 이름만 IntroSendOut으로 바꾼다.	HnS src/battle_message.c:106-119 한글 교체 문장(106 sText_LinkTrainerSentOutPkmn은 {B_OPPONENT_MON1_NAME}을 쓰는데 교체 등장에도 재사용됨), :2573-2595 구 분기 순서, include에 BattleSideHasTwoTrainers/BattlersShareParty 없음(12v12 API). IsSpecialTrainer(include/data.h:235)·BattlerIsLink/Recorded·IsGhostBattleWithoutScope는 있음. upstream 972bffb89f	인게임(비링크) 출력은 사실상 불변: 인게임 파트너·TWO_OPPONENTS 분기 결과 동일. 링크·녹화 배틀 문구 선택만 바뀜. 신규 문장 1개는 기존 한글 문장 재사용이라 번역 창작 없음(엄밀히는 미결 목록에 기록). battle_controllers.c·battle_message.c FAIL, AI 2파일 ok. 테스트 test/battle/battle_message.c는 영문 MESSAGE 45줄 의존
9856	이식	U-battlemsg-9655	9655	S	fix	Y	N	-8B	#9655(배틀 메시지 리팩터)가 BattleScript_HurtAttacker를 printfromtable gHurtByStringIds로 바꾸면서 남긴 printstring STRINGID_AFTERMATHDMG 중복 1줄을 지우는 후속 수정이므로 #9655 이식 시 함께 적용한다. HnS의 현재 단일 출력(STRINGID_PKMNHURTSWITH 한글)과 결과가 같아야 한다.	HnS data/battle_scripts_1.s:7014-7020 BattleScript_HurtAttacker가 printstring STRINGID_PKMNHURTSWITH 1회만 출력(현재 버그 없음). upstream c1eaced09e, gHurtByStringIds는 #9655(32fcd64868)에서 생성	#9655 없이 적용 불가(FAIL). 테스트 없음
9864	이식	U-queuedswitch-9494	9494	S	fix	N	N	~0	#9494(queued switch)가 만든 battlerState.notOnField 상태에서 파티 화면 복귀 시 이전 몬 HP박스가 보이는 회귀 수정. #9494 이식 unit에서 CreateHealthboxSprite 2곳에 notOnField 조건을 넣는다.	HnS에는 notOnField 심볼 없음(src/include grep 0건). src/reshow_battle_screen.c CreateHealthboxSprite는 HP·IsValidForBattle만 검사(patch는 적용되나 컴파일 불가). notOnField는 #9494(bede100c3e)에서 도입. upstream 47f01e61ba	apply ok지만 #9494 없이 빌드 불가. 테스트 없음
9843	이식	U-12v12-8943	8943	S	fix	N	N	~0	#8943이 CB2_ShowPokemonSummaryScreen의 UpdatePartyToBattleOrder를 멀티 전용으로 옮긴 회귀를 되돌리는 수정이므로 #8943 이식 unit에서 함께 적용한다(멀티면 LoadBattlePartyCurrentOrderForLayout 후 항상 UpdatePartyToBattleOrder).	HnS src/party_menu.c:3176-3181 CB2_ShowPokemonSummaryScreen이 배틀 중이면 무조건 UpdatePartyToBattleOrder() 호출(현재는 같은 효과, 12v12 이전 구조). LoadBattlePartyCurrentOrderForLayout 등은 #8943(70340c1135) 도입. upstream 810514990c	#8943 없이 FAIL. 현재 HnS 동작은 수정 후와 같으므로 #8943 이식 시 이 PR을 빠뜨리면 회귀. 테스트 없음
9957	이식	U-statchange-9730	9730,9784	M	fix	N	N	+150B	#9730(battle_stat_change.c)·#9784(gBattlersByRawSpeed) 이식 후 같은 unit에서 적용. IsIntimidateBlocked의 번견 분기(플라워베일 원시 스피드 우선·공격 최저 단계), 위협 차단 판정 순서, SortBattlersByRawSpeed의 공용화와 정렬 시점(sortbattlers·DoSwitchInEvents·변신 직후), 등장 특성 일부 단계를 gBattlersByRawSpeed 순으로, ABILITYEFFECT_COMMANDER→DEPENDS_ON_ALLY 개명, 변신 실패 시 gChosenMove 유지를 가져온다. #9954(master 판)로 넣은 BS_JumpIfIntimidateAbilityPrevented 번견 분기는 이때 제거된다.	HnS에 src/battle_stat_change.c·gBattlersByRawSpeed 없음, include/battle_util.h:61 ABILITYEFFECT_COMMANDER, src/battle_switch_in.c:43-153 등장 이벤트가 gBattlersBySpeed 순, src/battle_script_commands.c:9005 Cmd_transformdataexecution이 실패 전 gChosenMove=MOVE_UNAVAILABLE. upstream 34c19158a9	5/7 파일 FAIL. 등장 특성 발동 순서가 원시 스피드 순으로 바뀌는 동작 변화(본가 사양) 포함. 테스트 파일 없음(guard_dog.c는 #9954에 있음)
9972	이식	U-statchange-9730	9730	S	fix	N	N	~0	#9730이 EFFECT_GEOMANCY를 통합 스탯 변화 효과로 합치면서 빠진 twoTurnEffect와 GetNumPositive/NegativeStats 루프 시작값 버그를 고치는 후속 수정. #9730 unit에서 함께 적용한다.	HnS src/data/battle_move_effects.h:1833-1838 [EFFECT_GEOMANCY]에 이미 .twoTurnEffect = TRUE(별도 BattleScript_EffectGeomancy, 현재 버그 없음). battle_stat_change.c는 HnS에 없음. upstream 06af60e669	#9730 없이 적용 불가. 테스트 geomancy.c는 apply ok, MESSAGE 의존 없음
9982	동등	U-9982	-	S	fix	Y	N	~0	추가 작업 없음. 한글 문장을 유지한다. #9655 이식 시에도 이 문자열은 현재 한글 문장을 그대로 둔다.	HnS src/battle_message.c:488 STRINGID_PKMNSXINFATUATEDY = "{B_ATK_NAME_WITH_PREFIX}{B_TXT_EUNNEUN}\n헤롱헤롱해졌다!"로 이미 수정 후 형태(ATK_NAME_WITH_PREFIX, 팝업 뒤 "헤롱헤롱해졌다"). upstream 88dc92fd34는 #9655(32fcd64868)가 넣은 {B_ATK_NAME_WITH_PREFIX2}를 PREFIX로 되돌린 것	battle_message.c만 수정하는 PR이라 코드 이식 대상 없음. 테스트 없음
9983	이식	U-accuracy-9939	9939,9657	M	fix	Y	N	+60B	#9939(명중 판정 canceler 통합)·#9657(DamageContext/cv) 이식 후 같은 unit에서 적용. 연속기 중간 빗나감 처리를 Cmd_resultmessage(#9937 master 판)에서 CancelerAccuracyCheck로 옮기고 BattleScript_BattlerAvoidedMultiHit(STRINGID_BATTLERAVOIDEDATTACK→STRINGID_HITXTIMES)를 추가, 테라셸 판정을 CancelerTargetFailure로 옮긴다. STRINGID_BATTLERAVOIDEDATTACK 한글은 #9939에서 기존 STRINGID_PKMNAVOIDEDATTACK 한글 문장("…에게는 맞지 않았다!")의 토큰만 B_SCR로 바꿔 추가하고, HITXTIMES("{B_BUFF1}번 맞았다!")는 그대로 쓴다.	HnS src/battle_script_commands.c:1996-2001 Cmd_resultmessage 연속기 빗나감 분기(#9937 적용 전 형태), src/battle_util.c:324-334 ShouldTeraShellDistortTypeMatchups가 static 구 시그니처, CancelerAccuracyCheck·STRINGID_BATTLERAVOIDEDATTACK 없음(#9939 12d872e6a7에서 생성). upstream fba9e90a04	연속기가 도중에 빗나가면 "맞지 않았다!" 뒤 "N번 맞았다!"가 나오는 출력 변화(본가 사양, HnS 사용자 지정 목록 밖). #9937을 먼저 넣으면 이 PR에서 그 분기를 제거. 테스트 tera_shell.c ok, rocky_helmet.c FAIL(#9937 테스트 선행)
9988	이식	U-dancer-9988	9417,9784	L	fix	N	N	+150B	독립 hunk는 먼저 적용 가능: MoveEndFaintBlock 상태 재배열(원한→길동무 순, tryDestinyBond/tryGrudge 제거·FaintBlockStates 이동), 페인트가 방어 해제 시 consecutiveMoveUses=0, 트레이스 traceActivated 휘발 플래그와 특성가드 처리, CanStealItem의 풍선 예외 제거, 방어 연속 실패 확률을 정수 1/N 판정으로 변경. 댄서 순서(B_DANCER_ORDER, gBattlersBySpeed/gBattlersByRawSpeed)는 #9417(TryDancer 통합)·#9784 이후, 탈출버튼/팩의 프리폴 예외와 TryRedCard 인자 정리는 #9494/#9784 이후 적용. B_DANCER_ORDER는 GEN_LATEST(HnS=Champions)로 두어 Gen8+ 순서를 쓴다. 문자열 변화 없음(원한·길동무 기존 한글 문구 순서만 upstream 사양대로 바뀜).	HnS include/constants/battle_script_commands.h:387-396 구 FaintBlockStates, include/battle.h:704-705 tryDestinyBond/tryGrudge, src/battle_move_resolution.c:2576-2643 구 FaintBlock, :3841-3877 MoveEndDancer가 원시 speed 비교로 최저속부터, src/battle_util.c:3098-3105 TRACE가 특성가드면 즉시 break·traceActivated 없음, :9531 CanStealItem 풍선 예외, :11151-11170 sProtectSuccessRates, src/battle_script_commands.c:2918-2930 MOVE_EFFECT_FEINT에 consecutiveMoveUses 초기화 없음. upstream 140940d3f2	18파일, 10개 FAIL. 원한·길동무 동시 발동 시 메시지 순서가 바뀌는 출력 변화(본가 사양). 방어 판정 RNG 방식 변경은 녹화/테스트 RNG에 영향. 후속 #10024와 같은 unit. 테스트 dancer/pickpocket/trace/protect ok, dynamax/grudge/sky_drop FAIL, MESSAGE 12줄 의존
10024	이식	U-dancer-9988	9988	S	fix	N	N	~0	#9988이 만든 traceActivated 플래그를 RemoveAbilityFlags에서 지우는 1줄 후속 수정. #9988과 같은 unit에서 적용한다.	HnS src/battle_util.c RemoveAbilityFlags에 traceActivated 없음(플래그 자체가 HnS에 없음, include/constants/battle.h VolatileFlags에 VOLATILE_TRACE_ACTIVATED 없음). upstream 330514935b	battle_util.c apply ok지만 #9988 없으면 컴파일 불가. 테스트 trace.c·protect.c는 #9988 테스트 선행(FAIL), MESSAGE 2줄 의존
10032	이식	U-statchange-9730	9730	S	fix	N	N	~0	#9730의 CheckSpecificMoveCondition(뻐기기/마이페이스)이 Ret 스크립트를 moveScript로 지정해 생긴 소프트락 수정. #9730 unit에서 BattleScript_OwnTempoPrevents로 1줄 교체한다. 마이페이스 한글 문구·팝업은 기존 스크립트 그대로.	HnS에는 battle_stat_change.c 없음. 뻐기기+마이페이스는 스크립트 기반 BattleScript_OwnTempoPrevents(data/battle_scripts_1.s)로 처리되어 현재 버그 없음. upstream 5315a0c0cf	#9730 없이 FAIL. 테스트 swagger.c ok, MESSAGE 의존 없음
10034	이식	U-statchange-9730	9730,9859,10035	S	fix	Y	N	~0	빗나감 부분(MoveEndAbsorb)은 #10035(master)와 같으므로 #10035로 먼저 반영하고, 나머지 CheckSpecificMoveCondition의 흡수(Strength Sap) 실패 문구용 PREPARE_STAT_BUFFER(STAT_ATK) 1줄을 #9730 unit에서 넣는다. MoveEndAbsorb의 cv-> 표기는 #9859 이식 후 형태.	HnS src/battle_move_resolution.c:2244-2245 MoveEndAbsorb(cv 없음, #10035 미적용), battle_stat_change.c 없음. upstream e0daacbbe5(1.16.0 upcoming 판)	battle_move_resolution.c·battle_stat_change.c FAIL. "능력이 더 이상 떨어지지 않는다" 문구의 {B_BUFF1}이 공격으로 채워지는 수정(문자열 변경 없음). 테스트 strength_sap.c ok, MESSAGE 의존 없음
10064	이식	U-battlemsg-9655	9655	S	fix	Y	N	~0	IsNonVolatileStatusBlocked에서 gBattleScripting.battler = battlerDef를 특성 여부와 무관하게 설정하는 1줄 수정(그대로 적용 가능). #9655가 "이미 ~ 상태" 문구 일부를 {B_SCR_…}로 바꾼 데 따른 후속이므로 #9655 unit에 둔다. HnS 한글 문장({B_DEF_NAME_WITH_PREFIX} 사용)은 바꾸지 않는다.	HnS src/battle_util.c:5620-5632 IsNonVolatileStatusBlocked가 특성일 때만 gBattleScripting.battler 설정. HnS 한글 src/battle_message.c:222,227,241,524 "이미 …" 문구는 모두 {B_DEF_NAME_WITH_PREFIX}(현재 이 경로로는 오표시 없음). 1.17.0은 STRINGID_PKMNALREADYPOISONED만 {B_SCR_…}. upstream 3ed1ce5570	battle_util.c apply ok. HnS 문자열이 B_DEF라 현재는 무동작 변경이지만 1.17.0 엔진 코드와 맞추기 위해 이식. 테스트 burn/toxic/sleep/check_bad_move ok, paralysis.c FAIL(#9929 테스트 선행), MESSAGE 5줄 의존
10059	이식	U-12v12-8943	8943,10051	M	fix	N	N	+80B	#8943(PARTY_LAYOUT_MULTI_FULL_PARTNER·gPartiesCount)과 #10051(B_TRAINER_PARTNER 등 이름) 이식 후 같은 unit에서 적용. 파트너 파티 화면 커서 이동을 파트너 파티 수 기준으로, 레이아웃 전환 시 slotId 초기화, DoSpecialTrainerBattle에서 CalculatePartnerPartyCount 호출. TESTING 전용 함수는 테스트 러너용.	HnS에 PARTY_LAYOUT_MULTI_FULL·gPartiesCount·B_TRAINER_PARTNER 없음(include/src grep 0건, 12v12 이전 구조라 해당 버그 없음). upstream ab493b500e	12v12 전용 후속. party_menu.c·pokemon.c·pokemon.h FAIL. 테스트 test/party_menu.c ok(Test_ 함수 필요), MESSAGE 의존 없음
10039	이식	U-12v12-8943	8943,10051,10059	M	fix	N	N	+100B	#8943 이식 후 같은 unit에서 적용. 12v12 판 NoAliveMonsForPlayer(플레이어+파트너 파티 전멸 판정, 풀팀 멀티 조기 반환), CB2_InitBattleInternal의 멀티 파트너 콜백 조건 정리와 CalculatePartnerPartyCount 호출, B_MULTI_BATTLE_WHITEOUT의 GetConfig화(config_changes.h 항목)를 가져온다. HnS 멀티배틀(인게임 파트너) 전멸 조건이 기존과 같게 유지되는지 Gen4+ 설정(GEN_LATEST)으로 확인한다.	HnS src/battle_script_commands.c:4524-4544 NoAliveMonsForPlayer가 gPlayerParty 기반 구버전(12v12 이전, 앞 3칸 기준 집계), include/config/battle.h:371 B_MULTI_BATTLE_WHITEOUT GEN_LATEST(컴파일 타임 매크로). gParties/gPartiesCount 없음. upstream 0534ecd7eb	4/5 파일 FAIL. 멀티배틀 전멸 판정은 HnS 실기 검증 대상(목호 등 파트너 배틀). 테스트 multi_battle_whiteout.c ok(466줄 대부분 테스트), MESSAGE 의존 없음
10072	동등	U-10072	-	S	fix	N	N	~0	추가 작업 없음(테스트 spicy_spray.c만 선택 이식).	HnS src/battle_util.c:4345-4350 ABILITY_SPICY_SPRAY 조건에 !IsFutureSightAttackerInParty(gBattlerAttacker, gBattlerTarget, gCurrentMove)가 이미 있음. battle_util.c git apply -R --check 성공. upstream c1788c2499	테스트 spicy_spray.c는 HnS 테스트 파일과 context가 달라 FAIL, MESSAGE 의존 없음
10074	이식	U-statchange-9730	9730	S	fix	Y	N	+60B	#9730이 만든 StatChangeSubstitute 경로의 중복 실패 문구 수정. #9730 unit에서 ShouldSkipStatChangeResolution을 추가한다. 문자열 변화 없음(중복 출력 제거).	HnS에 StatChangeSubstitute·ShouldSkipStatChangeOnBattler 없음(#9730 eb4e4d62f5 도입). 능력 변화기는 구 Cmd_statbuffchange 스크립트 경로로 처리되어 현재 버그 없음. upstream cf3aac7e35	#9730 없이 FAIL. 테스트 electrify.c FAIL(선행 테스트 필요), MESSAGE 1줄 의존
10077	이식	U-statchange-9730	9730	S	fix	Y	N	+20B	#9730의 DecreaseStat가 최저 단계에서도 tryadrenalineorb/오기·승기 판정이 붙은 스크립트를 쓰던 회귀 수정. #9730 unit에서 BattleScript_DecreaseStatChangeMessageMinStat(printfromtable gStatDownStringIds만)를 추가해 최저 단계 문구 뒤 발동을 막는다. 기존 한글 "더 이상 떨어지지 않는다" 문구 재사용.	HnS는 src/battle_util.c:1270-1278 PrepareStringBattle에서 STRINGID_DEFENDERSSTATFELL일 때만 오기·승기 발동, 최저 단계면 STATSWONTDECREASE라 발동 안 함(현재 버그 없음). battle_stat_change.c·tryadrenalineorb 명령 없음. upstream cfb7bb2c5c	#9730 없이 FAIL. #9730 이식 시 HnS의 PrepareStringBattle 기반 오기·승기 트리거가 대체되므로 이 수정이 필수. 테스트 defiant.c ok, competitive/adrenaline_orb FAIL, MESSAGE 2줄 의존
10079	동등	U-10079	-	S	fix	N	N	~0	추가 작업 없음. AI_GetAdjustedStatStage(Growth 햇빛 +2) hunk는 #9730이 만든 함수라 #9730 이식 시 1.17.0 판(GetAttackerWeather(holdEffect, ability, weather) & B_WEATHER_SUN)으로 함께 들어온다.	HnS src/battle_ai_util.c:5518-5523 AI_CanContactBypassProtect가 이미 UNSEEN_FIST && PIERCING_DRILL 수정판, include/battle_ai_util.h:167 선언, battle_ai_main.c:2508·battle_ai_util.c:2366 호출. src/battle_util.c:10601-10607 CanMoveSkipAccuracyCalc·:10651-10654 GetTotalAccuracy가 GetAttackerWeather(attacker) 기반. include/battle_ai_util.h git apply -R --check 성공. upstream f2781217a3	AI_GetAdjustedStatStage는 HnS에 없음(#9730 eb4e4d62f5 도입). 테스트 mega_sol.c는 HnS 테스트와 context 차이로 FAIL, MESSAGE 1줄 의존
10088	이식	U-statchange-9730	9730,9657	M	fix	N	N	+80B	#9730의 statStageQueue(2) 잔류값 회귀 수정. #9730 unit에서 ClearBothStatChangeQueues를 추가해 HandleAction_UseMove에서 호출하고, AbsorbedByStatIncreaseAbility를 DamageContext 인자로 바꿔 runScript일 때만 SetStatChange한다(#9657 DamageContext 명칭 전제).	HnS에 include/battle_stat_change.h·SetStatChange·statStageQueue 없음. HnS AbsorbedByStatIncreaseAbility(battlerDef, abilityDef, statId, statAmount)는 구 방식(src/battle_util.c)이라 현재 해당 누수 없음. upstream 5f7ebb03bd	#9730 없이 FAIL. 테스트 stat_change_leaks.c ok(신규), MESSAGE 의존 없음
10091	이식	U-statchange-9730	9730	M	fix	N	N	+40B	IsTargetingSelfOrAlly hunk(대상이 gBattlerTarget일 때만 실패 검사, 나머지는 NO_EFFECT)는 HnS 구조에 그대로 먼저 넣을 수 있다(HnS는 MOVE_RESULT_NO_EFFECT 상수 사용). 지압 스탯 선택을 StatChangeCanAnyChange 단계의 TryAcupressureStatChange로 옮기는 부분은 #9730의 StatChange* 구조 전제라 #9730 unit에서 적용한다.	HnS src/battle_move_resolution.c:683-695 IsTargetingSelfOrAlly가 구 판(자기 지정 시 파트너도 checkFailure 대상), :734 TARGET_USER_OR_ALLY에 연결. StatChangeBeforeChange/StatChangeCanAnyChange는 HnS에 없음(#9730). upstream 6b54a25997	더블에서 자기에게 지압을 쓸 때 파트너가 실패 판정에 끼는 문제는 HnS에서 재현 미확인(불확실). 후속 #10636·#10645(지압 상대 지정, g2)와 연관. 테스트 acupressure.c ok, MESSAGE 의존 없음
10102	이식	U-12v12-8943	8943,10051	S	fix	N	N	~0	#8943이 GetBattlerTrainer를 컨트롤러 기반으로 바꾼 뒤 생긴 링크 싱글/더블 파티 오류 수정. #8943 unit에서 적용: 링크면 컨트롤러로 판정하되 상대는 MULTI일 때만 OPPONENT_B.	HnS src/battle_controllers.c:3305-3325 GetBattlerTrainer가 위치 기반 구버전(링크 분기 없음, B_TRAINER_0~3 이름)이라 현재 해당 버그 없음. upstream d8f3349d6f(B_TRAINER_OPPONENT_A 등은 #10051 이름)	#8943 없이 FAIL. 링크 배틀 전용. 테스트 없음
10105	동등	U-10105	-	S	fix	N	N	~0	추가 작업 없음.	HnS src/battle_controllers.c:2162-2173 Controller_WaitForHealthBar가 이미 GetMonData(GetBattlerMon(battler), MON_DATA_MAX_HP)를 maxHP로 사용(주석 포함). upstream 9099db9744와 같은 수정	upstream 줄 끝 공백 등 표기 차이로 양방향 FAIL. 테스트 없음
10149	동등	U-battlemsg-9655	-	S	fix	Y	N	~0	HnS에는 적용하지 않는다(문자열·gFlashFireStringIds 매핑 유지). upstream 매핑 변경을 그대로 넣으면 HnS가 스위트베일 수면 방지 문장으로 재정의한 STRINGID_PKMNSXMADEITINEFFECTIVE가 타오르는불꽃에서 출력되므로 금지. 단 #9655 이식 때 upstream이 STRINGID_PKMNSXMADEYINEFFECTIVE를 "도구를 뺏을 수 없다" 용도로 바꾸므로, 그 unit에서 타오르는불꽃 no-boost가 계속 "…에게는 효과가 없는 것 같다..." 한글 문장을 가리키도록 ID를 분리(새 ID 추가 또는 기존 ID 유지)해야 한다.	HnS src/battle_message.c:1410 gFlashFireStringIds[B_MSG_FLASH_FIRE_NO_BOOST]=STRINGID_PKMNSXMADEYINEFFECTIVE, :489 그 한글 = "{B_DEF_NAME_WITH_PREFIX}에게는\n효과가 없는 것 같다..."로 이미 무효 문구 출력. :522 MADEITINEFFECTIVE는 HnS 스위트베일 전용 문장(BATTLE_MESSAGE_OUTPUT_CHANGES 스위트베일 항목, 호출 src/battle_util.c:5536·battle_script_commands.c:15090·data/battle_scripts_1.s:2265,3858). upstream 41467c049e는 #9655(32fcd64868)가 두 문자열을 "item cannot be removed"로 바꾼 회귀의 수정	보고서 6절(#10149+#9916 스위트베일 문구) 충돌 항목. HnS 자체 잠재 문제: data/battle_scripts_1.s:3469 텔레포트 BATTLE_RUN_FAILURE 경로가 이 ID(수면 문장)를 출력할 수 있음(Gen7 판정 경로, 별도 확인 필요). 테스트 4개 영문 MESSAGE 5줄 의존
10144	외부결정	U-accuracy-9939	9939,9657,9983	M	fix	Y	N	-100B	사이코필드>매직미러 판정 순서(CanPsychicTerrainProtectTarget를 protect/bounce 앞 분기로 분리, CanMoveBeBlockedByTarget 재배열, IsPowderMoveBlocked 공개, AI_CanMoveBeBlockedByTarget 재구성)는 메시지 영향 없이 이식한다. 면역(효과 없음) 판정·문구를 canceler 단계로 옮기고 STRINGID_ITDOESNTAFFECTTWOFOES 경로를 없애는 부분은 선택지 A/B/C 중 사용자 결정 후 적용. 어느 경우에도 한글 문자열 본문은 삭제·수정하지 않는다(ID 미사용화만 허용).	HnS src/battle_script_commands.c:2093-2115 Cmd_resultmessage MOVE_RESULT_DOESNT_AFFECT_FOE 더블 분기에서 STRINGID_ITDOESNTAFFECTTWOFOES(:2100) 출력, src/battle_message.c:884 한글 "…와 …에게는 효과가 없는 것 같다…", include/constants/battle_string_ids.h:693, src/battle_tv.c:187. src/battle_util.c:2384-2390 CanMoveBeBlockedByTarget이 사이코필드를 흡수/프랭크스터와 함께 판정, src/battle_move_resolution.c:1743-1840 CancelerTargetFailure는 상성 0이면 문구 없이 통과(결과 메시지 단계에서 출력). BATTLE_MESSAGE_OUTPUT_CHANGES "…TWOFOES 계열(Champions 이식)" 항목. upstream 9e4eb2648c	선택지 A(전체 이식): 효과 없음 문구가 공격 연출 전 대상별로 출력, 더블 범위기 양쪽 면역 시 TWOFOES 1문장→대상별 2문장으로 바뀜(1.17.0과 동일, HnS 사용자 지정 출력 변경). 선택지 B(부분 이식): 사이코필드 순서·AI만 이식, 면역 문구는 현행 결과 메시지 단계+TWOFOES 유지(출력 불변, 1.17.0과 타이밍 차이 잔존→#10315·#10606 등 후속 적응 부담). 선택지 C(적응 이식): canceler 단계로 옮기되 두 대상 모두 면역이면 TWOFOES를 1회 출력하는 HnS 전용 집계 추가(순서는 1.17.0, 문구는 HnS 유지, +수백 B). 테스트 9개 중 trainer_slides.c만 FAIL, MESSAGE 9줄 의존
10161	이식	U-10161	9942,9494,9730	L	fix	N	N	+150B EWRAM+4B(이전 이식 시)	SpecialStatus.attackerInParty 비트를 도입해 파티에 있는 미래예지 시전자에 대해 GetBattlerAbility/HoldEffect가 NONE을 돌려주게 하고, 접촉·반응 특성(저주받은바디·미라·끈적임·까칠한피부·유폭·내용물분출·포자·독/정전기·불꽃몸·헤롱바디·스파이시스프레이 등)과 나쁜손·친밀도에 attackerInParty 검사를 넣으며, BattleScript_FutureAttackEnd를 setadditionaleffects+moveendall로 바꾼다. IsFutureSightAttackerInParty는 battle_end_turn.c static으로 이동. 조개껍질방울/생명의구슬 조건 정리, CancelerMultihitMoves의 종족 전용 타수 우선 순서도 포함. SpecialStatus의 changedStatsBattlerId/statLowered 제거는 #9730 이후에만 가능하므로, #9730 전에 넣으면 attackerInParty를 별도 비트로 추가(HnS SpecialStatus 패딩은 #10047·#10231이 소진 → 1바이트 증가). 번들 A #10344 부분 이식분(잭·로플열매·저주받은바디)과 중복되는 조건은 attackerInParty로 통합한다.	HnS include/battle.h:102-118 SpecialStatus에 u8 changedStatsBattlerId·statLowered 존재, attackerInParty 없음. src/battle_util.c IsFutureSightAttackerInParty를 Spicy Spray(4349)·Innards Out(4101)·CalculateMoveDamage(8347)에서 호출, data/battle_scripts_1.s BattleScript_FutureAttackEnd가 moveendcase 나열 구조. notOnField(#9494) 없음. upstream 59d808e3d6	7/8 파일 FAIL. #10344(g2·번들 A 부분 적용)·#10647(미래예지 배틀러 복원, g2)과 같은 영역. 테스트 future_sight.c FAIL(#9942 테스트 선행), MESSAGE 2줄 의존
10169	이식	U-10169	-	M	fix	N	N	+40B	HandleEndTurnPoison을 수정판 구조로 바꾸되 HnS의 IsBattlerAlive 검사(upstream은 #9494의 IsBattlerPresent)를 유지하고, 매직가드·포이즌힐일 때도 맹독 카운터를 올린다. HnS가 문구를 뺀 BattleScript_PoisonHealActivates(팝업+회복만)는 건드리지 않는다. EmergencyExitCanBeTriggered(battler, ability) 시그니처 변경은 호출 4곳(battle_end_turn.c:191, battle_move_resolution.c:3463, battle_switch_in.c:248, 선언)에 맞춘다. Floette 영원의꽃 폼 테이블은 이미 반영됨.	HnS src/battle_end_turn.c:472-507 HandleEndTurnPoison이 매직가드면 전체 건너뛰고 포이즌힐 분기에서 카운터 증가 없음(버그 존재). include/battle_util.h:392 EmergencyExitCanBeTriggered 1인자. src/data/pokemon/form_change_tables.h Floette hunk는 git apply -R --check 성공(이미 적용). upstream 36546d3b2b	battle_end_turn.c·battle_move_resolution.c·battle_util.h FAIL(context), battle_util.c·battle_switch_in.c ok. 테스트 poison_heal.c ok, MESSAGE 의존 없음
10186	이식	U-10186	-	M	fix	N	N	+60B heap+4B	gBattleStruct에 u8 faintCounter[MAX_BATTLE_TRAINERS]를 추가하고 SetValuesOnFaint로 Cmd_tryfaintmon·MoveEndFaintBlock의 기절 처리 중복을 통합한다. 최고지휘관·성묘는 GetBattlerTrainer(battler) 기준 카운터 사용. HnS GetBattlerTrainer는 위치 기반(12v12 이전)이지만 멀티배틀에서 플레이어/파트너를 구분하므로 그대로 동작. #9988(FaintBlock 재배열)과 같은 함수를 고치므로 순서를 맞춘다.	HnS src/battle_util.c:2297-2304 GetBattlerSideFaintCounter(진영 합산)을 :3599 SUPREME_OVERLORD·:6648 LAST_RESPECTS에서 사용, 기절 처리가 src/battle_move_resolution.c:2603 부근과 src/battle_script_commands.c:3926 부근에 중복. include/constants/battle.h:53 MAX_BATTLE_TRAINERS 존재. upstream 104b0db1ad	battle.h·battle_script_commands.c ok, 나머지 context FAIL. 멀티배틀(파트너 동행)에서만 결과 차이. heap +4B. 테스트 supreme_overlord.c·last_respects.c·last_resort.c ok, MESSAGE 2줄 의존
10216	이식	U-statchange-9730	9730	S	fix	N	N	~0	#9730이 저주를 cursetarget→BattleScript_CurseStatChange 구조로 합치며 생긴 애니메이션 턴 오류 수정. #9730 unit에서 Cmd_cursetarget에 animTurn 설정 2줄을 넣고 스크립트의 setbyte sB_ANIM_TURN 0을 지운다. 주석 2줄은 무해.	HnS data/battle_scripts_1.s:3158-3185 BattleScript_EffectCurse가 구 구조(비고스트 경로에서 setbyte sB_ANIM_TURN 1, 고스트 경로 별도), src/battle_script_commands.c:9252-9266 Cmd_cursetarget에 타입 분기 없음(현재 버그 없음). BattleScript_CurseStatChange는 #9730(eb4e4d62f5) 도입. upstream 291ae7c48b	#9730 없이 FAIL. 테스트 없음
10227	이식	U-10227	-	S	fix	N	N	~0	FIRST_EVENT_BLOCK_SEA_OF_FIRE_DAMAGE에 불꽃 타입·매직가드 면제를 그대로 추가한다(side 변수 HnS에 있음). 불바다 피해 문구는 기존 것.	HnS src/battle_end_turn.c:319-323 불바다 피해가 진영 조건만 검사(불꽃 타입·매직가드도 피해). upstream bea3a3ac4f	소스 ok. 테스트 pledge.c ok, MESSAGE 1줄 의존
10229	이식	U-10229	-	S	fix	N	N	~0	DoesOHKOMoveMissTarget의 SURE_HIT 조건에 gBattleMons[battlerDef].volatiles.glaiveRush를 그대로 추가한다(HnS도 cv 판).	HnS src/battle_util.c:10756 DoesOHKOMoveMissTarget(cv 판) SURE_HIT 조건에 glaiveRush 없음. upstream 6ff70bd01b	소스 ok. 테스트 glaive_rush.c ok, MESSAGE 의존 없음
10226	이식	U-10226	9446	M	fix	Y	N	+120B	AI 2 hunk(AI_CheckBadMove 사이코시프트 조건, GetSwitchinStatusDamage 괄호 버그)와 Synchronoise 조건 정리는 먼저 독립 이식한다. BS_TryPsychoShift의 CanSetNonVolatileStatus(CHECK_TRIGGER) 전환·잠듦 클로즈 검사, 스크립트의 jumpifsubstituteblocks 추가는 HnS 구조에 바로 적용 가능. waitstate+trysynchronize와 TrySynchronizeActivation은 #9446(싱크로 리팩터) 이식 후 추가한다. HnS가 바꾼 치료 문구 출력(curestatus 뒤 printfromtable gStatusCureStringIds, upstream은 gCureStatusStringIds)은 그대로 두고 그 앞에만 삽입한다.	HnS data/battle_scripts_1.s:1280-1300 BattleScript_EffectPsychoShift(대타 검사 없음, :1297 gStatusCureStringIds 상태별 치료 문구), include/battle_util.h:354 CanSetNonVolatileStatus·:377 IsSleepClauseActiveForSide 존재, trysynchronize 매크로·TrySynchronizeActivation 없음(#9446 0c20d91508 도입). upstream 87fe791be7	스크립트·battle_script_commands.c FAIL(HnS 치료 문구 변경 context), AI 2파일 ok. 대타 상대에게 사이코시프트가 실패하는 동작 변화(본가 사양). 테스트 psycho_shift.c ok, MESSAGE 의존 없음
10231	이식	U-10231	10169	M	fix	N	N	+40B	SpecialStatus에 shellBellEmergencyExit 1비트(HnS padding2 잔여 비트 사용)를 추가하고, TryShellBell 회복 직전 위기회피 조건을 기록, EmergencyExitCanBeTriggered에 OR 조건 추가, SwitchInClearSetData·FaintClearSetData에서 초기화한다. HnS에는 queuedSwitch 줄이 없으므로 초기화 줄만 수동 삽입. 조개껍질방울 아이템 팝업(BattleScript_ItemHealHP_Ret)은 그대로.	HnS src/battle_hold_effects.c:538-552 TryShellBell에 위기회피 기록 없음, src/battle_util.c:10332-10344 EmergencyExitCanBeTriggered가 HadMoreThanHalfHpNowDoesnt만 검사(회복 후 판정 누락), include/battle.h:118 padding2:2. upstream 1957e20a68	전 파일 FAIL(context: #10169 시그니처·queuedSwitch). #10047과 패딩 공유 → 두 PR 후 SpecialStatus 패딩 0(크기 불변). 테스트 emergency_exit.c FAIL(#9494 테스트 선행), MESSAGE 의존 없음
10219	이식	U-10219	-	S	fix	N	N	~0	GetMoveBattleStyle의 대폭발 계열 스타일을 FACTORY_STYLE_HIGH_RISK로 1줄 바꾼다(그대로 적용).	HnS src/battle_factory.c:565 GetMoveBattleStyle에서 IsExplosionMove가 FACTORY_STYLE_SLOW_STEADY 반환(apply --check ok). upstream 6c02f93ad7	배틀팩토리 상대 스타일 표시(한글 UI 문구 선택)에만 영향. 테스트 없음
10185	이식	U-statchange-9730	9730,9784	M	fix	N	N	+60B	#9730 unit에서 적용: STAT_CHANGE_MIRROR_HERB/OPPORTUNIST 플래그와 StatChange 비트를 추가해 거울허브·편승이 서로의 복사 상승에 재반응하지 않게 하고, 이미 최대 단계인 스탯은 큐에 넣지 않으며, activateOpportunist를 1비트 불리언으로 바꾼다. HnS 거울허브 아이템 팝업·STRINGID_MIRRORHERBCOPIED 한글 출력 스크립트는 그대로. #9730 이전에 급히 고치려면 HnS 구 Cmd_statbuffchange(battle_script_commands.c:8026-8045)에 같은 조건을 수동으로 넣을 수 있다.	HnS src/battle_script_commands.c:8026-8045 Cmd_statbuffchange의 거울허브/편승 큐 로직이 같은 버그(다른 거울허브 복사에 재반응, 최대 단계 무시), src/battle_util.c:4674 activateOpportunist == 2. battle_stat_change.c 없음. upstream 722197022a	9개 중 8개 파일 FAIL. #9784(MOVEEND_ITEM_ON_STAT_CHANGE)와 같은 흐름. 테스트 mirror_herb.c ok, MESSAGE 의존 없음
10263	이식	U-10263	-	M	fix	N	N	+40B	SetFinalChosenTarget(battler, partner)을 battle_controllers.c 끝에 추가하고(12v12 함수 TrainerHasParty 옆이 아니라 HnS 파일 끝, 선언은 battle_controllers.h에 수동 삽입), OpponentHandleChooseMove·PlayerPartnerHandleChooseMove의 대상 결정/기믹 분기를 이 함수 호출로 교체, IsAIUsingGimmick 삭제. TARGET_FIELD/ALL_BATTLERS/USER_OR_ALLY 처리와 TARGET_BOTH의 생존 검사가 추가된다. HnS 테스트용 공백 차이는 무시.	HnS src/battle_controller_opponent.c:435-490 OpponentHandleChooseMove가 TARGET_USER/ALLY/BOTH만 보정(TARGET_FIELD·USER_OR_ALLY 미처리, BOTH는 gAbsentBattlerFlags 기준), src/battle_controller_player_partner.c PlayerPartnerHandleChooseMove 동일 구조, SetFinalChosenTarget 없음. upstream 14bf5f645e	battle_controllers.h·battle_controllers.c·opponent.c FAIL(12v12 선언·#10105 공백 context), AI util·partner ok. 더블배틀 AI 기술 대상 결정이 바뀜(실기 검증 대상). 테스트 ai.c·trick_room.c ok, MESSAGE 의존 없음
10272	이식	U-10272	-	S	data	N	N	-12B	form_change_tables.h의 따라큐(일반·토템)·빙큐보 FORM_CHANGE_FAINT 3줄을 그대로 삭제한다(기절 후 부활해도 Busted/Noice 유지, 전투 종료 시 복귀는 END_BATTLE로 유지). HnS 전용 종·폼 테이블은 건드리지 않는다.	HnS src/data/pokemon/form_change_tables.h:1618 sMimikyuFormChangeTable·Totem 테이블·:1949 sEiscueFormChangeTable에 FORM_CHANGE_FAINT 존재(apply --check ok). upstream e4fdd7fd05	소스 ok. 테스트 revive.c ok, ai_switching.c·revival_blessing.c FAIL(선행 테스트 필요), MESSAGE 5줄 의존
10287	이식	U-statchange-9730	9730	M	fix	Y	N	~0	#9730이 토템 부스트 흐름을 공격자(gBattlerAttacker) 기준으로 바꾼 뒤 STRINGID_AURAFLAREDTOLIFE의 대상 토큰이 틀어진 회귀 수정. HnS 한글 문장("{B_DEF_NAME_WITH_PREFIX}{B_TXT_EUNNEUN}\n오라에 둘러싸였다!")은 그대로 두고, #9730 이식 시 토템 부스트 경로에서 gBattlerTarget도 토템 배틀러로 설정해 {B_DEF_…}가 맞게 나오도록 적응한다(토큰을 B_ATK로 바꾸는 방식은 한글 문자열 수정이라 피함).	HnS src/battle_message.c:721 한글 {B_DEF_NAME_WITH_PREFIX}, src/battle_script_commands.c:14780-14802 gettotemboost가 gBattlerTarget = battler 설정 후 BattleScript_TotemFlaredToLife(data/battle_scripts_1.s:7582-7587)로 가므로 현재 정상. upstream 6a62655b28은 #9730(eb4e4d62f5) 이후 영문 토큰을 B_ATK로 변경	battle_message.c만 수정하는 PR이지만 원인이 #9730이라 그 unit에서 코드 쪽으로 적응. 테스트 없음
10289	이식	U-10289	-	M	fix	N	N	~0	VOLATILE_WRAPPED_BINDING_BAND 휘발 비트를 추가하고 SetWrapTurns에서 조임밴드 여부를 기록, HandleEndTurnWrap은 이 비트로 피해량을 정한다. HnS VolatileFlags의 VOLATILE_UNUSED(1비트 패딩) 자리를 재사용하면 BattlePokemon 크기가 늘지 않는다.	HnS src/battle_end_turn.c:620 HandleEndTurnWrap이 GetBattlerHoldEffect(wrappedBy)로 판정(조임밴드 보유자가 교체·무효화되면 피해 감소), include/constants/battle.h:188-190 WRAPPED_MOVE 다음에 VOLATILE_UNUSED 존재. upstream 7301d297ce	battle_end_turn.c FAIL(context), constants·battle_util.c ok. 세이브 영향 없음(전투 중 구조체). 테스트 binding_band.c ok, MESSAGE 의존 없음
10288	이식	U-10288	10231	M	fix	N	N	~0	TryEjectButton·탈출팩 판정·EmergencyExitCanBeTriggered에 !IsPursuitTargetSet() 조건을 넣는다. HnS는 #9784 전 구조라 탈출팩은 CanEjectPackTrigger(battle_move_resolution.c:3681)에 넣고, queued switch/프리폴 줄 없이 수동 삽입. #9784 이식 시 TryEjectPack으로 옮겨진다.	HnS src/battle_move_resolution.c TryEjectButton(3362 부근)·:3681-3691 CanEjectPackTrigger, src/battle_util.c:10332-10344 EmergencyExitCanBeTriggered 모두 IsPursuitTargetSet 검사 없음. IsPursuitTargetSet(include/battle_util.h:383) 존재. upstream 00ed3c8de0	전 파일 FAIL(context: #9784·#10231). 교체 중인 상대에게 따라가때리기가 맞았을 때 탈출버튼·탈출팩·위기회피가 발동하지 않게 됨. 테스트 pursuit.c ok, MESSAGE 의존 없음
10278	이식	U-10278	9858	M	fix	N	N	~0	SetMoveEffect MOVE_EFFECT_INCINERATE의 쥬얼 판정을 GetItemHoldEffect(gBattleMons[gEffectBattler].item)으로 1줄 수동 교체(HnS는 FIRST_BERRY_INDEX 범위·gEffectBattler 표기 유지). moves_info.h 코어퍼니셔 .target을 TARGET_BOTH로 바꾸되 같은 항목의 한글 .name/.description은 건드리지 않는다.	HnS src/battle_script_commands.c:2963-2966 INCINERATE가 GetBattlerHoldEffect(gEffectBattler)(특성·매직룸 영향), src/data/moves_info.h:16770-16779 코어퍼니셔(한글 이름) .target = TARGET_SELECTED. upstream 82b10d7c0e	battle_script_commands.c FAIL(베리 판정 표기 차이), moves_info.h ok. #9858(코어퍼니셔 기절 대상 억제)과 함께 검증 권장. 테스트 5개 ok, MESSAGE 의존 없음
10175	이식	U-statchange-9730	9730	S	fix	N	N	~0	#9730이 베놈트랩·기어업·자기장조작·유혹을 통합 효과(EFFECT_STAT_CHANGE_ON_STATUS 등)+moves_info argument로 바꾼 뒤 생긴 회귀 수정. #9730 unit에서 CancelerMoveEffectFailureTarget의 TARGET_USER_AND_ALLY 사용자 실패 검사와 베놈트랩 .argument.status=STATUS1_PSN_ANY를 적용한다. moves_info.h 항목의 한글 .name(베놈트랩)은 유지.	HnS src/data/moves_info.h:15505-15509 베놈트랩이 별도 EFFECT_VENOM_DRENCH(argument 없음), data/battle_scripts_1.s:1439-1442 스크립트가 STATUS1_PSN_ANY로 판정해 현재 버그 없음. src/battle_move_resolution.c:1277-1287 CancelerMoveEffectFailureTarget(ctx 판). EFFECT_STAT_CHANGE_ON_STATUS는 #9730(eb4e4d62f5) 도입. upstream 1db57c07e3	#9730 없이 FAIL. 테스트 captivate/gear_up/venom_drench ok, MESSAGE 3줄 의존
10306	이식	U-10306	-	M	fix	Y	N	+30B	SetMoveEffect MOVE_EFFECT_EERIE_SPELL에서 마지막 기술이 다이맥스 기술이면 gBattleStruct->dynamax.baseMoves로 바꿔 PP를 깎고 버퍼에도 원래 기술명을 넣는다. HnS는 gBattlerTarget 표기(upstream effectBattler)라 수동 적응, 0xFFFF는 MOVE_UNAVAILABLE로 교체. 출력 문구(STRINGID_PKMNREDUCEDPP 한글)는 그대로이고 {B_BUFF1}에 들어가는 기술명만 바른 기술로 바뀐다.	HnS src/battle_script_commands.c:3205-3216 EERIE_SPELL이 gLastMoves를 그대로 moves[]와 비교(다이맥스 기술이면 PP 감소 실패). include/config/battle.h:273 B_FLAG_DYNAMAX_BATTLE 0이지만 엔진 코드이므로 이식. upstream 12f800207d	battle_script_commands.c FAIL(표기 차이). HnS 트레이너는 다이맥스를 쓰지 않아 실동작 영향은 제한적. 테스트 eerie_spell.c ok, MESSAGE 5줄 의존
10307	이식	U-10307	-	M	fix	N	N	~0	TryMentalHerb의 트집·회복봉인 해제에 tormentTimer=0, healBlockTimer=0 2줄을 수동 추가한다. HnS는 단일 선택값 메시지 구조(#9655의 비트마스크 이전)이므로 MULTISTRING_CHOOSER 비트마스크 hunk와 MOVE_NONE 표기 정리는 #9655 unit에서 처리하고 여기서는 가져오지 않는다. 멘탈허브 아이템 팝업·한글 해제 문구 불변.	HnS src/battle_hold_effects.c:427-470 TryMentalHerb가 torment/healBlock만 FALSE로 두고 타이머(include/constants/battle.h:263,265 healBlockTimer·tormentTimer)를 남김. 비트마스크 구조는 #9655(32fcd64868) 도입. upstream 327ea2088e	battle_hold_effects.c FAIL(메시지 구조 차이). 테스트 mental_herb.c FAIL(#9655 테스트 선행), MESSAGE 1줄 의존
10295	이식	U-10295	10231,10288	M	fix	N	N	+80B	jumpifcommanderactive 매크로에 battler 인자를 추가하고 HnS 사용처(data/battle_scripts_1.s:2569 울부짖기 계열)를 BS_TARGET으로 바꾼 뒤, 꼬리자르기·유턴류(MoveSwitch/PursuitRet)·바톤터치에 BS_ATTACKER 검사를 추가한다. 교체 선택 불가 조건(HandleTurnActionSelectionState), 탈출버튼·탈출팩·위기회피·TrySwitchInEjectPack의 사령탑 예외, 사령탑 발동 시 자신이 교체 중이면 제외하는 조건을 넣는다. HnS 탈출팩은 #9784 전 구조라 CanEjectPackTrigger에 수동 삽입. 문자열 변화 없음.	HnS asm/macros/battle_script.inc:1551 jumpifcommanderactive(인자 1개, gBattlerTarget 고정), data/battle_scripts_1.s:246-248 BattleScript_MoveSwitch에 사령탑 검사 없음, src/battle_util.c EmergencyExitCanBeTriggered·TrySwitchInEjectPack에 commanderSpecies 검사 없음. upstream 66ab669679	asm·battle_move_resolution.c·battle_util.c FAIL, 나머지 ok. 테스트 commander.c ok, MESSAGE 4줄 의존
