flagHidden=0	opp=1	player=CHERI_BERRY	SPELON_BERRY
flagHidden=0	opp=1	player=CHESTO_BERRY	PAMTRE_BERRY
flagHidden=0	opp=1	player=PECHA_BERRY	WATMEL_BERRY
flagHidden=0	opp=1	player=RAWST_BERRY	DURIN_BERRY
flagHidden=0	opp=1	player=ASPEAR_BERRY	BELUE_BERRY
flagHidden=0	opp=1	player=LEPPA_BERRY	SPELON_BERRY
flagHidden=0	opp=1	player=ORAN_BERRY	PAMTRE_BERRY
flagHidden=0	opp=1	player=PERSIM_BERRY	WATMEL_BERRY
flagHidden=0	opp=1	player=LUM_BERRY	DURIN_BERRY
flagHidden=0	opp=1	player=SITRUS_BERRY	BELUE_BERRY
flagHidden=0	opp=1	player=FIGY_BERRY	SPELON_BERRY
flagHidden=0	opp=1	player=WIKI_BERRY	PAMTRE_BERRY
flagHidden=0	opp=1	player=MAGO_BERRY	WATMEL_BERRY
flagHidden=0	opp=1	player=AGUAV_BERRY	DURIN_BERRY
flagHidden=0	opp=1	player=IAPAPA_BERRY	BELUE_BERRY
flagHidden=0	opp=1	player=RAZZ_BERRY	SPELON_BERRY
flagHidden=0	opp=1	player=BLUK_BERRY	PAMTRE_BERRY
flagHidden=0	opp=1	player=NANAB_BERRY	WATMEL_BERRY
flagHidden=0	opp=1	player=WEPEAR_BERRY	DURIN_BERRY
flagHidden=0	opp=1	player=PINAP_BERRY	BELUE_BERRY
flagHidden=0	opp=1	player=POMEG_BERRY	SPELON_BERRY
flagHidden=0	opp=1	player=KELPSY_BERRY	PAMTRE_BERRY
flagHidden=0	opp=1	player=QUALOT_BERRY	WATMEL_BERRY
flagHidden=0	opp=1	player=HONDEW_BERRY	DURIN_BERRY
flagHidden=0	opp=1	player=GREPA_BERRY	BELUE_BERRY
flagHidden=0	opp=1	player=TAMATO_BERRY	SPELON_BERRY
flagHidden=0	opp=1	player=CORNN_BERRY	PAMTRE_BERRY
flagHidden=0	opp=1	player=MAGOST_BERRY	WATMEL_BERRY
flagHidden=0	opp=1	player=RABUTA_BERRY	DURIN_BERRY
flagHidden=0	opp=1	player=NOMEL_BERRY	BELUE_BERRY
flagHidden=0	opp=1	player=SPELON_BERRY	TAMATO_BERRY
flagHidden=0	opp=1	player=PAMTRE_BERRY	CORNN_BERRY
flagHidden=0	opp=1	player=WATMEL_BERRY	MAGOST_BERRY
flagHidden=0	opp=1	player=DURIN_BERRY	RABUTA_BERRY
flagHidden=0	opp=1	player=BELUE_BERRY	NOMEL_BERRY
flagHidden=0	opp=1	player=CHILAN_BERRY	SPELON_BERRY
flagHidden=0	opp=1	player=OCCA_BERRY	PAMTRE_BERRY
flagHidden=0	opp=1	player=PASSHO_BERRY	WATMEL_BERRY
flagHidden=0	opp=1	player=WACAN_BERRY	DURIN_BERRY
flagHidden=0	opp=1	player=RINDO_BERRY	BELUE_BERRY
flagHidden=0	opp=1	player=YACHE_BERRY	SPELON_BERRY
flagHidden=0	opp=1	player=CHOPLE_BERRY	PAMTRE_BERRY
flagHidden=0	opp=1	player=KEBIA_BERRY	WATMEL_BERRY
flagHidden=0	opp=1	player=SHUCA_BERRY	DURIN_BERRY
flagHidden=0	opp=1	player=COBA_BERRY	BELUE_BERRY
flagHidden=0	opp=1	player=PAYAPA_BERRY	SPELON_BERRY
flagHidden=0	opp=1	player=TANGA_BERRY	PAMTRE_BERRY
flagHidden=0	opp=1	player=CHARTI_BERRY	WATMEL_BERRY
flagHidden=0	opp=1	player=KASIB_BERRY	DURIN_BERRY
flagHidden=0	opp=1	player=HABAN_BERRY	BELUE_BERRY
flagHidden=0	opp=1	player=COLBUR_BERRY	SPELON_BERRY
flagHidden=0	opp=1	player=BABIRI_BERRY	PAMTRE_BERRY
flagHidden=0	opp=1	player=ROSELI_BERRY	WATMEL_BERRY
flagHidden=0	opp=1	player=LIECHI_BERRY	DURIN_BERRY
flagHidden=0	opp=1	player=GANLON_BERRY	BELUE_BERRY
flagHidden=0	opp=1	player=SALAC_BERRY	SPELON_BERRY
flagHidden=0	opp=1	player=PETAYA_BERRY	PAMTRE_BERRY
flagHidden=0	opp=1	player=APICOT_BERRY	WATMEL_BERRY
flagHidden=0	opp=1	player=LANSAT_BERRY	DURIN_BERRY
flagHidden=0	opp=1	player=STARF_BERRY	BELUE_BERRY
flagHidden=0	opp=1	player=ENIGMA_BERRY	SPELON_BERRY
flagHidden=0	opp=1	player=MICLE_BERRY	PAMTRE_BERRY
flagHidden=0	opp=1	player=CUSTAP_BERRY	WATMEL_BERRY
flagHidden=0	opp=1	player=JABOCA_BERRY	DURIN_BERRY
flagHidden=0	opp=1	player=ROWAP_BERRY	BELUE_BERRY
flagHidden=0	opp=1	player=KEE_BERRY	SPELON_BERRY
flagHidden=0	opp=1	player=MARANGA_BERRY	PAMTRE_BERRY
flagHidden=0	opp=1	player=ENIGMA_BERRY_E_READER(minFlavor=0)	SPELON_BERRY
flagHidden=0	opp=1	player=ENIGMA_BERRY_E_READER(minFlavor=1)	PAMTRE_BERRY
flagHidden=0	opp=1	player=ENIGMA_BERRY_E_READER(minFlavor=2)	WATMEL_BERRY
flagHidden=0	opp=1	player=ENIGMA_BERRY_E_READER(minFlavor=3)	DURIN_BERRY
flagHidden=0	opp=1	player=ENIGMA_BERRY_E_READER(minFlavor=4)	BELUE_BERRY
flagHidden=0	opp=2	player=CHERI_BERRY	ASPEAR_BERRY	RAWST_BERRY
flagHidden=0	opp=2	player=CHESTO_BERRY	CHERI_BERRY	ASPEAR_BERRY
flagHidden=0	opp=2	player=PECHA_BERRY	CHESTO_BERRY	CHERI_BERRY
flagHidden=0	opp=2	player=RAWST_BERRY	PECHA_BERRY	CHESTO_BERRY
flagHidden=0	opp=2	player=ASPEAR_BERRY	RAWST_BERRY	PECHA_BERRY
flagHidden=0	opp=2	player=LEPPA_BERRY	CHERI_BERRY	PECHA_BERRY
flagHidden=0	opp=2	player=ORAN_BERRY	CHESTO_BERRY	RAWST_BERRY
flagHidden=0	opp=2	player=PERSIM_BERRY	PECHA_BERRY	ASPEAR_BERRY
flagHidden=0	opp=2	player=LUM_BERRY	RAWST_BERRY	CHERI_BERRY
flagHidden=0	opp=2	player=SITRUS_BERRY	ASPEAR_BERRY	CHESTO_BERRY
flagHidden=0	opp=2	player=FIGY_BERRY	CHERI_BERRY	PECHA_BERRY
flagHidden=0	opp=2	player=WIKI_BERRY	CHESTO_BERRY	RAWST_BERRY
flagHidden=0	opp=2	player=MAGO_BERRY	PECHA_BERRY	ASPEAR_BERRY
flagHidden=0	opp=2	player=AGUAV_BERRY	RAWST_BERRY	CHERI_BERRY
flagHidden=0	opp=2	player=IAPAPA_BERRY	ASPEAR_BERRY	CHESTO_BERRY
flagHidden=0	opp=2	player=RAZZ_BERRY	CHERI_BERRY	PECHA_BERRY
flagHidden=0	opp=2	player=BLUK_BERRY	CHESTO_BERRY	RAWST_BERRY
flagHidden=0	opp=2	player=NANAB_BERRY	PECHA_BERRY	ASPEAR_BERRY
flagHidden=0	opp=2	player=WEPEAR_BERRY	RAWST_BERRY	CHERI_BERRY
flagHidden=0	opp=2	player=PINAP_BERRY	ASPEAR_BERRY	CHESTO_BERRY
flagHidden=0	opp=2	player=POMEG_BERRY	CHERI_BERRY	PECHA_BERRY
flagHidden=0	opp=2	player=KELPSY_BERRY	CHESTO_BERRY	RAWST_BERRY
flagHidden=0	opp=2	player=QUALOT_BERRY	PECHA_BERRY	ASPEAR_BERRY
flagHidden=0	opp=2	player=HONDEW_BERRY	RAWST_BERRY	CHERI_BERRY
flagHidden=0	opp=2	player=GREPA_BERRY	ASPEAR_BERRY	CHESTO_BERRY
flagHidden=0	opp=2	player=TAMATO_BERRY	CHERI_BERRY	PECHA_BERRY
flagHidden=0	opp=2	player=CORNN_BERRY	CHESTO_BERRY	RAWST_BERRY
flagHidden=0	opp=2	player=MAGOST_BERRY	PECHA_BERRY	ASPEAR_BERRY
flagHidden=0	opp=2	player=RABUTA_BERRY	RAWST_BERRY	CHERI_BERRY
flagHidden=0	opp=2	player=NOMEL_BERRY	ASPEAR_BERRY	CHESTO_BERRY
flagHidden=0	opp=2	player=SPELON_BERRY	CHERI_BERRY	PECHA_BERRY
flagHidden=0	opp=2	player=PAMTRE_BERRY	CHESTO_BERRY	RAWST_BERRY
flagHidden=0	opp=2	player=WATMEL_BERRY	PECHA_BERRY	ASPEAR_BERRY
flagHidden=0	opp=2	player=DURIN_BERRY	RAWST_BERRY	CHERI_BERRY
flagHidden=0	opp=2	player=BELUE_BERRY	ASPEAR_BERRY	CHESTO_BERRY
flagHidden=0	opp=2	player=CHILAN_BERRY	CHERI_BERRY	PECHA_BERRY
flagHidden=0	opp=2	player=OCCA_BERRY	CHESTO_BERRY	RAWST_BERRY
flagHidden=0	opp=2	player=PASSHO_BERRY	PECHA_BERRY	ASPEAR_BERRY
flagHidden=0	opp=2	player=WACAN_BERRY	RAWST_BERRY	CHERI_BERRY
flagHidden=0	opp=2	player=RINDO_BERRY	ASPEAR_BERRY	CHESTO_BERRY
flagHidden=0	opp=2	player=YACHE_BERRY	CHERI_BERRY	PECHA_BERRY
flagHidden=0	opp=2	player=CHOPLE_BERRY	CHESTO_BERRY	RAWST_BERRY
flagHidden=0	opp=2	player=KEBIA_BERRY	PECHA_BERRY	ASPEAR_BERRY
flagHidden=0	opp=2	player=SHUCA_BERRY	RAWST_BERRY	CHERI_BERRY
flagHidden=0	opp=2	player=COBA_BERRY	ASPEAR_BERRY	CHESTO_BERRY
flagHidden=0	opp=2	player=PAYAPA_BERRY	CHERI_BERRY	PECHA_BERRY
flagHidden=0	opp=2	player=TANGA_BERRY	CHESTO_BERRY	RAWST_BERRY
flagHidden=0	opp=2	player=CHARTI_BERRY	PECHA_BERRY	ASPEAR_BERRY
flagHidden=0	opp=2	player=KASIB_BERRY	RAWST_BERRY	CHERI_BERRY
flagHidden=0	opp=2	player=HABAN_BERRY	ASPEAR_BERRY	CHESTO_BERRY
flagHidden=0	opp=2	player=COLBUR_BERRY	CHERI_BERRY	PECHA_BERRY
flagHidden=0	opp=2	player=BABIRI_BERRY	CHESTO_BERRY	RAWST_BERRY
flagHidden=0	opp=2	player=ROSELI_BERRY	PECHA_BERRY	ASPEAR_BERRY
flagHidden=0	opp=2	player=LIECHI_BERRY	RAWST_BERRY	CHERI_BERRY
flagHidden=0	opp=2	player=GANLON_BERRY	ASPEAR_BERRY	CHESTO_BERRY
flagHidden=0	opp=2	player=SALAC_BERRY	CHERI_BERRY	PECHA_BERRY
flagHidden=0	opp=2	player=PETAYA_BERRY	CHESTO_BERRY	RAWST_BERRY
flagHidden=0	opp=2	player=APICOT_BERRY	PECHA_BERRY	ASPEAR_BERRY
flagHidden=0	opp=2	player=LANSAT_BERRY	RAWST_BERRY	CHERI_BERRY
flagHidden=0	opp=2	player=STARF_BERRY	ASPEAR_BERRY	CHESTO_BERRY
flagHidden=0	opp=2	player=ENIGMA_BERRY	CHERI_BERRY	PECHA_BERRY
flagHidden=0	opp=2	player=MICLE_BERRY	CHESTO_BERRY	RAWST_BERRY
flagHidden=0	opp=2	player=CUSTAP_BERRY	PECHA_BERRY	ASPEAR_BERRY
flagHidden=0	opp=2	player=JABOCA_BERRY	RAWST_BERRY	CHERI_BERRY
flagHidden=0	opp=2	player=ROWAP_BERRY	ASPEAR_BERRY	CHESTO_BERRY
flagHidden=0	opp=2	player=KEE_BERRY	CHERI_BERRY	PECHA_BERRY
flagHidden=0	opp=2	player=MARANGA_BERRY	CHESTO_BERRY	RAWST_BERRY
flagHidden=0	opp=2	player=ENIGMA_BERRY_E_READER(minFlavor=0)	CHERI_BERRY	PECHA_BERRY
flagHidden=0	opp=2	player=ENIGMA_BERRY_E_READER(minFlavor=1)	CHESTO_BERRY	RAWST_BERRY
flagHidden=0	opp=2	player=ENIGMA_BERRY_E_READER(minFlavor=2)	PECHA_BERRY	ASPEAR_BERRY
flagHidden=0	opp=2	player=ENIGMA_BERRY_E_READER(minFlavor=3)	RAWST_BERRY	CHERI_BERRY
flagHidden=0	opp=2	player=ENIGMA_BERRY_E_READER(minFlavor=4)	ASPEAR_BERRY	CHESTO_BERRY
flagHidden=0	opp=3	player=CHERI_BERRY	ASPEAR_BERRY	RAWST_BERRY	PECHA_BERRY
flagHidden=0	opp=3	player=CHESTO_BERRY	CHERI_BERRY	ASPEAR_BERRY	RAWST_BERRY
flagHidden=0	opp=3	player=PECHA_BERRY	CHESTO_BERRY	CHERI_BERRY	ASPEAR_BERRY
flagHidden=0	opp=3	player=RAWST_BERRY	PECHA_BERRY	CHESTO_BERRY	CHERI_BERRY
flagHidden=0	opp=3	player=ASPEAR_BERRY	RAWST_BERRY	PECHA_BERRY	CHESTO_BERRY
flagHidden=0	opp=3	player=LEPPA_BERRY	CHERI_BERRY	PECHA_BERRY	RAWST_BERRY
flagHidden=0	opp=3	player=ORAN_BERRY	CHESTO_BERRY	RAWST_BERRY	ASPEAR_BERRY
flagHidden=0	opp=3	player=PERSIM_BERRY	PECHA_BERRY	ASPEAR_BERRY	CHERI_BERRY
flagHidden=0	opp=3	player=LUM_BERRY	RAWST_BERRY	CHERI_BERRY	CHESTO_BERRY
flagHidden=0	opp=3	player=SITRUS_BERRY	ASPEAR_BERRY	CHESTO_BERRY	PECHA_BERRY
flagHidden=0	opp=3	player=FIGY_BERRY	CHERI_BERRY	PECHA_BERRY	RAWST_BERRY
flagHidden=0	opp=3	player=WIKI_BERRY	CHESTO_BERRY	RAWST_BERRY	ASPEAR_BERRY
flagHidden=0	opp=3	player=MAGO_BERRY	PECHA_BERRY	ASPEAR_BERRY	CHERI_BERRY
flagHidden=0	opp=3	player=AGUAV_BERRY	RAWST_BERRY	CHERI_BERRY	CHESTO_BERRY
flagHidden=0	opp=3	player=IAPAPA_BERRY	ASPEAR_BERRY	CHESTO_BERRY	PECHA_BERRY
flagHidden=0	opp=3	player=RAZZ_BERRY	CHERI_BERRY	PECHA_BERRY	RAWST_BERRY
flagHidden=0	opp=3	player=BLUK_BERRY	CHESTO_BERRY	RAWST_BERRY	ASPEAR_BERRY
flagHidden=0	opp=3	player=NANAB_BERRY	PECHA_BERRY	ASPEAR_BERRY	CHERI_BERRY
flagHidden=0	opp=3	player=WEPEAR_BERRY	RAWST_BERRY	CHERI_BERRY	CHESTO_BERRY
flagHidden=0	opp=3	player=PINAP_BERRY	ASPEAR_BERRY	CHESTO_BERRY	PECHA_BERRY
flagHidden=0	opp=3	player=POMEG_BERRY	CHERI_BERRY	PECHA_BERRY	RAWST_BERRY
flagHidden=0	opp=3	player=KELPSY_BERRY	CHESTO_BERRY	RAWST_BERRY	ASPEAR_BERRY
flagHidden=0	opp=3	player=QUALOT_BERRY	PECHA_BERRY	ASPEAR_BERRY	CHERI_BERRY
flagHidden=0	opp=3	player=HONDEW_BERRY	RAWST_BERRY	CHERI_BERRY	CHESTO_BERRY
flagHidden=0	opp=3	player=GREPA_BERRY	ASPEAR_BERRY	CHESTO_BERRY	PECHA_BERRY
flagHidden=0	opp=3	player=TAMATO_BERRY	CHERI_BERRY	PECHA_BERRY	RAWST_BERRY
flagHidden=0	opp=3	player=CORNN_BERRY	CHESTO_BERRY	RAWST_BERRY	ASPEAR_BERRY
flagHidden=0	opp=3	player=MAGOST_BERRY	PECHA_BERRY	ASPEAR_BERRY	CHERI_BERRY
flagHidden=0	opp=3	player=RABUTA_BERRY	RAWST_BERRY	CHERI_BERRY	CHESTO_BERRY
flagHidden=0	opp=3	player=NOMEL_BERRY	ASPEAR_BERRY	CHESTO_BERRY	PECHA_BERRY
flagHidden=0	opp=3	player=SPELON_BERRY	CHERI_BERRY	PECHA_BERRY	RAWST_BERRY
flagHidden=0	opp=3	player=PAMTRE_BERRY	CHESTO_BERRY	RAWST_BERRY	ASPEAR_BERRY
flagHidden=0	opp=3	player=WATMEL_BERRY	PECHA_BERRY	ASPEAR_BERRY	CHERI_BERRY
flagHidden=0	opp=3	player=DURIN_BERRY	RAWST_BERRY	CHERI_BERRY	CHESTO_BERRY
flagHidden=0	opp=3	player=BELUE_BERRY	ASPEAR_BERRY	CHESTO_BERRY	PECHA_BERRY
flagHidden=0	opp=3	player=CHILAN_BERRY	CHERI_BERRY	PECHA_BERRY	RAWST_BERRY
flagHidden=0	opp=3	player=OCCA_BERRY	CHESTO_BERRY	RAWST_BERRY	ASPEAR_BERRY
flagHidden=0	opp=3	player=PASSHO_BERRY	PECHA_BERRY	ASPEAR_BERRY	CHERI_BERRY
flagHidden=0	opp=3	player=WACAN_BERRY	RAWST_BERRY	CHERI_BERRY	CHESTO_BERRY
flagHidden=0	opp=3	player=RINDO_BERRY	ASPEAR_BERRY	CHESTO_BERRY	PECHA_BERRY
flagHidden=0	opp=3	player=YACHE_BERRY	CHERI_BERRY	PECHA_BERRY	RAWST_BERRY
flagHidden=0	opp=3	player=CHOPLE_BERRY	CHESTO_BERRY	RAWST_BERRY	ASPEAR_BERRY
flagHidden=0	opp=3	player=KEBIA_BERRY	PECHA_BERRY	ASPEAR_BERRY	CHERI_BERRY
flagHidden=0	opp=3	player=SHUCA_BERRY	RAWST_BERRY	CHERI_BERRY	CHESTO_BERRY
flagHidden=0	opp=3	player=COBA_BERRY	ASPEAR_BERRY	CHESTO_BERRY	PECHA_BERRY
flagHidden=0	opp=3	player=PAYAPA_BERRY	CHERI_BERRY	PECHA_BERRY	RAWST_BERRY
flagHidden=0	opp=3	player=TANGA_BERRY	CHESTO_BERRY	RAWST_BERRY	ASPEAR_BERRY
flagHidden=0	opp=3	player=CHARTI_BERRY	PECHA_BERRY	ASPEAR_BERRY	CHERI_BERRY
flagHidden=0	opp=3	player=KASIB_BERRY	RAWST_BERRY	CHERI_BERRY	CHESTO_BERRY
flagHidden=0	opp=3	player=HABAN_BERRY	ASPEAR_BERRY	CHESTO_BERRY	PECHA_BERRY
flagHidden=0	opp=3	player=COLBUR_BERRY	CHERI_BERRY	PECHA_BERRY	RAWST_BERRY
flagHidden=0	opp=3	player=BABIRI_BERRY	CHESTO_BERRY	RAWST_BERRY	ASPEAR_BERRY
flagHidden=0	opp=3	player=ROSELI_BERRY	PECHA_BERRY	ASPEAR_BERRY	CHERI_BERRY
flagHidden=0	opp=3	player=LIECHI_BERRY	RAWST_BERRY	CHERI_BERRY	CHESTO_BERRY
flagHidden=0	opp=3	player=GANLON_BERRY	ASPEAR_BERRY	CHESTO_BERRY	PECHA_BERRY
flagHidden=0	opp=3	player=SALAC_BERRY	CHERI_BERRY	PECHA_BERRY	RAWST_BERRY
flagHidden=0	opp=3	player=PETAYA_BERRY	CHESTO_BERRY	RAWST_BERRY	ASPEAR_BERRY
flagHidden=0	opp=3	player=APICOT_BERRY	PECHA_BERRY	ASPEAR_BERRY	CHERI_BERRY
flagHidden=0	opp=3	player=LANSAT_BERRY	RAWST_BERRY	CHERI_BERRY	CHESTO_BERRY
flagHidden=0	opp=3	player=STARF_BERRY	ASPEAR_BERRY	CHESTO_BERRY	PECHA_BERRY
flagHidden=0	opp=3	player=ENIGMA_BERRY	CHERI_BERRY	PECHA_BERRY	RAWST_BERRY
flagHidden=0	opp=3	player=MICLE_BERRY	CHESTO_BERRY	RAWST_BERRY	ASPEAR_BERRY
flagHidden=0	opp=3	player=CUSTAP_BERRY	PECHA_BERRY	ASPEAR_BERRY	CHERI_BERRY
flagHidden=0	opp=3	player=JABOCA_BERRY	RAWST_BERRY	CHERI_BERRY	CHESTO_BERRY
flagHidden=0	opp=3	player=ROWAP_BERRY	ASPEAR_BERRY	CHESTO_BERRY	PECHA_BERRY
flagHidden=0	opp=3	player=KEE_BERRY	CHERI_BERRY	PECHA_BERRY	RAWST_BERRY
flagHidden=0	opp=3	player=MARANGA_BERRY	CHESTO_BERRY	RAWST_BERRY	ASPEAR_BERRY
flagHidden=0	opp=3	player=ENIGMA_BERRY_E_READER(minFlavor=0)	CHERI_BERRY	PECHA_BERRY	RAWST_BERRY
flagHidden=0	opp=3	player=ENIGMA_BERRY_E_READER(minFlavor=1)	CHESTO_BERRY	RAWST_BERRY	ASPEAR_BERRY
flagHidden=0	opp=3	player=ENIGMA_BERRY_E_READER(minFlavor=2)	PECHA_BERRY	ASPEAR_BERRY	CHERI_BERRY
flagHidden=0	opp=3	player=ENIGMA_BERRY_E_READER(minFlavor=3)	RAWST_BERRY	CHERI_BERRY	CHESTO_BERRY
flagHidden=0	opp=3	player=ENIGMA_BERRY_E_READER(minFlavor=4)	ASPEAR_BERRY	CHESTO_BERRY	PECHA_BERRY
flagHidden=1	opp=1	player=CHERI_BERRY	ASPEAR_BERRY
flagHidden=1	opp=1	player=CHESTO_BERRY	CHERI_BERRY
flagHidden=1	opp=1	player=PECHA_BERRY	CHESTO_BERRY
flagHidden=1	opp=1	player=RAWST_BERRY	PECHA_BERRY
flagHidden=1	opp=1	player=ASPEAR_BERRY	RAWST_BERRY
flagHidden=1	opp=1	player=LEPPA_BERRY	CHERI_BERRY
flagHidden=1	opp=1	player=ORAN_BERRY	CHESTO_BERRY
flagHidden=1	opp=1	player=PERSIM_BERRY	PECHA_BERRY
flagHidden=1	opp=1	player=LUM_BERRY	RAWST_BERRY
flagHidden=1	opp=1	player=SITRUS_BERRY	ASPEAR_BERRY
flagHidden=1	opp=1	player=FIGY_BERRY	CHERI_BERRY
flagHidden=1	opp=1	player=WIKI_BERRY	CHESTO_BERRY
flagHidden=1	opp=1	player=MAGO_BERRY	PECHA_BERRY
flagHidden=1	opp=1	player=AGUAV_BERRY	RAWST_BERRY
flagHidden=1	opp=1	player=IAPAPA_BERRY	ASPEAR_BERRY
flagHidden=1	opp=1	player=RAZZ_BERRY	CHERI_BERRY
flagHidden=1	opp=1	player=BLUK_BERRY	CHESTO_BERRY
flagHidden=1	opp=1	player=NANAB_BERRY	PECHA_BERRY
flagHidden=1	opp=1	player=WEPEAR_BERRY	RAWST_BERRY
flagHidden=1	opp=1	player=PINAP_BERRY	ASPEAR_BERRY
flagHidden=1	opp=1	player=POMEG_BERRY	CHERI_BERRY
flagHidden=1	opp=1	player=KELPSY_BERRY	CHESTO_BERRY
flagHidden=1	opp=1	player=QUALOT_BERRY	PECHA_BERRY
flagHidden=1	opp=1	player=HONDEW_BERRY	RAWST_BERRY
flagHidden=1	opp=1	player=GREPA_BERRY	ASPEAR_BERRY
flagHidden=1	opp=1	player=TAMATO_BERRY	CHERI_BERRY
flagHidden=1	opp=1	player=CORNN_BERRY	CHESTO_BERRY
flagHidden=1	opp=1	player=MAGOST_BERRY	PECHA_BERRY
flagHidden=1	opp=1	player=RABUTA_BERRY	RAWST_BERRY
flagHidden=1	opp=1	player=NOMEL_BERRY	ASPEAR_BERRY
flagHidden=1	opp=1	player=SPELON_BERRY	CHERI_BERRY
flagHidden=1	opp=1	player=PAMTRE_BERRY	CHESTO_BERRY
flagHidden=1	opp=1	player=WATMEL_BERRY	PECHA_BERRY
flagHidden=1	opp=1	player=DURIN_BERRY	RAWST_BERRY
flagHidden=1	opp=1	player=BELUE_BERRY	ASPEAR_BERRY
flagHidden=1	opp=1	player=CHILAN_BERRY	CHERI_BERRY
flagHidden=1	opp=1	player=OCCA_BERRY	CHESTO_BERRY
flagHidden=1	opp=1	player=PASSHO_BERRY	PECHA_BERRY
flagHidden=1	opp=1	player=WACAN_BERRY	RAWST_BERRY
flagHidden=1	opp=1	player=RINDO_BERRY	ASPEAR_BERRY
flagHidden=1	opp=1	player=YACHE_BERRY	CHERI_BERRY
flagHidden=1	opp=1	player=CHOPLE_BERRY	CHESTO_BERRY
flagHidden=1	opp=1	player=KEBIA_BERRY	PECHA_BERRY
flagHidden=1	opp=1	player=SHUCA_BERRY	RAWST_BERRY
flagHidden=1	opp=1	player=COBA_BERRY	ASPEAR_BERRY
flagHidden=1	opp=1	player=PAYAPA_BERRY	CHERI_BERRY
flagHidden=1	opp=1	player=TANGA_BERRY	CHESTO_BERRY
flagHidden=1	opp=1	player=CHARTI_BERRY	PECHA_BERRY
flagHidden=1	opp=1	player=KASIB_BERRY	RAWST_BERRY
flagHidden=1	opp=1	player=HABAN_BERRY	ASPEAR_BERRY
flagHidden=1	opp=1	player=COLBUR_BERRY	CHERI_BERRY
flagHidden=1	opp=1	player=BABIRI_BERRY	CHESTO_BERRY
flagHidden=1	opp=1	player=ROSELI_BERRY	PECHA_BERRY
flagHidden=1	opp=1	player=LIECHI_BERRY	RAWST_BERRY
flagHidden=1	opp=1	player=GANLON_BERRY	ASPEAR_BERRY
flagHidden=1	opp=1	player=SALAC_BERRY	CHERI_BERRY
flagHidden=1	opp=1	player=PETAYA_BERRY	CHESTO_BERRY
flagHidden=1	opp=1	player=APICOT_BERRY	PECHA_BERRY
flagHidden=1	opp=1	player=LANSAT_BERRY	RAWST_BERRY
flagHidden=1	opp=1	player=STARF_BERRY	ASPEAR_BERRY
flagHidden=1	opp=1	player=ENIGMA_BERRY	CHERI_BERRY
flagHidden=1	opp=1	player=MICLE_BERRY	CHESTO_BERRY
flagHidden=1	opp=1	player=CUSTAP_BERRY	PECHA_BERRY
flagHidden=1	opp=1	player=JABOCA_BERRY	RAWST_BERRY
flagHidden=1	opp=1	player=ROWAP_BERRY	ASPEAR_BERRY
flagHidden=1	opp=1	player=KEE_BERRY	CHERI_BERRY
flagHidden=1	opp=1	player=MARANGA_BERRY	CHESTO_BERRY
flagHidden=1	opp=1	player=ENIGMA_BERRY_E_READER(minFlavor=0)	CHERI_BERRY
flagHidden=1	opp=1	player=ENIGMA_BERRY_E_READER(minFlavor=1)	CHESTO_BERRY
flagHidden=1	opp=1	player=ENIGMA_BERRY_E_READER(minFlavor=2)	PECHA_BERRY
flagHidden=1	opp=1	player=ENIGMA_BERRY_E_READER(minFlavor=3)	RAWST_BERRY
flagHidden=1	opp=1	player=ENIGMA_BERRY_E_READER(minFlavor=4)	ASPEAR_BERRY
flagHidden=1	opp=2	player=CHERI_BERRY	ASPEAR_BERRY	RAWST_BERRY
flagHidden=1	opp=2	player=CHESTO_BERRY	CHERI_BERRY	ASPEAR_BERRY
flagHidden=1	opp=2	player=PECHA_BERRY	CHESTO_BERRY	CHERI_BERRY
flagHidden=1	opp=2	player=RAWST_BERRY	PECHA_BERRY	CHESTO_BERRY
flagHidden=1	opp=2	player=ASPEAR_BERRY	RAWST_BERRY	PECHA_BERRY
flagHidden=1	opp=2	player=LEPPA_BERRY	CHERI_BERRY	PECHA_BERRY
flagHidden=1	opp=2	player=ORAN_BERRY	CHESTO_BERRY	RAWST_BERRY
flagHidden=1	opp=2	player=PERSIM_BERRY	PECHA_BERRY	ASPEAR_BERRY
flagHidden=1	opp=2	player=LUM_BERRY	RAWST_BERRY	CHERI_BERRY
flagHidden=1	opp=2	player=SITRUS_BERRY	ASPEAR_BERRY	CHESTO_BERRY
flagHidden=1	opp=2	player=FIGY_BERRY	CHERI_BERRY	PECHA_BERRY
flagHidden=1	opp=2	player=WIKI_BERRY	CHESTO_BERRY	RAWST_BERRY
flagHidden=1	opp=2	player=MAGO_BERRY	PECHA_BERRY	ASPEAR_BERRY
flagHidden=1	opp=2	player=AGUAV_BERRY	RAWST_BERRY	CHERI_BERRY
flagHidden=1	opp=2	player=IAPAPA_BERRY	ASPEAR_BERRY	CHESTO_BERRY
flagHidden=1	opp=2	player=RAZZ_BERRY	CHERI_BERRY	PECHA_BERRY
flagHidden=1	opp=2	player=BLUK_BERRY	CHESTO_BERRY	RAWST_BERRY
flagHidden=1	opp=2	player=NANAB_BERRY	PECHA_BERRY	ASPEAR_BERRY
flagHidden=1	opp=2	player=WEPEAR_BERRY	RAWST_BERRY	CHERI_BERRY
flagHidden=1	opp=2	player=PINAP_BERRY	ASPEAR_BERRY	CHESTO_BERRY
flagHidden=1	opp=2	player=POMEG_BERRY	CHERI_BERRY	PECHA_BERRY
flagHidden=1	opp=2	player=KELPSY_BERRY	CHESTO_BERRY	RAWST_BERRY
flagHidden=1	opp=2	player=QUALOT_BERRY	PECHA_BERRY	ASPEAR_BERRY
flagHidden=1	opp=2	player=HONDEW_BERRY	RAWST_BERRY	CHERI_BERRY
flagHidden=1	opp=2	player=GREPA_BERRY	ASPEAR_BERRY	CHESTO_BERRY
flagHidden=1	opp=2	player=TAMATO_BERRY	CHERI_BERRY	PECHA_BERRY
flagHidden=1	opp=2	player=CORNN_BERRY	CHESTO_BERRY	RAWST_BERRY
flagHidden=1	opp=2	player=MAGOST_BERRY	PECHA_BERRY	ASPEAR_BERRY
flagHidden=1	opp=2	player=RABUTA_BERRY	RAWST_BERRY	CHERI_BERRY
flagHidden=1	opp=2	player=NOMEL_BERRY	ASPEAR_BERRY	CHESTO_BERRY
flagHidden=1	opp=2	player=SPELON_BERRY	CHERI_BERRY	PECHA_BERRY
flagHidden=1	opp=2	player=PAMTRE_BERRY	CHESTO_BERRY	RAWST_BERRY
flagHidden=1	opp=2	player=WATMEL_BERRY	PECHA_BERRY	ASPEAR_BERRY
flagHidden=1	opp=2	player=DURIN_BERRY	RAWST_BERRY	CHERI_BERRY
flagHidden=1	opp=2	player=BELUE_BERRY	ASPEAR_BERRY	CHESTO_BERRY
flagHidden=1	opp=2	player=CHILAN_BERRY	CHERI_BERRY	PECHA_BERRY
flagHidden=1	opp=2	player=OCCA_BERRY	CHESTO_BERRY	RAWST_BERRY
flagHidden=1	opp=2	player=PASSHO_BERRY	PECHA_BERRY	ASPEAR_BERRY
flagHidden=1	opp=2	player=WACAN_BERRY	RAWST_BERRY	CHERI_BERRY
flagHidden=1	opp=2	player=RINDO_BERRY	ASPEAR_BERRY	CHESTO_BERRY
flagHidden=1	opp=2	player=YACHE_BERRY	CHERI_BERRY	PECHA_BERRY
flagHidden=1	opp=2	player=CHOPLE_BERRY	CHESTO_BERRY	RAWST_BERRY
flagHidden=1	opp=2	player=KEBIA_BERRY	PECHA_BERRY	ASPEAR_BERRY
flagHidden=1	opp=2	player=SHUCA_BERRY	RAWST_BERRY	CHERI_BERRY
flagHidden=1	opp=2	player=COBA_BERRY	ASPEAR_BERRY	CHESTO_BERRY
flagHidden=1	opp=2	player=PAYAPA_BERRY	CHERI_BERRY	PECHA_BERRY
flagHidden=1	opp=2	player=TANGA_BERRY	CHESTO_BERRY	RAWST_BERRY
flagHidden=1	opp=2	player=CHARTI_BERRY	PECHA_BERRY	ASPEAR_BERRY
flagHidden=1	opp=2	player=KASIB_BERRY	RAWST_BERRY	CHERI_BERRY
flagHidden=1	opp=2	player=HABAN_BERRY	ASPEAR_BERRY	CHESTO_BERRY
flagHidden=1	opp=2	player=COLBUR_BERRY	CHERI_BERRY	PECHA_BERRY
flagHidden=1	opp=2	player=BABIRI_BERRY	CHESTO_BERRY	RAWST_BERRY
flagHidden=1	opp=2	player=ROSELI_BERRY	PECHA_BERRY	ASPEAR_BERRY
flagHidden=1	opp=2	player=LIECHI_BERRY	RAWST_BERRY	CHERI_BERRY
flagHidden=1	opp=2	player=GANLON_BERRY	ASPEAR_BERRY	CHESTO_BERRY
flagHidden=1	opp=2	player=SALAC_BERRY	CHERI_BERRY	PECHA_BERRY
flagHidden=1	opp=2	player=PETAYA_BERRY	CHESTO_BERRY	RAWST_BERRY
flagHidden=1	opp=2	player=APICOT_BERRY	PECHA_BERRY	ASPEAR_BERRY
flagHidden=1	opp=2	player=LANSAT_BERRY	RAWST_BERRY	CHERI_BERRY
flagHidden=1	opp=2	player=STARF_BERRY	ASPEAR_BERRY	CHESTO_BERRY
flagHidden=1	opp=2	player=ENIGMA_BERRY	CHERI_BERRY	PECHA_BERRY
flagHidden=1	opp=2	player=MICLE_BERRY	CHESTO_BERRY	RAWST_BERRY
flagHidden=1	opp=2	player=CUSTAP_BERRY	PECHA_BERRY	ASPEAR_BERRY
flagHidden=1	opp=2	player=JABOCA_BERRY	RAWST_BERRY	CHERI_BERRY
flagHidden=1	opp=2	player=ROWAP_BERRY	ASPEAR_BERRY	CHESTO_BERRY
flagHidden=1	opp=2	player=KEE_BERRY	CHERI_BERRY	PECHA_BERRY
flagHidden=1	opp=2	player=MARANGA_BERRY	CHESTO_BERRY	RAWST_BERRY
flagHidden=1	opp=2	player=ENIGMA_BERRY_E_READER(minFlavor=0)	CHERI_BERRY	PECHA_BERRY
flagHidden=1	opp=2	player=ENIGMA_BERRY_E_READER(minFlavor=1)	CHESTO_BERRY	RAWST_BERRY
flagHidden=1	opp=2	player=ENIGMA_BERRY_E_READER(minFlavor=2)	PECHA_BERRY	ASPEAR_BERRY
flagHidden=1	opp=2	player=ENIGMA_BERRY_E_READER(minFlavor=3)	RAWST_BERRY	CHERI_BERRY
flagHidden=1	opp=2	player=ENIGMA_BERRY_E_READER(minFlavor=4)	ASPEAR_BERRY	CHESTO_BERRY
flagHidden=1	opp=3	player=CHERI_BERRY	ASPEAR_BERRY	RAWST_BERRY	PECHA_BERRY
flagHidden=1	opp=3	player=CHESTO_BERRY	CHERI_BERRY	ASPEAR_BERRY	RAWST_BERRY
flagHidden=1	opp=3	player=PECHA_BERRY	CHESTO_BERRY	CHERI_BERRY	ASPEAR_BERRY
flagHidden=1	opp=3	player=RAWST_BERRY	PECHA_BERRY	CHESTO_BERRY	CHERI_BERRY
flagHidden=1	opp=3	player=ASPEAR_BERRY	RAWST_BERRY	PECHA_BERRY	CHESTO_BERRY
flagHidden=1	opp=3	player=LEPPA_BERRY	CHERI_BERRY	PECHA_BERRY	RAWST_BERRY
flagHidden=1	opp=3	player=ORAN_BERRY	CHESTO_BERRY	RAWST_BERRY	ASPEAR_BERRY
flagHidden=1	opp=3	player=PERSIM_BERRY	PECHA_BERRY	ASPEAR_BERRY	CHERI_BERRY
flagHidden=1	opp=3	player=LUM_BERRY	RAWST_BERRY	CHERI_BERRY	CHESTO_BERRY
flagHidden=1	opp=3	player=SITRUS_BERRY	ASPEAR_BERRY	CHESTO_BERRY	PECHA_BERRY
flagHidden=1	opp=3	player=FIGY_BERRY	CHERI_BERRY	PECHA_BERRY	RAWST_BERRY
flagHidden=1	opp=3	player=WIKI_BERRY	CHESTO_BERRY	RAWST_BERRY	ASPEAR_BERRY
flagHidden=1	opp=3	player=MAGO_BERRY	PECHA_BERRY	ASPEAR_BERRY	CHERI_BERRY
flagHidden=1	opp=3	player=AGUAV_BERRY	RAWST_BERRY	CHERI_BERRY	CHESTO_BERRY
flagHidden=1	opp=3	player=IAPAPA_BERRY	ASPEAR_BERRY	CHESTO_BERRY	PECHA_BERRY
flagHidden=1	opp=3	player=RAZZ_BERRY	CHERI_BERRY	PECHA_BERRY	RAWST_BERRY
flagHidden=1	opp=3	player=BLUK_BERRY	CHESTO_BERRY	RAWST_BERRY	ASPEAR_BERRY
flagHidden=1	opp=3	player=NANAB_BERRY	PECHA_BERRY	ASPEAR_BERRY	CHERI_BERRY
flagHidden=1	opp=3	player=WEPEAR_BERRY	RAWST_BERRY	CHERI_BERRY	CHESTO_BERRY
flagHidden=1	opp=3	player=PINAP_BERRY	ASPEAR_BERRY	CHESTO_BERRY	PECHA_BERRY
flagHidden=1	opp=3	player=POMEG_BERRY	CHERI_BERRY	PECHA_BERRY	RAWST_BERRY
flagHidden=1	opp=3	player=KELPSY_BERRY	CHESTO_BERRY	RAWST_BERRY	ASPEAR_BERRY
flagHidden=1	opp=3	player=QUALOT_BERRY	PECHA_BERRY	ASPEAR_BERRY	CHERI_BERRY
flagHidden=1	opp=3	player=HONDEW_BERRY	RAWST_BERRY	CHERI_BERRY	CHESTO_BERRY
flagHidden=1	opp=3	player=GREPA_BERRY	ASPEAR_BERRY	CHESTO_BERRY	PECHA_BERRY
flagHidden=1	opp=3	player=TAMATO_BERRY	CHERI_BERRY	PECHA_BERRY	RAWST_BERRY
flagHidden=1	opp=3	player=CORNN_BERRY	CHESTO_BERRY	RAWST_BERRY	ASPEAR_BERRY
flagHidden=1	opp=3	player=MAGOST_BERRY	PECHA_BERRY	ASPEAR_BERRY	CHERI_BERRY
flagHidden=1	opp=3	player=RABUTA_BERRY	RAWST_BERRY	CHERI_BERRY	CHESTO_BERRY
flagHidden=1	opp=3	player=NOMEL_BERRY	ASPEAR_BERRY	CHESTO_BERRY	PECHA_BERRY
flagHidden=1	opp=3	player=SPELON_BERRY	CHERI_BERRY	PECHA_BERRY	RAWST_BERRY
flagHidden=1	opp=3	player=PAMTRE_BERRY	CHESTO_BERRY	RAWST_BERRY	ASPEAR_BERRY
flagHidden=1	opp=3	player=WATMEL_BERRY	PECHA_BERRY	ASPEAR_BERRY	CHERI_BERRY
flagHidden=1	opp=3	player=DURIN_BERRY	RAWST_BERRY	CHERI_BERRY	CHESTO_BERRY
flagHidden=1	opp=3	player=BELUE_BERRY	ASPEAR_BERRY	CHESTO_BERRY	PECHA_BERRY
flagHidden=1	opp=3	player=CHILAN_BERRY	CHERI_BERRY	PECHA_BERRY	RAWST_BERRY
flagHidden=1	opp=3	player=OCCA_BERRY	CHESTO_BERRY	RAWST_BERRY	ASPEAR_BERRY
flagHidden=1	opp=3	player=PASSHO_BERRY	PECHA_BERRY	ASPEAR_BERRY	CHERI_BERRY
flagHidden=1	opp=3	player=WACAN_BERRY	RAWST_BERRY	CHERI_BERRY	CHESTO_BERRY
flagHidden=1	opp=3	player=RINDO_BERRY	ASPEAR_BERRY	CHESTO_BERRY	PECHA_BERRY
flagHidden=1	opp=3	player=YACHE_BERRY	CHERI_BERRY	PECHA_BERRY	RAWST_BERRY
flagHidden=1	opp=3	player=CHOPLE_BERRY	CHESTO_BERRY	RAWST_BERRY	ASPEAR_BERRY
flagHidden=1	opp=3	player=KEBIA_BERRY	PECHA_BERRY	ASPEAR_BERRY	CHERI_BERRY
flagHidden=1	opp=3	player=SHUCA_BERRY	RAWST_BERRY	CHERI_BERRY	CHESTO_BERRY
flagHidden=1	opp=3	player=COBA_BERRY	ASPEAR_BERRY	CHESTO_BERRY	PECHA_BERRY
flagHidden=1	opp=3	player=PAYAPA_BERRY	CHERI_BERRY	PECHA_BERRY	RAWST_BERRY
flagHidden=1	opp=3	player=TANGA_BERRY	CHESTO_BERRY	RAWST_BERRY	ASPEAR_BERRY
flagHidden=1	opp=3	player=CHARTI_BERRY	PECHA_BERRY	ASPEAR_BERRY	CHERI_BERRY
flagHidden=1	opp=3	player=KASIB_BERRY	RAWST_BERRY	CHERI_BERRY	CHESTO_BERRY
flagHidden=1	opp=3	player=HABAN_BERRY	ASPEAR_BERRY	CHESTO_BERRY	PECHA_BERRY
flagHidden=1	opp=3	player=COLBUR_BERRY	CHERI_BERRY	PECHA_BERRY	RAWST_BERRY
flagHidden=1	opp=3	player=BABIRI_BERRY	CHESTO_BERRY	RAWST_BERRY	ASPEAR_BERRY
flagHidden=1	opp=3	player=ROSELI_BERRY	PECHA_BERRY	ASPEAR_BERRY	CHERI_BERRY
flagHidden=1	opp=3	player=LIECHI_BERRY	RAWST_BERRY	CHERI_BERRY	CHESTO_BERRY
flagHidden=1	opp=3	player=GANLON_BERRY	ASPEAR_BERRY	CHESTO_BERRY	PECHA_BERRY
flagHidden=1	opp=3	player=SALAC_BERRY	CHERI_BERRY	PECHA_BERRY	RAWST_BERRY
flagHidden=1	opp=3	player=PETAYA_BERRY	CHESTO_BERRY	RAWST_BERRY	ASPEAR_BERRY
flagHidden=1	opp=3	player=APICOT_BERRY	PECHA_BERRY	ASPEAR_BERRY	CHERI_BERRY
flagHidden=1	opp=3	player=LANSAT_BERRY	RAWST_BERRY	CHERI_BERRY	CHESTO_BERRY
flagHidden=1	opp=3	player=STARF_BERRY	ASPEAR_BERRY	CHESTO_BERRY	PECHA_BERRY
flagHidden=1	opp=3	player=ENIGMA_BERRY	CHERI_BERRY	PECHA_BERRY	RAWST_BERRY
flagHidden=1	opp=3	player=MICLE_BERRY	CHESTO_BERRY	RAWST_BERRY	ASPEAR_BERRY
flagHidden=1	opp=3	player=CUSTAP_BERRY	PECHA_BERRY	ASPEAR_BERRY	CHERI_BERRY
flagHidden=1	opp=3	player=JABOCA_BERRY	RAWST_BERRY	CHERI_BERRY	CHESTO_BERRY
flagHidden=1	opp=3	player=ROWAP_BERRY	ASPEAR_BERRY	CHESTO_BERRY	PECHA_BERRY
flagHidden=1	opp=3	player=KEE_BERRY	CHERI_BERRY	PECHA_BERRY	RAWST_BERRY
flagHidden=1	opp=3	player=MARANGA_BERRY	CHESTO_BERRY	RAWST_BERRY	ASPEAR_BERRY
flagHidden=1	opp=3	player=ENIGMA_BERRY_E_READER(minFlavor=0)	CHERI_BERRY	PECHA_BERRY	RAWST_BERRY
flagHidden=1	opp=3	player=ENIGMA_BERRY_E_READER(minFlavor=1)	CHESTO_BERRY	RAWST_BERRY	ASPEAR_BERRY
flagHidden=1	opp=3	player=ENIGMA_BERRY_E_READER(minFlavor=2)	PECHA_BERRY	ASPEAR_BERRY	CHERI_BERRY
flagHidden=1	opp=3	player=ENIGMA_BERRY_E_READER(minFlavor=3)	RAWST_BERRY	CHERI_BERRY	CHESTO_BERRY
flagHidden=1	opp=3	player=ENIGMA_BERRY_E_READER(minFlavor=4)	ASPEAR_BERRY	CHESTO_BERRY	PECHA_BERRY
