STRINGID	HnS 현재 한글(17aa03192f)	HnS 사용처	upstream #9655 변경	영향 종류	HnS 적응안·비고
STRINGID_ATTACKMISSED	`그러나 {B_ATK_NAME_WITH_PREFIX}의\n공격은 빗나갔다!` (battle_message.c:207)	resultmessage 빗나감(battle_script_commands.c:2051), gMissStringIds[B_MSG_MISSED](:1024), gKOFailedStringIds(표만 있고 미사용)	ID·문자열 삭제. resultmessage→STRINGID_PKMNEVADEDATTACK, gMissStringIds[B_MSG_MISSED]→STRINGID_PKMNAVOIDEDATTACK, gKOFailed[B_MSG_KO_MISS]→EVADED	문장 삭제 + 출력 조건 변화	결정 D1. 권장 C: upstream처럼 ID 삭제, 두 경로 모두 기존 한글 `…에게는\n맞지 않았다!`(PKMNAVOIDEDATTACK)로 통일(resultmessage 1줄 HnS 차이). 문장 수정 없음
STRINGID_PASTELVEILENTERS	`{B_DEF_NAME_WITH_PREFIX}의 독은 말끔하게 해독됐다!` (battle_message.c:755)	gSwitchInAbilityStringIds[B_MSG_SWITCHIN_PASTEL_VEIL], BattleScript_TargetPoisonHealed	STRINGID_PKMNHEALEDPOISON으로 이름 변경(영문 본문 동일)	영향 없음(이름 변경)	한글 본문을 새 이름으로 그대로 옮김(바이트 동일). 계획서의 '파스텔베일 문구 선택 변경'은 실제로는 이름 변경뿐
STRINGID_SCRCUREDPARALYSIS	(HnS에 ID 없음)	(신규) gCureStatusStringIds	신규 `{B_SCR} was cured of paralysis!`	새 문장 필요(기존 본문 재사용)	PURIFYTARGETPARALYSISCURED 본문 복제(D5 용어 결정)
STRINGID_SCRCUREDPOISON	(HnS에 ID 없음)	(신규) gCureStatusStringIds	신규 `{B_SCR} was cured of its poisoning!`	새 문장 필요(기존 본문 재사용)	PURIFYTARGETPOISONCURED 본문 복제
STRINGID_SCRCUREDBURN	(HnS에 ID 없음)	(신규) gCureStatusStringIds	신규 `{B_SCR}'s burn was cured!`	새 문장 필요(기존 본문 재사용)	PURIFYTARGETBURNCURED 본문 복제
STRINGID_SCRCUREDSLEEP	(HnS에 ID 없음)	(신규) gCureStatusStringIds	신규 `{B_SCR} woke up!`	새 문장 필요(기존 본문 재사용)	PURIFYTARGETSLEEPCURED 본문 복제
STRINGID_SCRCUREDCONFUSION	(HnS에 ID 없음)	(신규) gCureStatusStringIds·gPartyCureStatusStringIds	신규 `{B_SCR} snapped out of its confusion!`	새 문장 필요(기존 본문 재사용)	PKMNHEALEDCONFUSION 본문에 {B_ATK}→{B_SCR}
STRINGID_PARTYCUREDPARALYSIS	(HnS에 ID 없음)	(신규) gPartyCureStatusStringIds(전투 중 가방 상태회복 도구)	신규 `{B_BUFF1} was cured of paralysis!`	새 문장 필요(기존 본문 재사용)	`{B_BUFF1}의\n몸저림이 풀렸다!`(D5)
STRINGID_PARTYCUREDPOISON	(HnS에 ID 없음)	(신규) 〃	신규	새 문장 필요(기존 본문 재사용)	`{B_BUFF1}의 독은\n말끔하게 해독됐다!`
STRINGID_PARTYCUREDBURN	(HnS에 ID 없음)	(신규) 〃	신규	새 문장 필요(기존 본문 재사용)	`{B_BUFF1}의\n화상이 나았다!`
STRINGID_PARTYCUREDSLEEP	(HnS에 ID 없음)	(신규) 〃	신규	새 문장 필요(기존 본문 재사용)	`{B_BUFF1}{B_TXT_EUNNEUN} 눈을 떴다!`
STRINGID_PARTYCUREDFREEZE	(HnS에 ID 없음)	(신규) 〃	신규	새 문장 필요(기존 본문 재사용)	`{B_BUFF1}의\n얼음이 녹았다!`(PKMNWASDEFROSTED 본문)
STRINGID_PARTYCUREDFROSTBITE	(HnS에 ID 없음)	(신규) 〃	신규	새 문장 필요(기존 본문 재사용)	`{B_BUFF1}의\n동상이 나았다!`(PKMNFROSTBITEHEALED 본문)
STRINGID_PKMNATKNOTLOWERED	(HnS에 ID 없음)	(신규) BattleScript_IntimidatePrevented	신규 `{B_SCR}'s Attack was not lowered!`. #9730(seq 181)에서 사용처 삭제, 1.17.0에서는 같은 영문이 PKMNSXPREVENTSYLOSS(BUFF1=Attack)로 출력	새 문장 필요(기존 문장 조합)	`{B_SCR_NAME_WITH_PREFIX}의\n공격은 떨어지지 않는다!` = PKMNSXPREVENTSYLOSS 본문 + 능력치명 `공격`. 대안: 스크립트에서 PKMNSXPREVENTSYLOSS+BUFF1=공격으로 같은 출력
STRINGID_PKMNAURORAVEIL	(HnS에 ID 없음)	(신규) gReflectLightScreenSafeguardStringIds[B_MSG_SET_AURORA_VEIL]	신규 `Aurora Veil made … stronger…`, 매핑 SET_AURORA_VEIL→PKMNAURORAVEIL	영향 없음(HnS 매핑 유지)	HnS는 이미 PKMNRAISEDDEFSPDEF로 출력(사용자 요청 행). ID만 추가하고 본문은 PKMNRAISEDDEFSPDEF 복제, 매핑은 HnS 유지(또는 새 ID로 매핑해도 바이트 동일)
STRINGID_REFLECTWOREOFF	`{B_ATK_PREFIX1}의 리플렉터가\n없어졌다!` (battle_message.c:527)	HnS 이미 존재(enum :336). 턴 종료·안개제거·깨뜨리다·배리어프리	upstream 신규(enum 끝), `{B_DEF_TEAM1} team's Reflect wore off!`, 깨뜨리다 전용	토큰 의미 차이	중복 추가 금지, HnS 위치·본문 유지. HnS는 {B_ATK_PREFIX1}(공격자 진영)이라 깨뜨리다 경로에서 진영이 반대로 나올 수 있음 → D6-a
STRINGID_LIGHTSCREENWOREOFF	`{B_ATK_PREFIX1}의 빛의장막이\n없어졌다!` (battle_message.c:528)	〃	〃	토큰 의미 차이	〃
STRINGID_AURORAVEILWOREOFF	`{B_ATK_PREFIX1}의 오로라베일이\n없어졌다!` (battle_message.c:529)	〃	〃	토큰 의미 차이	〃
STRINGID_STICKYWEBDISAPPEAREDFROMYOU	(HnS에 ID 없음)	(신규) BattleScript_RemoveHazards의 플레이어 측 끈적끈적네트 분기	신규 `The sticky web has disappeared from the ground around you!`. #9777(seq 475)에서 분기·ID 삭제	새 문장 필요(조건부)	분기·ID 미이식 권장(1.17.0 최종형과 같음). 이식하면 미결
STRINGID_BUFFERENDS	`{B_SCR_NAME_WITH_PREFIX}{B_TXT_EUNNEUN}\n{B_BUFF1}의 효과가 풀렸다!` (battle_message.c:592)	턴 종료 도발·전자부유·회복봉인(battle_end_turn.c:710,801,835), 멘탈허브 도발(gMentalHerbCureStringIds)	회복봉인 턴 종료→새 BattleScript_HealBlockEndTurn(STRINGID_HEALBLOCKEDNOMORE), 멘탈허브 도발→PKMNSHOOKOFFTHETAUNT	출력 조건 변화	회복봉인 턴 종료 문장이 `…은(는)\n회복봉인의 효과가 풀렸다!` → `…의\n회복봉인 효과가 사라졌다!`로 바뀜(기존 한글). 멘탈허브 도발은 한글 바이트 동일
STRINGID_HEALBLOCKEDNOMORE	`{B_SCR_NAME_WITH_PREFIX}의\n회복봉인 효과가 사라졌다!` (battle_message.c:733)	멘탈허브(회복봉인)	영문 변경 + 턴 종료에도 사용	출력 조건 변화	한글 유지. 턴 종료에서도 출력(위 행)
STRINGID_ATKGOTOVERINFATUATION	`{B_SCR_NAME_WITH_PREFIX}{B_TXT_EUNNEUN}\n헤롱헤롱 상태가 나았다!` (battle_message.c:731)	멘탈허브(헤롱헤롱)	영문 `…cured its infatuation status using its {B_LAST_ITEM}!`, 비트마스크 순차 출력	출력 조건·순서 변화	한글 유지(도구명 추가는 선택 개선). 멘탈허브는 해제한 효과를 헤롱헤롱→트집→사슬묶기→회복봉인→앙코르→도발 순으로 모두 출력
STRINGID_TORMENTEDNOMORE	`{B_SCR_NAME_WITH_PREFIX}의\n트집 효과가 사라졌다!` (battle_message.c:732)	멘탈허브(트집)	비트마스크 순차 출력	출력 조건·순서 변화	한글 유지
STRINGID_PKMNMOVEDISABLEDNOMORE	`{B_ATK_NAME_WITH_PREFIX}의\n사슬묶기가 풀렸다!` (battle_message.c:315)	턴 종료 사슬묶기 해제(BattleScript_DisabledNoMore), 멘탈허브	(문자열 변경 없음, upstream은 이전부터 {B_SCR}) 멘탈허브 비트마스크 순차 출력	토큰 의미 변화	HnS 한글은 {B_ATK}. 턴 종료는 공격자=대상이라 정상, 멘탈허브 경로는 기술 사용자 이름이 나올 수 있음 → 멘탈허브 스크립트에서 saveattacker/copybyte gBattlerAttacker,sBATTLER/restoreattacker(문장 불변) (D6-b)
STRINGID_PKMNENCOREENDED	`{B_ATK_NAME_WITH_PREFIX}의\n앙코르 상태가 풀렸다!` (battle_message.c:318)	턴 종료 앙코르 해제, 멘탈허브	〃	토큰 의미 변화	〃
STRINGID_PKMNSHOOKOFFTHETAUNT	`{B_SCR_NAME_WITH_PREFIX}{B_TXT_EUNNEUN}\n도발의 효과가 풀렸다!` (battle_message.c:724)	둔감(BattleScript_BattlerShookOffTaunt)	멘탈허브 도발·gCureStatusStringIds[B_MSG_CURED_TAUNT]에도 사용	출력 조건 변화	한글 유지. 멘탈허브 도발 문장은 BUFFERENDS(BUFF1=도발) 결과와 바이트 동일
STRINGID_PKMNGOTOVERITSINFATUATION	`{B_SCR_NAME_WITH_PREFIX}{B_TXT_EUNNEUN}\n헤롱헤롱 상태가 나았다!` (battle_message.c:725)	둔감(BattleScript_BattlerGotOverItsInfatuation)	gCureStatusStringIds[B_MSG_CURED_INFATUATION]에도 사용, 둔감은 AbilityCuredStatus 경유	영향 없음	한글 유지. HnS 전용 스크립트 유지 또는 upstream 경로 채택 모두 같은 문장
STRINGID_PKMNMADEITRAIN	`비가 내리기 시작했다!` (battle_message.c:377)	gAbilityWeatherChangeStringId[DRIZZLE]	→STRINGID_STARTEDTORAIN	영향 없음	두 한글이 바이트 동일(`비가 내리기 시작했다!`). 계획서의 '날씨 특성 시작 문구 변화'는 한글 출력 변화 없음
STRINGID_PKMNSXWHIPPEDUPSANDSTORM	`모래바람이 불기 시작했다!` (battle_message.c:485)	gAbilityWeatherChangeStringId[SAND_STREAM]	→STRINGID_SANDSTORMBREWED	영향 없음	바이트 동일(`모래바람이 불기 시작했다!`)
STRINGID_PKMNSXINTENSIFIEDSUN	`햇살이 강해졌다!` (battle_message.c:507)	gAbilityWeatherChangeStringId[DROUGHT]	→STRINGID_SUNLIGHTGOTBRIGHT	영향 없음	바이트 동일(`햇살이 강해졌다!`)
STRINGID_SNOWWARNINGHAIL	`눈이 내리기 시작했다!` (battle_message.c:622)	gAbilityWeatherChangeStringId[HAIL_WARNING]	→STRINGID_STARTEDHAIL	영향 없음	바이트 동일(`눈이 내리기 시작했다!`)
STRINGID_SNOWWARNINGSNOW	`눈이 내리기 시작했다!` (battle_message.c:816)	gAbilityWeatherChangeStringId[SNOW_WARNING]	→STRINGID_STARTEDSNOW	영향 없음	바이트 동일
STRINGID_EXTREMESUNLIGHTFADED	`햇살이 원래대로 되돌아왔다!` (battle_message.c:737)	(날씨 제거 표에 없음)	gWeatherEndsStringIds[B_MSG_WEATHER_END_EXTREMELY_HARSH_SUNLIGHT] 추가, RemoveAllWeather(테라폼제로) 원시 날씨 분기	출력 조건 변화	테라폼제로가 끝의대지 날씨를 지우면 `햇살이 약해졌다!`→`햇살이 원래대로 되돌아왔다!`(기존 한글)
STRINGID_HEAVYRAINLIFTED	`강한 비가 그쳤다!` (battle_message.c:741)	(날씨 제거 표에 없음)	gWeatherEndsStringIds[B_MSG_WEATHER_END_HEAVY_RAIN] 추가	출력 조건 변화	시작의바다 날씨 제거 시 `비가 그쳤다!`→`강한 비가 그쳤다!`(기존 한글)
STRINGID_PKMNEVADEDATTACK	`{B_DEF_NAME_WITH_PREFIX}{B_TXT_EUNNEUN}\n공격을 피했다!` (battle_message.c:284)	씨뿌리기 빗나감(gLeechSeedStringIds)	resultmessage 빗나감, gKOFailed에 사용	출력 조건 변화	D1. B안이면 일반 공격 빗나감이 `…은(는)\n공격을 피했다!`로 바뀜
STRINGID_PKMNAVOIDEDATTACK	`{B_DEF_NAME_WITH_PREFIX}에게는\n맞지 않았다!` (battle_message.c:519)	gMissStringIds[B_MSG_AVOIDED_ATK](#9929 변화기 빗나감)	gMissStringIds[B_MSG_MISSED]에도 사용	출력 조건 변화	D1(권장 C: 모든 빗나감을 이 문장으로)
STRINGID_PKMNSXBLOCKSY	`{B_DEF_NAME_WITH_PREFIX}{B_TXT_EUNNEUN} {B_DEF_ABILITY} 때문에\n{B_CURRENT_MOVE}{B_TXT_EULREUL} 받지 않는다!` (battle_message.c:524)	방음·방탄(SoundproofProtected), 치유방울 방음(HealBellSoundproof)	세 곳 모두 STRINGID_SCR_ITDOESNTAFFECT로 교체	출력 조건 변화	`…은(는) {특성} 때문에\n{기술}을(를) 받지 않는다!` → `{B_SCR}에게는\n효과가 없는 것 같다...`(기존 한글). 치유방울은 팝업 없음
STRINGID_SCR_ITDOESNTAFFECT	`{B_SCR_NAME_WITH_PREFIX}에게는\n효과가 없는 것 같다...` (battle_message.c:211)	기존 사용처	방음·방탄·치유방울·MonMadeMoveUseless·(유폭 습기)에 사용	출력 조건 변화	한글 유지
STRINGID_PKMNSXMADEYUSELESS	`{B_DEF_NAME_WITH_PREFIX}에게는\n효과가 없는 것 같다...` (battle_message.c:503)	MonMadeMoveUseless(축전·저수 등 HP 가득/능력치 최대)	→SCR_ITDOESNTAFFECT	토큰 의미 변화(결과 동일)	본문 동일, {B_DEF}→{B_SCR}. 이 경로는 scripting=방어 측이라 출력 동일
STRINGID_PKMNPROTECTEDBY	`그러나 {B_DEF_NAME_WITH_PREFIX}에게는\n실패하고 말았다!` (battle_message.c:378)	옹골참 일격기 방지(SturdyPreventsOHKO)	→STRINGID_ITDOESNTAFFECT	출력 조건 변화	`그러나 …에게는\n실패하고 말았다!` → `…에게는\n효과가 없는 것 같다...`
STRINGID_PKMNPREVENTSUSAGE	`{B_ATK_NAME_WITH_PREFIX}{B_TXT_EUNNEUN}\n{B_CURRENT_MOVE}{B_TXT_EULREUL} 쓸 수 없다!` (battle_message.c:379)	습기 대폭발 방지(DampStopsExplosion)	→STRINGID_POKEMONCANNOTUSEMOVE	영향 없음	두 한글 바이트 동일
STRINGID_PKMNSABILITYPREVENTSABILITY	`{B_SCR_NAME_WITH_PREFIX}'s {B_SCR_ABILITY} prevents {B_DEF_NAME_WITH_PREFIX2}'s {B_DEF_ABILITY} from working!` (battle_message.c:792)	(HnS 미사용: 습기-유폭 문구 삭제됨)	DampPreventsAftermath→SCR_ITDOESNTAFFECT	영향 없음(HnS 유지)	hunk 제외. HnS 출력 변경 문서 '습기가 유폭을 차단' 행 보존
STRINGID_ENDUREDSTURDY	`{B_DEF_NAME_WITH_PREFIX}{B_TXT_EUNNEUN}\n공격을 버텼다!` (battle_message.c:555)	옹골참 버티기(SturdiedMsg)	→STRINGID_PKMNENDUREDHIT	영향 없음	두 한글 바이트 동일
STRINGID_PKMNSXPREVENTSFLINCHING	`{B_EFF_NAME_WITH_PREFIX}{B_TXT_EUNNEUN} {B_EFF_ABILITY} 때문에\n풀이 죽지 않는다!` (battle_message.c:521)	정신력 풀죽음 방지(FlinchPrevention)	스크립트·호출 삭제(팝업·문구 없음)	문장 삭제(출력 경로)	upstream 유래 출력 변화로 기록: 속이기 등을 정신력이 막을 때 팝업·문구가 사라짐
STRINGID_PKMNSXTOOKATTACK	`{B_DEF_NAME_WITH_PREFIX}{B_TXT_EUNNEUN}\n공격을 끌어들였다!` (battle_message.c:509)	피뢰침·마중물 끌어들이기(TookAttack)	본문에서 특성명 제거 + 스크립트에 특성 팝업 추가	출력 조건 변화	한글 본문 유지(이미 특성명 없음). 팝업이 새로 나옴
STRINGID_PKMNPREVENTSSTATLOSSWITH	`{B_SCR_NAME_WITH_PREFIX}{B_TXT_EUNNEUN}\n{B_SCR_ABILITY}의 효과로 능력이 떨어지지 않는다!` (battle_message.c:387)	위협 방지(IntimidatePrevented), AbilityNoStatLoss	위협 방지 경로→PKMNATKNOTLOWERED, 영문 본문에서 특성명 제거	출력 조건 변화	위협 방지: `…은(는)\n{특성}의 효과로 능력이 떨어지지 않는다!` → PKMNATKNOTLOWERED. AbilityNoStatLoss 경로는 HnS 한글 유지
STRINGID_SCRIPTINGABILITYSTATRAISE	`{B_SCR_NAME_WITH_PREFIX}{B_TXT_EUNNEUN}\n{B_SCR_ABILITY}{B_TXT_EU}로 {B_BUFF1}{B_TXT_IGA} {B_BUFF2}올라갔다!` (battle_message.c:701)	불굴의검·불굴의방패·바람타기·면영(BattlerAbilityStatRaiseOnSwitchIn)	→STRINGID_SCRIPTINGSTATROSE	출력 조건 변화	`…은(는)\n{특성}(으)로 {능력}이(가) 올라갔다!` → `…의\n{능력}이(가) 올라갔다!`(팝업 유지)
STRINGID_ATTACKERABILITYSTATRAISE	`{B_ATK_NAME_WITH_PREFIX}의\n{B_BUFF1}{B_TXT_IGA} {B_BUFF2}올라갔다!` (battle_message.c:609)	부동심·ScriptingAbilityStatRaise·AttackerAbilityStatRaise	→STRINGID_ATTACKERSSTATROSE	영향 없음	두 한글 바이트 동일
STRINGID_TARGETABILITYSTATLOWER	`{B_DEF_NAME_WITH_PREFIX}의\n{B_BUFF1}{B_TXT_EUNNEUN} 더 떨어지지 않는다!` (battle_message.c:638)	깨어진갑옷 방어 하락(WeakArmorDefPrintString)	→STRINGID_DEFENDERSSTATFELL	출력 조건 변화(HnS 오역 경로 해소)	HnS는 하락 성공 시 `…의\n방어는 더 떨어지지 않는다!`가 나옴(오역). 이식 후 `…의\n방어가 떨어졌다!`
STRINGID_TARGETABILITYSTATRAISE	`{B_DEF_NAME_WITH_PREFIX}의\n{B_BUFF1}{B_TXT_IGA} {B_BUFF2}올라갔다!` (battle_message.c:607)	깨어진갑옷 스피드 상승	→STRINGID_DEFENDERSSTATROSE	영향 없음	gText_DefendersStatRose와 바이트 동일
STRINGID_PKMNSXRESTOREDHPALITTLE2	`{B_ATK_NAME_WITH_PREFIX}의\n체력이 회복되었다.` (battle_message.c:484)	젖은접시·건조피부(비)·볼주머니(AbilityHpHeal)	문구 출력 삭제 + 회복 애니메이션	문장 삭제(출력 경로)	upstream 유래: `…의\n체력이 회복되었다.` 사라짐(HnS 아이스바디·포이즌힐과 같은 방향)
STRINGID_POISONHEALHPUP	`The poisoning healed {B_ATK_NAME_WITH_PREFIX2} a little bit!` (battle_message.c:610)	(HnS 이미 출력 안 함)	출력 삭제 + 회복 애니메이션 추가	영향 없음(텍스트)	HnS 행 보존. 애니메이션 추가만 upstream대로
STRINGID_SOLARPOWERHPDROP	`{B_ATK_NAME_WITH_PREFIX}'s {B_ATK_ABILITY} takes its toll!` (battle_message.c:617)	(HnS 이미 출력 안 함)	출력 삭제	영향 없음	HnS와 동일
STRINGID_HEALERCURE	`{B_SCR_NAME_WITH_PREFIX}{B_TXT_EUNNEUN}\n치유되었다!` (battle_message.c:700)	치유의마음(HealerActivates)	스크립트를 printfromtable gCureStatusStringIds로 교체, 영문도 변경	충돌(HnS 유지)	hunk 제외, HnS `…은(는)\n치유되었다!` 유지(사용자 요청 행)
STRINGID_PKMNFLEDUSING	`{PLAY_SE 0x0011}무사히 도망쳤다\p` (battle_message.c:514)	도주 특성 도망(RanAwayUsingMonAbility)	팝업 + STRINGID_GOTAWAYSAFELY로 교체	출력 조건 변화(차이 `!`뿐)	결정 D3(권장 A: HnS 유지)
STRINGID_PKMNSLEPTHEALTHY	`{B_ATK_NAME_WITH_PREFIX}{B_TXT_EUNNEUN}\n잠이 들어 건강해졌다!` (battle_message.c:263)	잠자기(gRestUsedStringIds 두 값)	printstring PKMNSLEPTHEALTHY 직접 출력	영향 없음	HnS 표 두 값이 이미 같은 ID
STRINGID_PKMNHURTSWITH	`{B_ATK_NAME_WITH_PREFIX}{B_TXT_EUNNEUN}\n상처를 입었다!` (battle_message.c:388)	울퉁불퉁멧·까칠한피부·자보/애터열매·니들가드(HurtAttacker·SpikyShield)	gHurtByStringIds(B_MSG_HURT→AFTERMATHDMG, HURT_BY_ITEM→PKMNHURTSWITH), 니들가드→AFTERMATHDMG, 울퉁불퉁멧 도구 애니메이션 삭제	영향 없음(텍스트)	AFTERMATHDMG와 한글 바이트 동일. #9856 중복 printstring 제거를 같이 넣음. 애니메이션 삭제는 선택
STRINGID_AFTERMATHDMG	`{B_ATK_NAME_WITH_PREFIX}{B_TXT_EUNNEUN}\n상처를 입었다!` (battle_message.c:618)	유폭	gHurtByStringIds[B_MSG_HURT]	영향 없음	〃
STRINGID_ITEMCUREDSPECIESSTATUS	`{B_BUFF1}{B_TXT_EUNNEUN}\n건강해졌다!` (battle_message.c:803)	전투 중 가방 상태회복 도구(battle_scripts_2.s:94,101)	gPartyCureStatusStringIds / gCureStatusStringIds로 교체	출력 조건 변화	`{종족}은(는)\n건강해졌다!` → 상태별 문장(PARTYCURED*/SCRCURED*)
STRINGID_PKMNSTATUSNORMAL	`{B_ATK_NAME_WITH_PREFIX}의\n상태이상이 나았다!` (battle_message.c:349)	gStatusCureStringIds의 동상·기타 값	(HnS 표 대체로 사용처 사라짐)	문장 삭제(출력 경로)	동상 회복 `…의\n상태이상이 나았다!`→`…의\n동상이 나았다!`(동상 비활성 설정이면 무관)
STRINGID_PKMNPARALYSISCURED	`{B_ATK_NAME_WITH_PREFIX}의\n몸저림이 풀렸다!` (battle_message.c:352)	gStatusCureStringIds[PARALYSIS]	upstream은 SCRCUREDPARALYSIS 사용	토큰 의미 변화	HnS {B_ATK} → 새 ID {B_SCR}. 정글힐 아군·특성 회복 등 공격자≠회복 대상 경로에서 이름 교정
STRINGID_PKMNPOISONCURED	`{B_ATK_NAME_WITH_PREFIX}의 독은\n말끔하게 해독됐다!` (battle_message.c:350)	gStatusCureStringIds[POISON]	〃	토큰 의미 변화	〃
STRINGID_PKMNBURNCURED	`{B_ATK_NAME_WITH_PREFIX}의\n화상이 나았다!` (battle_message.c:351)	gStatusCureStringIds[BURN]	〃	토큰 의미 변화	〃
STRINGID_PKMNWOKEUP	`{B_ATK_NAME_WITH_PREFIX}{B_TXT_EUNNEUN} 눈을 떴다!` (battle_message.c:287)	gStatusCureStringIds[SLEEP], gWokeUpStringIds	〃(SCRCUREDSLEEP)	토큰 의미 변화	gWokeUpStringIds 사용처는 그대로
STRINGID_PKMNHEALEDCONFUSION	`{B_ATK_NAME_WITH_PREFIX}의\n혼란이 풀렸다!` (battle_message.c:246)	gStatusCureStringIds[CONFUSION], 스크립트 5878	〃(SCRCUREDCONFUSION)	토큰 의미 변화	스크립트 직접 사용처는 그대로
STRINGID_PKMNWASDEFROSTED	`{B_SCR_NAME_WITH_PREFIX}의\n얼음이 녹았다!` (battle_message.c:236)	gStatusCureStringIds·gPurify[FREEZE], gGotDefrostedStringIds	gCureStatusStringIds[FREEZE]	영향 없음	이미 {B_SCR}
STRINGID_PKMNFROSTBITEHEALED	`{B_SCR_NAME_WITH_PREFIX}의\n동상이 나았다!` (battle_message.c:810)	gPurify[FROSTBITE], gFrostbiteHealedStringIds	gCureStatusStringIds[FROSTBITE]	영향 없음	이미 {B_SCR}
STRINGID_PKMNSITEMSNAPPEDOUT	`{B_SCR_NAME_WITH_PREFIX}{B_TXT_EUNNEUN} {B_LAST_ITEM}{B_TXT_EU}로\n혼란이 풀렸다!` (battle_message.c:475)	CureStatusBerryEffectStringID[CONFUSION], BerryCureConfusionRet	BerryCureStatusAndConfusionRet 신규	영향 없음	HnS 리샘열매 반복 스크립트 유지(동일 출력)
STRINGID_PKMNSITEMCUREDPROBLEM	`{B_SCR_NAME_WITH_PREFIX}{B_TXT_EUNNEUN} {B_LAST_ITEM}{B_TXT_EU}로\n{B_BUFF1}상태가 나았다!` (battle_message.c:476)	CureStatusBerryEffectStringID[PROBLEM]	표에서 항목 삭제	영향 없음	HnS 표 항목 유지(인덱스 범위 안전)
STRINGID_PKMNSITEMNORMALIZEDSTATUS	`{B_SCR_NAME_WITH_PREFIX}{B_TXT_EUNNEUN} {B_LAST_ITEM}{B_TXT_EU}로\n상태이상이 나았다!` (battle_message.c:516)	CureStatusBerryEffectStringID[NORMALIZED]	표에서 항목 삭제	영향 없음	〃
STRINGID_PKMNSITEMDEFROSTEDIT	`{B_SCR_NAME_WITH_PREFIX}{B_TXT_EUNNEUN} {B_LAST_ITEM}{B_TXT_EU}로\n얼음 상태가 나았다!` (battle_message.c:473)	CureStatusBerryEffectStringID[FREEEZE]	enum 오타 FREEEZE→FREEZE	영향 없음	HnS 5곳 이름 교체
STRINGID_PKMNSXCUREDITSYPROBLEM	`{B_SCR_NAME_WITH_PREFIX}{B_TXT_EUNNEUN} {B_SCR_ABILITY} 때문에\n{B_BUFF1}{B_TXT_IGA} 나았다!` (battle_message.c:531)	(HnS 미사용)	ShedSkin·AbilityCuredStatus에서 교체	영향 없음	HnS는 이미 상태별 표 사용
STRINGID_COMMANDERACTIVATES	`{B_SCR_NAME_WITH_PREFIX}{B_TXT_EUNNEUN} 사령탑이 되어\n{B_DEF_NAME_WITH_PREFIX2}에게 삼켜졌다!` (battle_message.c:867)	사령탑	하드코딩 Dondozo→{B_BUFF1}, 엔진이 BUFF1에 파트너 닉네임	토큰 의미 변화	HnS 두 번째 이름이 {B_DEF_NAME_WITH_PREFIX2}(엔진은 공격자=어써러셔로 설정) → 기존 잠재 문제(D6-c). 문장 불변이면 upstream BUFF1 준비 코드는 무해
STRINGID_ITEMRESTOREDSPECIESPP	`{B_BUFF1}{B_TXT_EUNNEUN}\nPP가 회복되었다!` (battle_message.c:804)	전투 중 가방 PP 회복	영문에 {B_BUFF2}(기술명) 추가, 엔진이 BUFF2 준비	영향 없음(HnS 유지)	한글 유지(기술명 추가는 선택 개선)
STRINGID_PKMNSXMADEYINEFFECTIVE	`{B_DEF_NAME_WITH_PREFIX}에게는\n효과가 없는 것 같다...` (battle_message.c:488)	점착·도구 뺏기 실패(StickyHold·NoItemSteal), 타오르는불꽃 무효(gFlashFireStringIds)	영문을 `{B_SCR}'s item cannot be removed!`로 의미 변경	토큰/의미 변화(선택)	결정 D2(권장 A: 한글 유지 → 타오르는불꽃 분리 불필요)
STRINGID_PKMNSXMADEITINEFFECTIVE	`{B_SCR_NAME_WITH_PREFIX}{B_TXT_EUNNEUN}\n{B_SCR_ABILITY} 때문에 잠들지 않는다!` (battle_message.c:520)	HnS 스위트베일 전용 문장	영문을 item cannot be removed로 변경(#10149에서 복구)	영향 없음(HnS 유지)	영문 변경 무시, HnS 한글 유지
STRINGID_PKMNSWILLPERISHIN3TURNS	`Both Pokémon will perish in three turns!` (battle_message.c:718)	멸망의바디(PerishBodyActivates)	영문 `…perish…`→`Both Pokémon will faint in three turns!`	새 문장 필요(기존 미번역)	HnS가 아직 영문 그대로 출력. #9655와 무관한 기존 누락이나 같은 줄을 건드림 → 새 문장 목록(미결 후보)
STRINGID_TARGETSSTATWASMAXEDOUT	`{B_DEF_NAME_WITH_PREFIX}{B_BUFF1}이 최고치까지 올라갔다!` (battle_message.c:608)	분노의경혈(TargetsStatWasMaxedOut)	영문에서 특성명 제거	영향 없음(기존 문제 있음)	HnS 본문 `{B_DEF_NAME_WITH_PREFIX}{B_BUFF1}이 최고치까지…`에 `의`·줄바꿈·조사 토큰 누락(기존). #9730이 본문을 STATWASMAXEDOUT로 옮길 때 함께 고칠지 결정
STRINGID_PKMNSTAYEDAWAKEUSING	`{B_DEF_NAME_WITH_PREFIX}{B_TXT_EUNNEUN}\n잠들지 않는다!` (battle_message.c:295)	(기존대로)	영문 본문·주석만 변경	영향 없음	HnS 한글이 이미 해당 의미이거나 특성명 없는 형태. 유지
STRINGID_PKMNGOTFREE	`{B_ATK_NAME_WITH_PREFIX}{B_TXT_EUNNEUN} {B_DEF_NAME_WITH_PREFIX}의\n{B_BUFF1}{B_TXT_EU}로부터 풀려났다!` (battle_message.c:339)	(기존대로)	영문 본문·주석만 변경	영향 없음	HnS 미사용(고속스핀 바인드 해제는 HnS 전용 PKMNFREEDFROM). upstream 새 영문이 PKMNFREEDFROM과 같은 의미 → 원하면 PKMNFREEDFROM 본문을 PKMNGOTFREE로 옮겨 HnS 전용 ID를 없앨 수 있음(선택)
STRINGID_PKMNSHEDLEECHSEED	`{B_ATK_NAME_WITH_PREFIX}{B_TXT_EUNNEUN}\n씨뿌리기로부터 풀려났다!` (battle_message.c:340)	(기존대로)	영문 본문·주석만 변경	영향 없음	HnS 한글이 이미 해당 의미이거나 특성명 없는 형태. 유지
STRINGID_PKMNBLEWAWAYSPIKES	`{B_ATK_NAME_WITH_PREFIX}{B_TXT_EUNNEUN}\n압정을 날려버렸다!` (battle_message.c:341)	(기존대로)	영문 본문·주석만 변경	영향 없음	HnS 한글이 이미 해당 의미이거나 특성명 없는 형태. 유지
STRINGID_PKMNATTACK	`{B_BUFF1}의 공격!` (battle_message.c:345)	(기존대로)	영문 본문·주석만 변경	영향 없음	HnS 한글이 이미 해당 의미이거나 특성명 없는 형태. 유지
STRINGID_NATUREPOWERTURNEDINTO	`자연의힘은\n{B_CURRENT_MOVE}{B_TXT_IGA} 되었다!` (battle_message.c:348)	(기존대로)	영문 본문·주석만 변경	영향 없음	upstream은 사용자 이름을 앞에 붙임. HnS 유지(선택 개선: `{B_ATK_NAME_WITH_PREFIX}의 자연의힘은…`, 공식 근거 필요)
STRINGID_PKMNANCHOREDITSELF	`{B_DEF_NAME_WITH_PREFIX}{B_TXT_EUNNEUN} 뿌리를 뻗어서\n움직이지 않는다!` (battle_message.c:365)	(기존대로)	영문 본문·주석만 변경	영향 없음	HnS 한글이 이미 해당 의미이거나 특성명 없는 형태. 유지
STRINGID_PKMNLOSTPPGRUDGE	`{B_ATK_NAME_WITH_PREFIX}의 {B_BUFF1}{B_TXT_EUNNEUN}\n원념으로 PP가 0이 되었다!` (battle_message.c:372)	(기존대로)	영문 본문·주석만 변경	영향 없음	HnS 한글이 이미 해당 의미이거나 특성명 없는 형태. 유지
STRINGID_PKMNMOVEBOUNCED	`{B_ATK_NAME_WITH_PREFIX}{B_TXT_EUNNEUN}\n{B_CURRENT_MOVE}{B_TXT_EULREUL} 되받아쳤다!` (battle_message.c:374)	(기존대로)	영문 본문·주석만 변경	영향 없음	upstream {B_EFF}→{B_ATK}. HnS는 이미 {B_ATK}(#9674 seq 129에서 다시 조정)
STRINGID_PKMNWAITSFORTARGET	`{B_ATK_NAME_WITH_PREFIX}{B_TXT_EUNNEUN}\n상대의 움직임을 살피고 있다!` (battle_message.c:375)	(기존대로)	영문 본문·주석만 변경	영향 없음	HnS 한글이 이미 해당 의미이거나 특성명 없는 형태. 유지
STRINGID_PKMNRESTOREDHPUSING	`{B_DEF_NAME_WITH_PREFIX}의\n체력이 회복되었다!` (battle_message.c:380)	(기존대로)	영문 본문·주석만 변경	영향 없음	HnS 한글이 이미 해당 의미이거나 특성명 없는 형태. 유지
STRINGID_PKMNCHANGEDTYPEWITH	`{B_DEF_NAME_WITH_PREFIX}{B_TXT_EUNNEUN}\n{B_BUFF1}타입이 됐다!` (battle_message.c:381)	(기존대로)	영문 본문·주석만 변경	영향 없음	HnS 한글이 이미 해당 의미이거나 특성명 없는 형태. 유지
STRINGID_PKMNPREVENTSCONFUSIONWITH	`{B_DEF_NAME_WITH_PREFIX}{B_TXT_EUNNEUN}\n혼란되지 않는다!` (battle_message.c:383)	(기존대로)	영문 본문·주석만 변경	영향 없음	HnS 한글이 이미 해당 의미이거나 특성명 없는 형태. 유지
STRINGID_PKMNRAISEDFIREPOWERWITH	`{B_DEF_NAME_WITH_PREFIX}{B_TXT_EUNNEUN}\n불꽃의 위력이 올라갔다!` (battle_message.c:384)	(기존대로)	영문 본문·주석만 변경	영향 없음	HnS 한글이 이미 해당 의미이거나 특성명 없는 형태. 유지
STRINGID_PKMNANCHORSITSELFWITH	`{B_DEF_NAME_WITH_PREFIX}{B_TXT_EUNNEUN}\n{B_DEF_ABILITY} 때문에 들러붙어 있다!` (battle_message.c:385)	(기존대로)	영문 본문·주석만 변경	영향 없음	upstream은 특성명 제거. HnS는 {B_DEF_ABILITY} 포함 유지(규칙상 문장 수정 금지)
STRINGID_PKMNCUTSATTACKWITH	`{B_DEF_NAME_WITH_PREFIX}의\n공격이 떨어졌다!` (battle_message.c:386)	(기존대로)	영문 본문·주석만 변경	영향 없음	HnS 한글이 이미 새 영문과 같은 의미·토큰(`…의\n공격이 떨어졌다!`)
STRINGID_ATTACKERSSTATROSE	`{B_ATK_NAME_WITH_PREFIX}의\n{B_BUFF1}{B_TXT_IGA} {B_BUFF2}올라갔다!` (battle_message.c:392)	(기존대로)	영문 본문·주석만 변경	영향 없음	영문 어순(rose{B_BUFF2}) 변경. 한국어 앞 배치 유지
STRINGID_SCRIPTINGSTATROSE	`{B_SCR_NAME_WITH_PREFIX}의\n{B_BUFF1}{B_TXT_IGA} {B_BUFF2}올라갔다!` (battle_message.c:394)	(기존대로)	영문 본문·주석만 변경	영향 없음	〃
gText_DefendersStatRose	`{B_DEF_NAME_WITH_PREFIX}의\n{B_BUFF1}{B_TXT_IGA} {B_BUFF2}올라갔다!` (battle_message.c:80)	(기존대로)	영문 본문·주석만 변경	영향 없음	〃
gText_StatSharply	`크게 ` (battle_message.c:77)	(기존대로)	영문 본문·주석만 변경	영향 없음	영문 ` sharply`(앞 공백)로 변경. HnS `크게 ` 유지 필수
gText_drastically	`매우 크게 ` (battle_message.c:190)	(기존대로)	영문 본문·주석만 변경	영향 없음	영문 ` drastically`(앞 공백)로 변경. HnS `매우 크게 ` 유지 필수
STRINGID_ENEMYABOUTTOSWITCHPKMN	`{B_TRAINER1_CLASS} {B_TRAINER1_NAME}{B_TXT_EUNNEUN}\n{B_BUFF2}{B_TXT_EULREUL} 내보내려 하고 있다\p{B_PLAYER_NAME}도 포켓몬을\n교체하겠습니까?` (battle_message.c:461)	(기존대로)	영문 본문·주석만 변경	영향 없음	영문에서 \p 제거. HnS 두 쪽 구성 유지
STRINGID_PKMNSXPREVENTSYLOSS	`{B_SCR_NAME_WITH_PREFIX}의\n{B_BUFF1}{B_TXT_EUNNEUN} 떨어지지 않는다!` (battle_message.c:486)	(기존대로)	영문 본문·주석만 변경	영향 없음	HnS 한글이 이미 해당 의미이거나 특성명 없는 형태. 유지
STRINGID_PKMNSXINFATUATEDY	`{B_ATK_NAME_WITH_PREFIX}{B_TXT_EUNNEUN}\n헤롱헤롱해졌다!` (battle_message.c:487)	(기존대로)	영문 본문·주석만 변경	영향 없음	영문 PREFIX2(#9982에서 복구). HnS 이미 최종형
STRINGID_ITEMSCANTBEUSEDNOW	`여기에서는 도구를 사용할 수 없습니다!{PAUSE 64}` (battle_message.c:499)	(기존대로)	영문 본문·주석만 변경	영향 없음	HnS 한글이 이미 해당 의미이거나 특성명 없는 형태. 유지
STRINGID_USINGITEMSTATOFPKMNROSE	`{B_SCR_NAME_WITH_PREFIX2}{B_TXT_EUNNEUN} {B_LAST_ITEM}{B_TXT_EU}로\n{B_BUFF1}{B_TXT_IGA} {B_BUFF2}올라갔다!` (battle_message.c:500)	(기존대로)	영문 본문·주석만 변경	영향 없음	영문 BUFF2 위치 이동. HnS 어순·`크게 ` 유지
STRINGID_USINGITEMSTATOFPKMNFELL	`{B_SCR_NAME_WITH_PREFIX2}{B_TXT_EUNNEUN} {B_LAST_ITEM}{B_TXT_EU}로\n{B_BUFF1}{B_TXT_IGA} {B_BUFF2}떨어졌다!` (battle_message.c:501)	(기존대로)	영문 본문·주석만 변경	영향 없음	〃
STRINGID_ICEBODYHPGAIN	`{B_ATK_NAME_WITH_PREFIX}'s {B_ATK_ABILITY} healed it a little bit!` (battle_message.c:621)	(기존대로)	영문 본문·주석만 변경	영향 없음	주석만. HnS 영문 잔존·미사용
STRINGID_SYMBIOSISITEMPASS	`{B_EFF_NAME_WITH_PREFIX2}{B_TXT_EUNNEUN} {B_SCR_NAME_WITH_PREFIX}{B_TXT_EU}로부터\n{B_LAST_ITEM}{B_TXT_EULREUL} 받았다!` (battle_message.c:627)	(기존대로)	영문 본문·주석만 변경	영향 없음	HnS 한글이 이미 해당 의미이거나 특성명 없는 형태. 유지
STRINGID_CURSEDBODYDISABLED	`{B_ATK_NAME_WITH_PREFIX}의\n{B_BUFF1}{B_TXT_EULREUL} 봉인했다!` (battle_message.c:636)	(기존대로)	영문 본문·주석만 변경	영향 없음	HnS 한글이 이미 해당 의미이거나 특성명 없는 형태. 유지
STRINGID_ATTACKERACQUIREDABILITY	`{B_ATK_NAME_WITH_PREFIX}{B_TXT_EUNNEUN}\n{B_ATK_ABILITY}{B_TXT_IGA} 되었다!` (battle_message.c:637)	(기존대로)	영문 본문·주석만 변경	영향 없음	HnS 한글이 이미 해당 의미이거나 특성명 없는 형태. 유지
STRINGID_PKMNMOVEBOUNCEDABILITY	`{B_ATK_NAME_WITH_PREFIX}의\n{B_CURRENT_MOVE}{B_TXT_EULREUL} 되받아쳤다!` (battle_message.c:640)	(기존대로)	영문 본문·주석만 변경	영향 없음	HnS 한글이 이미 해당 의미이거나 특성명 없는 형태. 유지
STRINGID_IMPOSTERTRANSFORM	`{B_ATK_NAME_WITH_PREFIX}{B_TXT_EUNNEUN}\n{B_DEF_NAME_WITH_PREFIX2}{B_TXT_EU}로 변신했다!` (battle_message.c:641)	(기존대로)	영문 본문·주석만 변경	영향 없음	HnS 한글이 이미 해당 의미이거나 특성명 없는 형태. 유지
STRINGID_PKMNTERASTALLIZEDINTO	`{B_ATK_NAME_WITH_PREFIX} terastallized into the {B_BUFF1} type!` (battle_message.c:860)	(기존대로)	영문 본문·주석만 변경	영향 없음	HnS 한글이 이미 해당 의미이거나 특성명 없는 형태. 유지
