구역	HnS 출력 변경 행	#9655와 겹침	#9655 변경 내용	HnS 동작 보존 적응
기술·필드	일격기 성공 STRINGID_ONEHITKO	없음(인접)	옹골참이 일격기를 막을 때 문구만 PKMNPROTECTEDBY→ITDOESNTAFFECT	해당 없음. 옹골참 방지 문구 변화는 upstream 유래로 따로 기록
기술·필드	오로라베일 성공 → PKMNRAISEDDEFSPDEF	겹침	STRINGID_PKMNAURORAVEIL 신규, gReflectLightScreenSafeguardStringIds[B_MSG_SET_AURORA_VEIL]→PKMNAURORAVEIL, SetMoveEffect·BS_SetAuroraVeil이 B_MSG_SET_AURORA_VEIL 설정(HnS 이미 설정)	enum에 PKMNAURORAVEIL만 추가(본문=PKMNRAISEDDEFSPDEF 복제). 표 매핑은 HnS 값 유지. SetMoveEffect·BS_SetAuroraVeil hunk는 HnS에 이미 있음 → 제외
기술·필드	리플렉터·빛의장막·오로라베일 개별 해제(만료·안개제거)	겹침(ID)	upstream이 REFLECT/LIGHTSCREEN/AURORAVEIL WOREOFF를 enum 끝에 신규 추가({B_DEF_TEAM1})	중복 추가 금지. HnS enum 위치(:336-338)·{B_ATK_PREFIX1} 본문 유지. 턴 종료·안개제거 경로는 공격자=해당 진영이라 정상
기술·필드	깨뜨리다·사이코팽·레이징불 복수 방벽 순차 출력	겹침(동일 기능)	BattleScript_BreakScreens 비트마스크 분기(CMP_BITMASK), SetMoveEffect에서 gSideTimers로 비트 설정, gBreakScreensStringIds 신규	HnS 구현 유지(비트값 enum + CMP_COMMON_BITS, MULTISTRING 0 초기화, 상태 비트 기준). upstream BreakScreens·SetMoveEffect hunk 제외. CMP_BITMASK는 멘탈허브용으로만 추가하고 B_MSG_BREAK_*에는 쓰지 않음(HnS 값은 1<<n이라 섞으면 오동작). 진영 표기는 D6-a
기술·필드	배리어프리 방벽 제거	없음	-	해당 없음(같은 BreakScreensMessages를 쓰므로 위 행 유지로 보존)
기술·필드	흰안개 만료·안개제거 → NOLONGERMIST	없음	-	해당 없음
기술·필드	신비의부적 안개제거 → PKMNSAFEGUARDEXPIRED	없음	-	해당 없음
기술·필드	고속스핀·킬러스핀·안개제거 장판별 DISAPPEAREDFROMTEAM	겹침	gSpinHazardsStringIds 삭제, gDefogHazardsStringIds→gRemoveHazardsStringIds, BattleScript_SpinHazardsAway/DefogClearHazards→BattleScript_RemoveHazards, 플레이어 측 끈적끈적네트 전용 STICKYWEBDISAPPEAREDFROMYOU 분기	upstream 이름으로 통합(HnS 두 표의 한글 결과가 같음: 강철 PKMNBLEWAWAYSHARPSTEEL=SHARPSTEELDISAPPEAREDFROMTEAM 바이트 동일). 끈적끈적네트 YOU 분기는 넣지 않음(#9777에서 삭제). 출력 불변
기술·필드	고속스핀 바인드 해제 → PKMNFREEDFROM	간접	PKMNGOTFREE 영문이 `was freed from {B_BUFF1}!`로 바뀜(스크립트는 PKMNGOTFREE 유지)	HnS BattleScript_WrapFree→PKMNFREEDFROM 유지. 선택: PKMNGOTFREE에 HnS PKMNFREEDFROM 본문을 넣고 upstream ID로 통일(출력 동일)
기술·필드	Champions 0.5배 미만·2배 초과 상성	없음	-	해당 없음
기술·필드	방어 측 대상명 급소·상성(ONDEF·TWOFOES)	없음	-	해당 없음(#10144 C안과도 무관)
기술·필드	명중 판정 변화기 빗나감 → gMissStringIds[B_MSG_AVOIDED_ATK](#9929)	겹침(같은 표)	gMissStringIds[B_MSG_MISSED]→PKMNAVOIDEDATTACK, resultmessage→PKMNEVADEDATTACK, AccuracyCheck MISS_TYPE 값 변경	B_MSG_AVOIDED_ATK 경로는 불변. HnS AccuracyCheck #9929 삼항식은 유지하고 MISS_TYPE 줄만 반영. 일반 빗나감 문장은 결정 D1
기술·필드	난동 혼란 시점(#9249)	없음	-	해당 없음
기술·필드	거다이골드러시(#9514)	없음	-	해당 없음
기술·필드	폴터가이스트+대타출동(#9610)	없음	-	해당 없음
기술·필드	참기(#9532)	없음	-	해당 없음
상태이상	특성 유발 상태이상 → 일반 PKMNWAS* 문구	겹침(결과 동일)	SetNonVolatileStatus가 B_MSG_STATUSED_BY_ABILITY를 더는 고르지 않음	upstream대로 적용. HnS 표의 BY_ABILITY 값이 STATUSED와 같아 출력 불변(얼음만 PKMNFROZENBY→PKMNWASFROZEN이지만 특성 얼음 유발 경로 없음)
상태이상	맹독구슬·화염구슬 직접 출력	없음	-	해당 없음(#9680 seq 132 과제)
상태이상	브레이브차지·리프레시·정글힐·초승달의기도·사이코시프트, 촉촉한몸·탈피 상태별 회복	핵심 겹침(같은 목표)	gCureStatusStringIds(SCRCURED*, {B_SCR}) 신규, curestatuswithmove·BS_CureStatus·ABILITY_HEAL_MON_STATUS가 MULTISTRING 설정, 스크립트 printstring→printfromtable	HnS gStatusCureStringIds를 upstream 이름 gCureStatusStringIds로 바꾸고 값은 SCRCURED*(HnS 기존 본문 재사용). HnS GetCuredStatusMessage는 유지(동일 선택). 결과: 같은 문장, 정글힐 아군 회복 등에서 이름이 실제 회복 대상으로 교정, 동상은 `상태이상이 나았다`→`동상이 나았다`
상태이상	리샘열매 상태별 반복 출력	겹침(충돌)	TryCureAnyStatus를 상태별+BattleScript_BerryCureStatusAndConfusionRet으로 재작성, CureStatusBerryEffectStringID에서 PROBLEM/NORMALIZED 항목 삭제	HnS lumBerryCureStatusMask·trynextlumberrycurestatus 루프 유지, TryCureAnyStatus hunk 제외. 새 스크립트는 넣지 않거나 미사용으로만 둠. CureStatusBerryEffectStringID의 PROBLEM/NORMALIZED 항목 유지(enum 재배치 뒤 범위 안전)
상태이상	정화 상태별 회복(gPurifyStatusCureStringIds)	간접	B_MSG_CURED_* enum 재배치·FREEEZE 오타 수정·INFATUATION/TAUNT 추가	지정 초기화라 값 재배치 영향 없음. FREEEZE→FREEZE 이름만 교체
상태이상	잠자기 → PKMNSLEPTHEALTHY	겹침(결과 동일)	printfromtable gRestUsedStringIds → printstring PKMNSLEPTHEALTHY	upstream대로 적용 가능(출력 동일)
상태이상	불면·의기양양 → PKMNSTAYEDAWAKEUSING	문자열만	영문 `stayed awake!`로 변경	HnS 한글(`잠들지 않는다!`) 유지
상태이상	스위트베일 → PKMNSXMADEITINEFFECTIVE	문자열만	영문을 `item cannot be removed!`로 변경(#10149에서 복구)	HnS 한글 유지(#10149 동등 판정과 같음)
상태이상	리프가드·리밋실드 잠자기 방지 → PKMNCANNOTSLEEP	없음	-	해당 없음
상태이상	상태이상 방지 특성 → 상태별 실패	없음	-	해당 없음
상태이상	마그마의무장 얼음 방지 팝업 삭제	없음(인접)	TryImmunityAbilityHealStatus 마그마의무장 회복을 얼음/동상으로 분리(회복 경로, 방지 경로 아님)	해당 없음
상태이상	특성에 의한 상태 회복 → 상태별, 혼란·헤롱헤롱·도발 전용	핵심 겹침(같은 목표)	TryImmunityAbilityHealStatus가 MULTISTRING(INFATUATION/TAUNT 포함) 설정, 헤롱헤롱·도발도 AbilityCuredStatus로 통합, gCureStatusStringIds	HnS switch·전용 스크립트(BattlerGotOverItsInfatuation/ShookOffTaunt) 유지 가능. 문장은 모두 같은 ID. 표만 gCureStatusStringIds로 교체
상태이상	습기가 유폭 차단(텍스트 없음)	겹침(충돌)	DampPreventsAftermath printstring을 SCR_ITDOESNTAFFECT로 교체	hunk 제외(HnS는 printstring 자체가 없음)
특성·도구	포이즌힐 텍스트 없음	겹침(같은 방향)	텍스트 삭제 + B_ANIM_SIMPLE_HEAL 추가	텍스트 없음 유지. 회복 애니메이션 추가는 upstream대로(시각만). HnS 문서 '팝업과 HP 회복 애니메이션만'과 일치
특성·도구	솔라파워·건조피부 햇빛 피해 텍스트 없음	겹침(같음)	텍스트 삭제	HnS에 이미 반영 → hunk 제외
특성·도구	아이스바디 텍스트 없음	인접	AbilityHpHeal(젖은접시 등) 텍스트 삭제·애니메이션 추가	아이스바디 스크립트는 그대로. 젖은접시·건조피부(비)·볼주머니 텍스트 삭제는 upstream 유래 변화로 기록
특성·도구	치유의마음 → HEALERCURE	겹침(충돌)	HealerActivates를 printfromtable gCureStatusStringIds로 교체, HEALERCURE 영문 변경	hunk 제외, HnS `…은(는)\n치유되었다!` 유지
특성·도구	도주 특성 팝업 → PKMNFLEDUSING	겹침(충돌)	팝업 + GOTAWAYSAFELY	결정 D3(권장 A: HnS copybyte·팝업·PKMNFLEDUSING 유지)
특성·도구	끈적끈적바늘 전이 무출력	없음	-	해당 없음
특성·도구	야생 도구 드롭	없음	-	해당 없음
특성·도구	텔레포트 도주 불가 특성 무시	없음	-	해당 없음
특성·도구	생명의구슬 → LOSTSOMEOFITSHP	없음	-	해당 없음(gHurtByStringIds는 접촉 피해용)
특성·도구	아이템 발동 팝업(Champions)	겹침(스크립트)	울퉁불퉁멧 도구 애니메이션 삭제, 자보·애터열매·울퉁불퉁멧 MULTISTRING=B_MSG_HURT_BY_ITEM, 멘탈허브 스크립트 재작성	HnS ItemPopUp 호출 줄 보존. 울퉁불퉁멧 애니메이션 삭제는 upstream대로(팝업은 남음). 멘탈허브 새 분기 스크립트에도 HnS 팝업 위치 유지, HnS 전용 MentalHerbCureFling도 비트마스크 분기로 교체 필수
특성·도구	싱크로·상태 치료 열매 시점(#9446)	없음	-	해당 없음
특성·도구	탈출버튼·탈출팩·유턴 교체 순서(#9494)	없음	-	해당 없음
특성·도구	레드카드 뒤 위기회피(#9494)	없음	-	해당 없음
특성·도구	목스프레이·과사열매·허탕보험 시점(#9494)	없음	-	해당 없음
