#mode	pre
CONST	BERRY_NONE	0
CONST	FIRST_BERRY_INDEX	514
CONST	LAST_BERRY_INDEX	581
CONST	NUM_BERRIES(=last valid berry no)	68
CONST	ENIGMA_BERRY no	61
CONST	ENIGMA_BERRY_E_READER no	68
CONST	BERRY_TREES_COUNT	128
CONST	BerryTree.berry bits(>=)	7
CONST	berry item count(items.h block)	68
ITEM	514	ITEM_CHERI_BERRY	1
ITEM	515	ITEM_CHESTO_BERRY	2
ITEM	516	ITEM_PECHA_BERRY	3
ITEM	517	ITEM_RAWST_BERRY	4
ITEM	518	ITEM_ASPEAR_BERRY	5
ITEM	519	ITEM_LEPPA_BERRY	6
ITEM	520	ITEM_ORAN_BERRY	7
ITEM	521	ITEM_PERSIM_BERRY	8
ITEM	522	ITEM_LUM_BERRY	9
ITEM	523	ITEM_SITRUS_BERRY	10
ITEM	524	ITEM_FIGY_BERRY	11
ITEM	525	ITEM_WIKI_BERRY	12
ITEM	526	ITEM_MAGO_BERRY	13
ITEM	527	ITEM_AGUAV_BERRY	14
ITEM	528	ITEM_IAPAPA_BERRY	15
ITEM	529	ITEM_RAZZ_BERRY	16
ITEM	530	ITEM_BLUK_BERRY	17
ITEM	531	ITEM_NANAB_BERRY	18
ITEM	532	ITEM_WEPEAR_BERRY	19
ITEM	533	ITEM_PINAP_BERRY	20
ITEM	534	ITEM_POMEG_BERRY	21
ITEM	535	ITEM_KELPSY_BERRY	22
ITEM	536	ITEM_QUALOT_BERRY	23
ITEM	537	ITEM_HONDEW_BERRY	24
ITEM	538	ITEM_GREPA_BERRY	25
ITEM	539	ITEM_TAMATO_BERRY	26
ITEM	540	ITEM_CORNN_BERRY	27
ITEM	541	ITEM_MAGOST_BERRY	28
ITEM	542	ITEM_RABUTA_BERRY	29
ITEM	543	ITEM_NOMEL_BERRY	30
ITEM	544	ITEM_SPELON_BERRY	31
ITEM	545	ITEM_PAMTRE_BERRY	32
ITEM	546	ITEM_WATMEL_BERRY	33
ITEM	547	ITEM_DURIN_BERRY	34
ITEM	548	ITEM_BELUE_BERRY	35
ITEM	549	ITEM_CHILAN_BERRY	36
ITEM	550	ITEM_OCCA_BERRY	37
ITEM	551	ITEM_PASSHO_BERRY	38
ITEM	552	ITEM_WACAN_BERRY	39
ITEM	553	ITEM_RINDO_BERRY	40
ITEM	554	ITEM_YACHE_BERRY	41
ITEM	555	ITEM_CHOPLE_BERRY	42
ITEM	556	ITEM_KEBIA_BERRY	43
ITEM	557	ITEM_SHUCA_BERRY	44
ITEM	558	ITEM_COBA_BERRY	45
ITEM	559	ITEM_PAYAPA_BERRY	46
ITEM	560	ITEM_TANGA_BERRY	47
ITEM	561	ITEM_CHARTI_BERRY	48
ITEM	562	ITEM_KASIB_BERRY	49
ITEM	563	ITEM_HABAN_BERRY	50
ITEM	564	ITEM_COLBUR_BERRY	51
ITEM	565	ITEM_BABIRI_BERRY	52
ITEM	566	ITEM_ROSELI_BERRY	53
ITEM	567	ITEM_LIECHI_BERRY	54
ITEM	568	ITEM_GANLON_BERRY	55
ITEM	569	ITEM_SALAC_BERRY	56
ITEM	570	ITEM_PETAYA_BERRY	57
ITEM	571	ITEM_APICOT_BERRY	58
ITEM	572	ITEM_LANSAT_BERRY	59
ITEM	573	ITEM_STARF_BERRY	60
ITEM	574	ITEM_ENIGMA_BERRY	61
ITEM	575	ITEM_MICLE_BERRY	62
ITEM	576	ITEM_CUSTAP_BERRY	63
ITEM	577	ITEM_JABOCA_BERRY	64
ITEM	578	ITEM_ROWAP_BERRY	65
ITEM	579	ITEM_KEE_BERRY	66
ITEM	580	ITEM_MARANGA_BERRY	67
ITEM	581	ITEM_ENIGMA_BERRY_E_READER	68
BERRY_INVALID	0	514	ITEM_CHERI_BERRY
BERRY	1	514	ITEM_CHERI_BERRY
BERRY	2	515	ITEM_CHESTO_BERRY
BERRY	3	516	ITEM_PECHA_BERRY
BERRY	4	517	ITEM_RAWST_BERRY
BERRY	5	518	ITEM_ASPEAR_BERRY
BERRY	6	519	ITEM_LEPPA_BERRY
BERRY	7	520	ITEM_ORAN_BERRY
BERRY	8	521	ITEM_PERSIM_BERRY
BERRY	9	522	ITEM_LUM_BERRY
BERRY	10	523	ITEM_SITRUS_BERRY
BERRY	11	524	ITEM_FIGY_BERRY
BERRY	12	525	ITEM_WIKI_BERRY
BERRY	13	526	ITEM_MAGO_BERRY
BERRY	14	527	ITEM_AGUAV_BERRY
BERRY	15	528	ITEM_IAPAPA_BERRY
BERRY	16	529	ITEM_RAZZ_BERRY
BERRY	17	530	ITEM_BLUK_BERRY
BERRY	18	531	ITEM_NANAB_BERRY
BERRY	19	532	ITEM_WEPEAR_BERRY
BERRY	20	533	ITEM_PINAP_BERRY
BERRY	21	534	ITEM_POMEG_BERRY
BERRY	22	535	ITEM_KELPSY_BERRY
BERRY	23	536	ITEM_QUALOT_BERRY
BERRY	24	537	ITEM_HONDEW_BERRY
BERRY	25	538	ITEM_GREPA_BERRY
BERRY	26	539	ITEM_TAMATO_BERRY
BERRY	27	540	ITEM_CORNN_BERRY
BERRY	28	541	ITEM_MAGOST_BERRY
BERRY	29	542	ITEM_RABUTA_BERRY
BERRY	30	543	ITEM_NOMEL_BERRY
BERRY	31	544	ITEM_SPELON_BERRY
BERRY	32	545	ITEM_PAMTRE_BERRY
BERRY	33	546	ITEM_WATMEL_BERRY
BERRY	34	547	ITEM_DURIN_BERRY
BERRY	35	548	ITEM_BELUE_BERRY
BERRY	36	549	ITEM_CHILAN_BERRY
BERRY	37	550	ITEM_OCCA_BERRY
BERRY	38	551	ITEM_PASSHO_BERRY
BERRY	39	552	ITEM_WACAN_BERRY
BERRY	40	553	ITEM_RINDO_BERRY
BERRY	41	554	ITEM_YACHE_BERRY
BERRY	42	555	ITEM_CHOPLE_BERRY
BERRY	43	556	ITEM_KEBIA_BERRY
BERRY	44	557	ITEM_SHUCA_BERRY
BERRY	45	558	ITEM_COBA_BERRY
BERRY	46	559	ITEM_PAYAPA_BERRY
BERRY	47	560	ITEM_TANGA_BERRY
BERRY	48	561	ITEM_CHARTI_BERRY
BERRY	49	562	ITEM_KASIB_BERRY
BERRY	50	563	ITEM_HABAN_BERRY
BERRY	51	564	ITEM_COLBUR_BERRY
BERRY	52	565	ITEM_BABIRI_BERRY
BERRY	53	566	ITEM_ROSELI_BERRY
BERRY	54	567	ITEM_LIECHI_BERRY
BERRY	55	568	ITEM_GANLON_BERRY
BERRY	56	569	ITEM_SALAC_BERRY
BERRY	57	570	ITEM_PETAYA_BERRY
BERRY	58	571	ITEM_APICOT_BERRY
BERRY	59	572	ITEM_LANSAT_BERRY
BERRY	60	573	ITEM_STARF_BERRY
BERRY	61	574	ITEM_ENIGMA_BERRY
BERRY	62	575	ITEM_MICLE_BERRY
BERRY	63	576	ITEM_CUSTAP_BERRY
BERRY	64	577	ITEM_JABOCA_BERRY
BERRY	65	578	ITEM_ROWAP_BERRY
BERRY	66	579	ITEM_KEE_BERRY
BERRY	67	580	ITEM_MARANGA_BERRY
BERRY	68	581	ITEM_ENIGMA_BERRY_E_READER
BERRY_INVALID	69	514	ITEM_CHERI_BERRY
BERRY_INVALID	70	514	ITEM_CHERI_BERRY
BERRY_INVALID	71	514	ITEM_CHERI_BERRY
BERRY_INVALID	72	514	ITEM_CHERI_BERRY
BERRY_INVALID	73	514	ITEM_CHERI_BERRY
BERRY_INVALID	74	514	ITEM_CHERI_BERRY
BERRY_INVALID	75	514	ITEM_CHERI_BERRY
BERRY_INVALID	76	514	ITEM_CHERI_BERRY
BERRY_INVALID	77	514	ITEM_CHERI_BERRY
BERRY_INVALID	78	514	ITEM_CHERI_BERRY
BERRY_INVALID	79	514	ITEM_CHERI_BERRY
BERRY_INVALID	80	514	ITEM_CHERI_BERRY
BERRY_INVALID	81	514	ITEM_CHERI_BERRY
BERRY_INVALID	82	514	ITEM_CHERI_BERRY
BERRY_INVALID	83	514	ITEM_CHERI_BERRY
BERRY_INVALID	84	514	ITEM_CHERI_BERRY
BERRY_INVALID	85	514	ITEM_CHERI_BERRY
BERRY_INVALID	86	514	ITEM_CHERI_BERRY
BERRY_INVALID	87	514	ITEM_CHERI_BERRY
BERRY_INVALID	88	514	ITEM_CHERI_BERRY
BERRY_INVALID	89	514	ITEM_CHERI_BERRY
BERRY_INVALID	90	514	ITEM_CHERI_BERRY
BERRY_INVALID	91	514	ITEM_CHERI_BERRY
BERRY_INVALID	92	514	ITEM_CHERI_BERRY
BERRY_INVALID	93	514	ITEM_CHERI_BERRY
BERRY_INVALID	94	514	ITEM_CHERI_BERRY
BERRY_INVALID	95	514	ITEM_CHERI_BERRY
BERRY_INVALID	96	514	ITEM_CHERI_BERRY
BERRY_INVALID	97	514	ITEM_CHERI_BERRY
BERRY_INVALID	98	514	ITEM_CHERI_BERRY
BERRY_INVALID	99	514	ITEM_CHERI_BERRY
BERRY_INVALID	100	514	ITEM_CHERI_BERRY
BERRY_INVALID	101	514	ITEM_CHERI_BERRY
BERRY_INVALID	102	514	ITEM_CHERI_BERRY
BERRY_INVALID	103	514	ITEM_CHERI_BERRY
BERRY_INVALID	104	514	ITEM_CHERI_BERRY
BERRY_INVALID	105	514	ITEM_CHERI_BERRY
BERRY_INVALID	106	514	ITEM_CHERI_BERRY
BERRY_INVALID	107	514	ITEM_CHERI_BERRY
BERRY_INVALID	108	514	ITEM_CHERI_BERRY
BERRY_INVALID	109	514	ITEM_CHERI_BERRY
BERRY_INVALID	110	514	ITEM_CHERI_BERRY
BERRY_INVALID	111	514	ITEM_CHERI_BERRY
BERRY_INVALID	112	514	ITEM_CHERI_BERRY
BERRY_INVALID	113	514	ITEM_CHERI_BERRY
BERRY_INVALID	114	514	ITEM_CHERI_BERRY
BERRY_INVALID	115	514	ITEM_CHERI_BERRY
BERRY_INVALID	116	514	ITEM_CHERI_BERRY
BERRY_INVALID	117	514	ITEM_CHERI_BERRY
BERRY_INVALID	118	514	ITEM_CHERI_BERRY
BERRY_INVALID	119	514	ITEM_CHERI_BERRY
BERRY_INVALID	120	514	ITEM_CHERI_BERRY
BERRY_INVALID	121	514	ITEM_CHERI_BERRY
BERRY_INVALID	122	514	ITEM_CHERI_BERRY
BERRY_INVALID	123	514	ITEM_CHERI_BERRY
BERRY_INVALID	124	514	ITEM_CHERI_BERRY
BERRY_INVALID	125	514	ITEM_CHERI_BERRY
BERRY_INVALID	126	514	ITEM_CHERI_BERRY
BERRY_INVALID	127	514	ITEM_CHERI_BERRY
