#idx	treeId	treeConst	berryNo	berryToken	stage
0	2	BERRY_TREE_ROUTE_102_ORAN	7	ORAN	5
1	1	BERRY_TREE_ROUTE_102_PECHA	3	PECHA	5
2	11	BERRY_TREE_ROUTE_104_ORAN_2	7	ORAN	5
3	13	BERRY_TREE_ROUTE_104_PECHA	3	PECHA	5
4	4	BERRY_TREE_ROUTE_104_ORAN_1	7	ORAN	5
5	76	BERRY_TREE_ROUTE_104_CHERI_2	1	CHERI	5
6	8	BERRY_TREE_ROUTE_104_CHERI_1	1	CHERI	5
7	10	BERRY_TREE_ROUTE_104_LEPPA	6	LEPPA	5
8	25	BERRY_TREE_ROUTE_116_PINAP_1	20	PINAP	5
9	26	BERRY_TREE_ROUTE_116_CHESTO_1	2	CHESTO	5
10	66	BERRY_TREE_ROUTE_116_CHESTO_2	2	CHESTO	5
11	67	BERRY_TREE_ROUTE_116_PINAP_2	20	PINAP	5
12	69	BERRY_TREE_ROUTE_115_KELPSY_1	22	KELPSY	5
13	70	BERRY_TREE_ROUTE_115_KELPSY_2	22	KELPSY	5
14	71	BERRY_TREE_ROUTE_115_KELPSY_3	22	KELPSY	5
15	55	BERRY_TREE_ROUTE_115_BLUK_1	17	BLUK	5
16	56	BERRY_TREE_ROUTE_115_BLUK_2	17	BLUK	5
17	5	BERRY_TREE_ROUTE_103_CHERI_1	1	CHERI	5
18	6	BERRY_TREE_ROUTE_103_LEPPA	6	LEPPA	5
19	7	BERRY_TREE_ROUTE_103_CHERI_2	1	CHERI	5
20	16	BERRY_TREE_ROUTE_110_NANAB_1	18	NANAB	5
21	17	BERRY_TREE_ROUTE_110_NANAB_2	18	NANAB	5
22	18	BERRY_TREE_ROUTE_110_NANAB_3	18	NANAB	5
23	29	BERRY_TREE_ROUTE_117_WEPEAR_3	19	WEPEAR	5
24	28	BERRY_TREE_ROUTE_117_WEPEAR_2	19	WEPEAR	5
25	27	BERRY_TREE_ROUTE_117_WEPEAR_1	19	WEPEAR	5
26	24	BERRY_TREE_ROUTE_112_RAWST_2	4	RAWST	5
27	23	BERRY_TREE_ROUTE_112_PECHA_2	3	PECHA	5
28	22	BERRY_TREE_ROUTE_112_PECHA_1	3	PECHA	5
29	21	BERRY_TREE_ROUTE_112_RAWST_1	4	RAWST	5
30	19	BERRY_TREE_ROUTE_111_RAZZ_1	16	RAZZ	5
31	20	BERRY_TREE_ROUTE_111_RAZZ_2	16	RAZZ	5
32	80	BERRY_TREE_ROUTE_111_ORAN_1	7	ORAN	5
33	81	BERRY_TREE_ROUTE_111_ORAN_2	7	ORAN	5
34	77	BERRY_TREE_ROUTE_114_PERSIM_2	8	PERSIM	5
35	78	BERRY_TREE_ROUTE_114_PERSIM_3	8	PERSIM	5
36	68	BERRY_TREE_ROUTE_114_PERSIM_1	8	PERSIM	5
37	31	BERRY_TREE_ROUTE_118_SITRUS_1	10	SITRUS	5
38	33	BERRY_TREE_ROUTE_118_SITRUS_2	10	SITRUS	5
39	34	BERRY_TREE_ROUTE_119_POMEG_1	21	POMEG	5
40	35	BERRY_TREE_ROUTE_119_POMEG_2	21	POMEG	5
41	36	BERRY_TREE_ROUTE_119_POMEG_3	21	POMEG	5
42	83	BERRY_TREE_ROUTE_119_HONDEW_1	24	HONDEW	5
43	84	BERRY_TREE_ROUTE_119_HONDEW_2	24	HONDEW	5
44	85	BERRY_TREE_ROUTE_119_SITRUS	10	SITRUS	5
45	86	BERRY_TREE_ROUTE_119_LEPPA	6	LEPPA	5
46	37	BERRY_TREE_ROUTE_120_ASPEAR_1	5	ASPEAR	5
47	38	BERRY_TREE_ROUTE_120_ASPEAR_2	5	ASPEAR	5
48	39	BERRY_TREE_ROUTE_120_ASPEAR_3	5	ASPEAR	5
49	40	BERRY_TREE_ROUTE_120_PECHA_1	3	PECHA	5
50	41	BERRY_TREE_ROUTE_120_PECHA_2	3	PECHA	5
51	42	BERRY_TREE_ROUTE_120_PECHA_3	3	PECHA	5
52	46	BERRY_TREE_ROUTE_120_WEPEAR	19	WEPEAR	5
53	45	BERRY_TREE_ROUTE_120_PINAP	20	PINAP	5
54	44	BERRY_TREE_ROUTE_120_NANAB	18	NANAB	5
55	43	BERRY_TREE_ROUTE_120_RAZZ	16	RAZZ	5
56	47	BERRY_TREE_ROUTE_121_PERSIM	8	PERSIM	5
57	48	BERRY_TREE_ROUTE_121_ASPEAR	5	ASPEAR	5
58	49	BERRY_TREE_ROUTE_121_RAWST	4	RAWST	5
59	50	BERRY_TREE_ROUTE_121_CHESTO	2	CHESTO	5
60	52	BERRY_TREE_ROUTE_121_NANAB_1	18	NANAB	5
61	53	BERRY_TREE_ROUTE_121_NANAB_2	18	NANAB	5
62	62	BERRY_TREE_ROUTE_123_LEPPA_1	6	LEPPA	5
63	64	BERRY_TREE_ROUTE_123_LEPPA_2	6	LEPPA	5
64	58	BERRY_TREE_ROUTE_123_POMEG_3	21	POMEG	5
65	59	BERRY_TREE_ROUTE_123_POMEG_4	21	POMEG	5
66	60	BERRY_TREE_ROUTE_123_GREPA_1	25	GREPA	5
67	61	BERRY_TREE_ROUTE_123_GREPA_2	25	GREPA	5
68	79	BERRY_TREE_ROUTE_123_QUALOT_4	23	QUALOT	5
69	14	BERRY_TREE_ROUTE_123_QUALOT_1	23	QUALOT	5
70	15	BERRY_TREE_ROUTE_123_POMEG_1	21	POMEG	5
71	30	BERRY_TREE_ROUTE_123_POMEG_2	21	POMEG	5
72	65	BERRY_TREE_ROUTE_123_GREPA_3	25	GREPA	5
73	72	BERRY_TREE_ROUTE_123_GREPA_4	25	GREPA	5
74	73	BERRY_TREE_ROUTE_123_QUALOT_2	23	QUALOT	5
75	74	BERRY_TREE_ROUTE_123_QUALOT_3	23	QUALOT	5
76	87	BERRY_TREE_ROUTE_123_PECHA	3	PECHA	5
77	88	BERRY_TREE_ROUTE_123_SITRUS	10	SITRUS	5
78	89	BERRY_TREE_ROUTE_123_RAWST	4	RAWST	5
79	82	BERRY_TREE_ROUTE_130_LIECHI	54	LIECHI	5
80	90	BERRY_TREE_CHERI_1	1	CHERI	5
81	91	BERRY_TREE_CHERI_2	1	CHERI	5
82	92	BERRY_TREE_CHESTO_1	2	CHESTO	5
83	93	BERRY_TREE_CHESTO_2	2	CHESTO	5
84	94	BERRY_TREE_PECHA_1	3	PECHA	5
85	95	BERRY_TREE_PECHA_2	3	PECHA	5
86	96	BERRY_TREE_RAWST_1	4	RAWST	5
87	97	BERRY_TREE_RAWST_2	4	RAWST	5
88	98	BERRY_TREE_ASPEAR_1	5	ASPEAR	5
89	99	BERRY_TREE_ASPEAR_2	5	ASPEAR	5
90	100	BERRY_TREE_LEPPA_1	6	LEPPA	5
91	101	BERRY_TREE_LEPPA_2	6	LEPPA	5
92	102	BERRY_TREE_ORAN_1	7	ORAN	5
93	103	BERRY_TREE_ORAN_2	7	ORAN	5
94	104	BERRY_TREE_PERSIM_1	8	PERSIM	5
95	105	BERRY_TREE_PERSIM_2	8	PERSIM	5
96	106	BERRY_TREE_LUM_1	9	LUM	5
97	107	BERRY_TREE_LUM_2	9	LUM	5
98	108	BERRY_TREE_SITRUS_1	10	SITRUS	5
99	109	BERRY_TREE_SITRUS_2	10	SITRUS	5
100	110	BERRY_TREE_POMEG_1	21	POMEG	5
101	111	BERRY_TREE_POMEG_2	21	POMEG	5
102	112	BERRY_TREE_POMEG_3	21	POMEG	5
103	113	BERRY_TREE_KELPSY_1	22	KELPSY	5
104	114	BERRY_TREE_KELPSY_2	22	KELPSY	5
105	115	BERRY_TREE_KELPSY_3	22	KELPSY	5
106	116	BERRY_TREE_QUALOT_1	23	QUALOT	5
107	117	BERRY_TREE_QUALOT_2	23	QUALOT	5
108	118	BERRY_TREE_QUALOT_3	23	QUALOT	5
109	119	BERRY_TREE_HONDEW_1	24	HONDEW	5
110	120	BERRY_TREE_HONDEW_2	24	HONDEW	5
111	121	BERRY_TREE_HONDEW_3	24	HONDEW	5
112	122	BERRY_TREE_GREPA_1	25	GREPA	5
113	123	BERRY_TREE_GREPA_2	25	GREPA	5
114	124	BERRY_TREE_GREPA_3	25	GREPA	5
115	125	BERRY_TREE_TAMATO_1	26	TAMATO	5
116	126	BERRY_TREE_TAMATO_2	26	TAMATO	5
117	127	BERRY_TREE_TAMATO_3	26	TAMATO	5
