클래스 상수	표시명 전	표시명 후	상금·볼 전	상금·볼 후	바뀜
TRAINER_CLASS_PKMN_TRAINER_1	{PKMN} TRAINER	{PKMN} TRAINER			-
TRAINER_CLASS_PKMN_TRAINER_2	{PKMN} TRAINER	{PKMN} TRAINER			-
TRAINER_CLASS_HIKER	HIKER	등산가	10, B_TRAINER_CLASS_POKE_BALLS >= GEN_8 ? BALL_ULTRA : BALL_POKE	10, B_TRAINER_CLASS_POKE_BALLS >= GEN_8 ? BALL_ULTRA : BALL_POKE	예
TRAINER_CLASS_TEAM_AQUA	TEAM AQUA	TEAM AQUA			-
TRAINER_CLASS_PKMN_BREEDER	{PKMN} BREEDER	포켓몬 브리더	10, B_TRAINER_CLASS_POKE_BALLS >= GEN_8 ? BALL_HEAL : BALL_FRIEND	10, B_TRAINER_CLASS_POKE_BALLS >= GEN_8 ? BALL_HEAL : BALL_FRIEND	예
TRAINER_CLASS_COOLTRAINER	COOLTRAINER	엘리트 트레이너	12, BALL_ULTRA	12, BALL_ULTRA	예
TRAINER_CLASS_BIRD_KEEPER	BIRD KEEPER	새 조련사	8	8	예
TRAINER_CLASS_COLLECTOR	COLLECTOR	포켓몬 컬렉터	15, BALL_PREMIER	15, BALL_PREMIER	예
TRAINER_CLASS_SWIMMER_M	SWIMMER♂	수영팬티소년	2, BALL_DIVE	2, BALL_DIVE	예
TRAINER_CLASS_TEAM_MAGMA	TEAM MAGMA	TEAM MAGMA			-
TRAINER_CLASS_EXPERT	EXPERT	달인	10	10	예
TRAINER_CLASS_AQUA_ADMIN	AQUA ADMIN	AQUA ADMIN	10	10	-
TRAINER_CLASS_BLACK_BELT	BLACK BELT	태권왕	8, BALL_ULTRA	8, BALL_ULTRA	예
TRAINER_CLASS_AQUA_LEADER	AQUA LEADER	AQUA LEADER	20, BALL_MASTER	20, BALL_MASTER	-
TRAINER_CLASS_HEX_MANIAC	HEX MANIAC	오컬트마니아	6	6	예
TRAINER_CLASS_AROMA_LADY	AROMA LADY	아로마 아가씨	10	10	예
TRAINER_CLASS_RUIN_MANIAC	RUIN MANIAC	유적마니아	15	15	예
TRAINER_CLASS_INTERVIEWER	INTERVIEWER	INTERVIEWER	12	12	-
TRAINER_CLASS_TUBER_F	TUBER	튜브걸	1	1	예
TRAINER_CLASS_TUBER_M	TUBER	튜브보이	1	1	예
TRAINER_CLASS_LADY	LADY	아기씨	50	50	예
TRAINER_CLASS_BEAUTY	BEAUTY	아가씨	20, B_TRAINER_CLASS_POKE_BALLS >= GEN_8 ? BALL_GREAT : BALL_POKE	20, B_TRAINER_CLASS_POKE_BALLS >= GEN_8 ? BALL_GREAT : BALL_POKE	예
TRAINER_CLASS_RICH_BOY	RICH BOY	도련님	50	50	예
TRAINER_CLASS_POKEMANIAC	POKéMANIAC	포켓몬 매니아	15	15	예
TRAINER_CLASS_GUITARIST	GUITARIST	기타리스트	8	8	예
TRAINER_CLASS_KINDLER	KINDLER	캠프파이어	8	8	예
TRAINER_CLASS_CAMPER	CAMPER	캠프보이	4	4	예
TRAINER_CLASS_PICNICKER	PICNICKER	피크닉걸	4	4	예
TRAINER_CLASS_BUG_MANIAC	BUG MANIAC	곤충마니아	15	15	예
TRAINER_CLASS_PSYCHIC	PSYCHIC	초능력자	6	6	예
TRAINER_CLASS_GENTLEMAN	GENTLEMAN	신사	20, BALL_LUXURY	20, BALL_LUXURY	예
TRAINER_CLASS_ELITE_FOUR	ELITE FOUR	ELITE FOUR	25, BALL_ULTRA	25, BALL_ULTRA	-
TRAINER_CLASS_LEADER	LEADER	LEADER	25, B_TRAINER_CLASS_POKE_BALLS >= GEN_8 ? BALL_ULTRA : BALL_POKE	25, B_TRAINER_CLASS_POKE_BALLS >= GEN_8 ? BALL_ULTRA : BALL_POKE	-
TRAINER_CLASS_SCHOOL_KID	SCHOOL KID	학원 끝난 아이			예
TRAINER_CLASS_SR_AND_JR	SR. AND JR.	SR. AND JR.	4	4	-
TRAINER_CLASS_WINSTRATE	WINSTRATE	WINSTRATE	10	10	-
TRAINER_CLASS_POKEFAN	POKéFAN	애호가클럽	20	20	예
TRAINER_CLASS_YOUNGSTER	YOUNGSTER	반바지 꼬마	4	4	예
TRAINER_CLASS_CHAMPION	CHAMPION	CHAMPION	50, BALL_ULTRA	50, BALL_ULTRA	-
TRAINER_CLASS_FISHERMAN	FISHERMAN	낚시꾼	10, B_TRAINER_CLASS_POKE_BALLS >= GEN_8 ? BALL_DIVE : BALL_LURE	10, B_TRAINER_CLASS_POKE_BALLS >= GEN_8 ? BALL_DIVE : BALL_LURE	예
TRAINER_CLASS_TRIATHLETE	TRIATHLETE	트라이애슬리트	10	10	예
TRAINER_CLASS_DRAGON_TAMER	DRAGON TAMER	드래곤 조련사	12	12	예
TRAINER_CLASS_NINJA_BOY	NINJA BOY	닌자놀이	3	3	예
TRAINER_CLASS_BATTLE_GIRL	BATTLE GIRL	배틀걸	6	6	예
TRAINER_CLASS_PARASOL_LADY	PARASOL LADY	파라솔 아가씨	10	10	예
TRAINER_CLASS_SWIMMER_F	SWIMMER♀	비키니 아가씨	2, BALL_DIVE	2, BALL_DIVE	예
TRAINER_CLASS_TWINS	TWINS	TWINS	3	3	-
TRAINER_CLASS_SAILOR	SAILOR	선원	8	8	예
TRAINER_CLASS_COOLTRAINER_2	COOLTRAINER	COOLTRAINER	5, BALL_ULTRA	5, BALL_ULTRA	-
TRAINER_CLASS_MAGMA_ADMIN	MAGMA ADMIN	MAGMA ADMIN	10	10	-
TRAINER_CLASS_RIVAL	{PKMN} TRAINER	포켓몬 트레이너	15	15	예
TRAINER_CLASS_BUG_CATCHER	BUG CATCHER	곤충채집소년	4	4	예
TRAINER_CLASS_PKMN_RANGER	{PKMN} RANGER	포켓몬 레인저	12	12	예
TRAINER_CLASS_MAGMA_LEADER	MAGMA LEADER	MAGMA LEADER	20, BALL_MASTER	20, BALL_MASTER	-
TRAINER_CLASS_LASS	LASS	짧은 치마	4	4	예
TRAINER_CLASS_YOUNG_COUPLE	YOUNG COUPLE	YOUNG COUPLE	8	8	-
TRAINER_CLASS_OLD_COUPLE	OLD COUPLE	OLD COUPLE	10	10	-
TRAINER_CLASS_SIS_AND_BRO	SIS AND BRO	SIS AND BRO	3	3	-
TRAINER_CLASS_SALON_MAIDEN	SALON MAIDEN	SALON MAIDEN	5, BALL_ULTRA	5, BALL_ULTRA	-
TRAINER_CLASS_DOME_ACE	DOME ACE	DOME ACE			-
TRAINER_CLASS_PALACE_MAVEN	PALACE MAVEN	PALACE MAVEN			-
TRAINER_CLASS_ARENA_TYCOON	ARENA TYCOON	ARENA TYCOON			-
TRAINER_CLASS_FACTORY_HEAD	FACTORY HEAD	FACTORY HEAD			-
TRAINER_CLASS_PIKE_QUEEN	PIKE QUEEN	PIKE QUEEN			-
TRAINER_CLASS_PYRAMID_KING	PYRAMID KING	PYRAMID KING			-
TRAINER_CLASS_RS_PROTAG	{PKMN} TRAINER	{PKMN} TRAINER			-
TRAINER_CLASS_YOUNGSTER_FRLG	YOUNGSTER	YOUNGSTER	4	4	-
TRAINER_CLASS_BUG_CATCHER_FRLG	BUG CATCHER	BUG CATCHER	3	3	-
TRAINER_CLASS_LASS_FRLG	LASS	LASS	4	4	-
TRAINER_CLASS_SAILOR_FRLG	SAILOR	SAILOR	8	8	-
TRAINER_CLASS_CAMPER_FRLG	CAMPER	CAMPER	5	5	-
TRAINER_CLASS_PICNICKER_FRLG	PICNICKER	PICNICKER	5	5	-
TRAINER_CLASS_POKEMANIAC_FRLG	POKéMANIAC	POKéMANIAC	12	12	-
TRAINER_CLASS_SUPER_NERD_FRLG	SUPER NERD	SUPER NERD	6	6	-
TRAINER_CLASS_HIKER_FRLG	HIKER	HIKER	9	9	-
TRAINER_CLASS_BIKER_FRLG	BIKER	BIKER	5	5	-
TRAINER_CLASS_BURGLAR_FRLG	BURGLAR	BURGLAR	22	22	-
TRAINER_CLASS_ENGINEER_FRLG	ENGINEER	ENGINEER	12	12	-
TRAINER_CLASS_FISHERMAN_FRLG	FISHERMAN	FISHERMAN	9, B_TRAINER_CLASS_POKE_BALLS >= GEN_8 ? BALL_DIVE : BALL_LURE	9, B_TRAINER_CLASS_POKE_BALLS >= GEN_8 ? BALL_DIVE : BALL_LURE	-
TRAINER_CLASS_SWIMMER_M_FRLG	SWIMMER♂	SWIMMER♂	1	1	-
TRAINER_CLASS_CUE_BALL_FRLG	CUE BALL	CUE BALL	6	6	-
TRAINER_CLASS_GAMER_FRLG	GAMER	GAMER	18	18	-
TRAINER_CLASS_BEAUTY_FRLG	BEAUTY	BEAUTY	18	18	-
TRAINER_CLASS_SWIMMER_F_FRLG	SWIMMER♀	SWIMMER♀	1, BALL_DIVE	1, BALL_DIVE	-
TRAINER_CLASS_PSYCHIC_FRLG	PSYCHIC	PSYCHIC	5	5	-
TRAINER_CLASS_ROCKER_FRLG	ROCKER	ROCKER	6	6	-
TRAINER_CLASS_JUGGLER_FRLG	JUGGLER	JUGGLER	10	10	-
TRAINER_CLASS_TAMER_FRLG	TAMER	TAMER	10	10	-
TRAINER_CLASS_BIRD_KEEPER_FRLG	BIRD KEEPER	BIRD KEEPER	6	6	-
TRAINER_CLASS_BLACK_BELT_FRLG	BLACK BELT	BLACK BELT	6, BALL_ULTRA	6, BALL_ULTRA	-
TRAINER_CLASS_RIVAL_EARLY_FRLG	RIVAL	RIVAL	4	4	-
TRAINER_CLASS_SCIENTIST_FRLG	SCIENTIST	SCIENTIST	12	12	-
TRAINER_CLASS_BOSS_FRLG	BOSS	BOSS	25	25	-
TRAINER_CLASS_LEADER_FRLG	LEADER	LEADER	25	25	-
TRAINER_CLASS_TEAM_ROCKET_FRLG	TEAM ROCKET	TEAM ROCKET	8	8	-
TRAINER_CLASS_COOLTRAINER_FRLG	COOLTRAINER	COOLTRAINER	9, BALL_ULTRA	9, BALL_ULTRA	-
TRAINER_CLASS_ELITE_FOUR_FRLG	ELITE FOUR	ELITE FOUR	25, BALL_ULTRA	25, BALL_ULTRA	-
TRAINER_CLASS_GENTLEMAN_FRLG	GENTLEMAN	GENTLEMAN	18, BALL_LUXURY	18, BALL_LUXURY	-
TRAINER_CLASS_RIVAL_LATE_FRLG	RIVAL	RIVAL	9	9	-
TRAINER_CLASS_CHAMPION_FRLG	CHAMPION	CHAMPION	25	25	-
TRAINER_CLASS_CHANNELER_FRLG	CHANNELER	CHANNELER	8	8	-
TRAINER_CLASS_TWINS_FRLG	TWINS	TWINS	3	3	-
TRAINER_CLASS_COOL_COUPLE_FRLG	COOL COUPLE	COOL COUPLE	6	6	-
TRAINER_CLASS_YOUNG_COUPLE_FRLG	YOUNG COUPLE	YOUNG COUPLE	7	7	-
TRAINER_CLASS_CRUSH_KIN_FRLG	CRUSH KIN	CRUSH KIN	6	6	-
TRAINER_CLASS_SIS_AND_BRO_FRLG	SIS AND BRO	SIS AND BRO	1	1	-
TRAINER_CLASS_PKMN_PROF_FRLG	{PKMN} PROF.	{PKMN} PROF.	25	25	-
TRAINER_CLASS_PLAYER_FRLG	{PKMN} TRAINER	{PKMN} TRAINER	1	1	-
TRAINER_CLASS_CRUSH_GIRL_FRLG	CRUSH GIRL	CRUSH GIRL	6	6	-
TRAINER_CLASS_TUBER_FRLG	TUBER	TUBER	1	1	-
TRAINER_CLASS_PKMN_BREEDER_FRLG	{PKMN} BREEDER	{PKMN} BREEDER	7, B_TRAINER_CLASS_POKE_BALLS >= GEN_8 ? BALL_HEAL : BALL_FRIEND	7, B_TRAINER_CLASS_POKE_BALLS >= GEN_8 ? BALL_HEAL : BALL_FRIEND	-
TRAINER_CLASS_PKMN_RANGER_FRLG	{PKMN} RANGER	{PKMN} RANGER	9	9	-
TRAINER_CLASS_AROMA_LADY_FRLG	AROMA LADY	AROMA LADY	7	7	-
TRAINER_CLASS_RUIN_MANIAC_FRLG	RUIN MANIAC	RUIN MANIAC	12	12	-
TRAINER_CLASS_LADY_FRLG	LADY	LADY	50	50	-
TRAINER_CLASS_PAINTER_FRLG	PAINTER	PAINTER	4	4	-
TRAINER_CLASS_ARENA_TYCOON_HNS	ARENA TYCOON	아레나캡틴			예
TRAINER_CLASS_BATTLE_GIRL_HNS	BATTLE GIRL	배틀걸	6	6	예
TRAINER_CLASS_BEAUTY_HNS	BEAUTY	아가씨	20	20	예
TRAINER_CLASS_BIKER_HNS	BIKER	폭주족			예
TRAINER_CLASS_BIRD_KEEPER_HNS	BIRD KEEPER	새 조련사	8	8	예
TRAINER_CLASS_BLACK_BELT_HNS	BLACK BELT	태권왕	8, BALL_ULTRA	8, BALL_ULTRA	예
TRAINER_CLASS_BUG_CATCHER_HNS	BUG CATCHER	곤충채집소년	4	4	예
TRAINER_CLASS_BURGLAR_HNS	BURGLAR	불난집 전문털이범			예
TRAINER_CLASS_CAMPER_HNS	CAMPER	캠프보이	4	4	예
TRAINER_CLASS_CHAMPION_HNS	CHAMPION	챔피언	50, BALL_ULTRA	50, BALL_ULTRA	예
TRAINER_CLASS_COLLECTOR_HNS	COLLECTOR	포켓몬 컬렉터	15, BALL_PREMIER	15, BALL_PREMIER	예
TRAINER_CLASS_COOLTRAINER_HNS	COOLTRAINER	엘리트 트레이너	12, BALL_ULTRA	12, BALL_ULTRA	예
TRAINER_CLASS_DOME_ACE_HNS	DOME ACE	돔슈퍼스타			예
TRAINER_CLASS_DRAGON_TAMER_HNS	DRAGON TAMER	드래곤 조련사	12	12	예
TRAINER_CLASS_ELITE_FOUR_HNS	ELITE FOUR	사천왕	25, BALL_ULTRA	25, BALL_ULTRA	예
TRAINER_CLASS_EXPERT_HNS	EXPERT	달인	10	10	예
TRAINER_CLASS_FACTORY_HEAD_HNS	FACTORY HEAD	팩토리책임자			예
TRAINER_CLASS_FIREBREATHER_HNS	FIREBREATHER	불놀이꾼			예
TRAINER_CLASS_FISHERMAN_HNS	FISHERMAN	낚시꾼	10, B_TRAINER_CLASS_POKE_BALLS >= GEN_8 ? BALL_DIVE : BALL_LURE	10, B_TRAINER_CLASS_POKE_BALLS >= GEN_8 ? BALL_DIVE : BALL_LURE	예
TRAINER_CLASS_GENTLEMAN_HNS	GENTLEMAN	신사	20, BALL_LUXURY	20, BALL_LUXURY	예
TRAINER_CLASS_GUITARIST_HNS	GUITARIST	기타리스트	8	8	예
TRAINER_CLASS_HEX_MANIAC_HNS	HEX MANIAC	오컬트마니아	6	6	예
TRAINER_CLASS_HIKER_HNS	HIKER	등산가	10	10	예
TRAINER_CLASS_JUGGLER_HNS	JUGGLER	저글러			예
TRAINER_CLASS_KIMONO_GIRL_HNS	KIMONO GIRL	전통무용수			예
TRAINER_CLASS_LASS_HNS	LASS	짧은 치마	4	4	예
TRAINER_CLASS_LEADER_HNS	LEADER	체육관 관장	25	25	예
TRAINER_CLASS_LEADER_KANTO_HNS	LEADER	체육관 관장	25	25	예
TRAINER_CLASS_MYSTERY_MAN_HNS	MYSTERY MAN	수수께끼의 청년			예
TRAINER_CLASS_OFFICER_HNS	OFFICER	경찰관			예
TRAINER_CLASS_PALACE_MAVEN_HNS	PALACE MAVEN	팰리스가디언			예
TRAINER_CLASS_PARASOL_LADY_HNS	PARASOL LADY	파라솔 아가씨	10	10	예
TRAINER_CLASS_PICNICKER_HNS	PICNICKER	피크닉걸	4	4	예
TRAINER_CLASS_PIKE_QUEEN_HNS	PIKE QUEEN	튜브퀸			예
TRAINER_CLASS_PKMN_TRAINER_1_HNS	{PKMN} TRAINER	포켓몬 트레이너			예
TRAINER_CLASS_POKEFAN_HNS	POKéFAN	애호가클럽	20	20	예
TRAINER_CLASS_POKEMANIAC_HNS	POKéMANIAC	포켓몬 매니아	15	15	예
TRAINER_CLASS_PSYCHIC_HNS	PSYCHIC	초능력자	6	6	예
TRAINER_CLASS_PSYCHIC_M_HNS	PSYCHIC	초능력자	6	6	예
TRAINER_CLASS_RIVAL_HNS	{PKMN} TRAINER	라이벌	15	15	예
TRAINER_CLASS_ROCKET_ADMIN_HNS	ROCKET ADMIN	로켓단간부			예
TRAINER_CLASS_SAGE_HNS	SAGE	수행자			예
TRAINER_CLASS_SAILOR_HNS	SAILOR	선원	8	8	예
TRAINER_CLASS_SALON_MAIDEN_HNS	SALON MAIDEN	타워타이쿤	5, BALL_ULTRA	5, BALL_ULTRA	예
TRAINER_CLASS_SCHOOL_KID_HNS	SCHOOL KID	학원 끝난 아이			예
TRAINER_CLASS_SKIER_HNS	SKIER	스키선수	10	10	예
TRAINER_CLASS_SUPER_NERD_HNS	SUPER NERD	이과계의 남자	8	8	예
TRAINER_CLASS_SWIMMER_F_HNS	SWIMMER♀	비키니 아가씨	2, BALL_DIVE	2, BALL_DIVE	예
TRAINER_CLASS_SWIMMER_M_HNS	SWIMMER♂	수영팬티소년	2, BALL_DIVE	2, BALL_DIVE	예
TRAINER_CLASS_TEAM_ROCKET_HNS	ROCKET	로켓단			예
TRAINER_CLASS_TWINS_HNS	TWINS	쌍둥이	3	3	예
TRAINER_CLASS_YOUNG_COUPLE_HNS	YOUNG COUPLE	러브러브커플	8	8	예
TRAINER_CLASS_YOUNGSTER_HNS	YOUNGSTER	반바지 꼬마	4	4	예
TRAINER_CLASS_PROFESSOR_HNS	{PKMN} PROF.	포켓몬 박사	25, BALL_FRIEND	25, BALL_FRIEND	예
TRAINER_CLASS_DEVELOPER_HNS	DEVELOPER	DEVELOPER	50, BALL_MASTER	50, BALL_MASTER	-
TRAINER_CLASS_PYRAMID_KING_HNS	PYRAMID KING	피라미드킹			예
TRAINER_CLASS_SCIENTIST_HNS	(없음)	괴짜 연구원		15, BALL_PREMIER	새 클래스
TRAINER_CLASS_TEACHER_HNS	(없음)	선생님		10	새 클래스
TRAINER_CLASS_MEDIUM_HNS	(없음)	무당		6	새 클래스
TRAINER_CLASS_BOARDER_HNS	(없음)	보더		10	새 클래스
TRAINER_CLASS_ELDER_HNS	(없음)	장로			새 클래스
TRAINER_CLASS_ROCKET_BOSS_HNS	(없음)	로켓단보스			새 클래스
TRAINER_CLASS_DOUBLE_TEAM_HNS	(없음)	더블팀		8	새 클래스
