구분	키	파일	칸	이름 전	이름 후	바이트	바뀜	상태(Q2)	출처 구분
프런티어 일반	FRONTIER_TRAINER_BRADY	src/data/battle_frontier/battle_frontier_trainers.h	trainerName	BRADY	브래디	6	예	채택(팬번역, 친구 원 요청 2-Q8·답 Q4)	팬번역(pokeemerald-kr) — 게임 공식 아님(에메랄드 한국어판 없음)
프런티어 일반	FRONTIER_TRAINER_CONNER	src/data/battle_frontier/battle_frontier_trainers.h	trainerName	CONNER	코너	4	예	채택(팬번역, 친구 원 요청 2-Q8·답 Q4)	팬번역(pokeemerald-kr) — 게임 공식 아님(에메랄드 한국어판 없음)
프런티어 일반	FRONTIER_TRAINER_BRADLEY	src/data/battle_frontier/battle_frontier_trainers.h	trainerName	BRADLEY	브래들	6	예	채택(팬번역, 친구 원 요청 2-Q8·답 Q4)	팬번역(pokeemerald-kr) — 게임 공식 아님(에메랄드 한국어판 없음)
프런티어 일반	FRONTIER_TRAINER_CYBIL	src/data/battle_frontier/battle_frontier_trainers.h	trainerName	CYBIL	승희	4	예	채택(팬번역, 친구 원 요청 2-Q8·답 Q4)	팬번역(pokeemerald-kr) — 게임 공식 아님(에메랄드 한국어판 없음)
프런티어 일반	FRONTIER_TRAINER_RODETTE	src/data/battle_frontier/battle_frontier_trainers.h	trainerName	RODETTE	로데트	6	예	채택(팬번역, 친구 원 요청 2-Q8·답 Q4)	팬번역(pokeemerald-kr) — 게임 공식 아님(에메랄드 한국어판 없음)
프런티어 일반	FRONTIER_TRAINER_PEGGY	src/data/battle_frontier/battle_frontier_trainers.h	trainerName	PEGGY	페기	4	예	채택(팬번역, 친구 원 요청 2-Q8·답 Q4)	팬번역(pokeemerald-kr) — 게임 공식 아님(에메랄드 한국어판 없음)
프런티어 일반	FRONTIER_TRAINER_KEITH	src/data/battle_frontier/battle_frontier_trainers.h	trainerName	KEITH	키스	4	예	채택(팬번역, 친구 원 요청 2-Q8·답 Q4)	팬번역(pokeemerald-kr) — 게임 공식 아님(에메랄드 한국어판 없음)
프런티어 일반	FRONTIER_TRAINER_GRAYSON	src/data/battle_frontier/battle_frontier_trainers.h	trainerName	GRAYSON	그레이	6	예	채택(팬번역, 친구 원 요청 2-Q8·답 Q4)	팬번역(pokeemerald-kr) — 게임 공식 아님(에메랄드 한국어판 없음)
프런티어 일반	FRONTIER_TRAINER_GLENN	src/data/battle_frontier/battle_frontier_trainers.h	trainerName	GLENN	글렌	4	예	채택(팬번역, 친구 원 요청 2-Q8·답 Q4)	팬번역(pokeemerald-kr) — 게임 공식 아님(에메랄드 한국어판 없음)
프런티어 일반	FRONTIER_TRAINER_LILIANA	src/data/battle_frontier/battle_frontier_trainers.h	trainerName	LILIANA	릴리	4	예	채택(팬번역, 친구 원 요청 2-Q8·답 Q4)	팬번역(pokeemerald-kr) — 게임 공식 아님(에메랄드 한국어판 없음)
프런티어 일반	FRONTIER_TRAINER_ELISE	src/data/battle_frontier/battle_frontier_trainers.h	trainerName	ELISE	엘리스	6	예	채택(팬번역, 친구 원 요청 2-Q8·답 Q4)	팬번역(pokeemerald-kr) — 게임 공식 아님(에메랄드 한국어판 없음)
프런티어 일반	FRONTIER_TRAINER_ZOEY	src/data/battle_frontier/battle_frontier_trainers.h	trainerName	ZOEY	조이	4	예	채택(팬번역, 친구 원 요청 2-Q8·답 Q4)	팬번역(pokeemerald-kr) — 게임 공식 아님(에메랄드 한국어판 없음)
프런티어 일반	FRONTIER_TRAINER_MANUEL	src/data/battle_frontier/battle_frontier_trainers.h	trainerName	MANUEL	마누엘	6	예	채택(팬번역, 친구 원 요청 2-Q8·답 Q4)	팬번역(pokeemerald-kr) — 게임 공식 아님(에메랄드 한국어판 없음)
프런티어 일반	FRONTIER_TRAINER_RUSS	src/data/battle_frontier/battle_frontier_trainers.h	trainerName	RUSS	형희	4	예	채택(팬번역, 친구 원 요청 2-Q8·답 Q4)	팬번역(pokeemerald-kr) — 게임 공식 아님(에메랄드 한국어판 없음)
프런티어 일반	FRONTIER_TRAINER_DUSTIN	src/data/battle_frontier/battle_frontier_trainers.h	trainerName	DUSTIN	더스틴	6	예	채택(팬번역, 친구 원 요청 2-Q8·답 Q4)	팬번역(pokeemerald-kr) — 게임 공식 아님(에메랄드 한국어판 없음)
프런티어 일반	FRONTIER_TRAINER_TINA	src/data/battle_frontier/battle_frontier_trainers.h	trainerName	TINA	티나	4	예	채택(팬번역, 친구 원 요청 2-Q8·답 Q4)	팬번역(pokeemerald-kr) — 게임 공식 아님(에메랄드 한국어판 없음)
프런티어 일반	FRONTIER_TRAINER_GILLIAN1	src/data/battle_frontier/battle_frontier_trainers.h	trainerName	GILLIAN	희안	4	예	채택(팬번역, 친구 원 요청 2-Q8·답 Q4)	팬번역(pokeemerald-kr) — 게임 공식 아님(에메랄드 한국어판 없음)
프런티어 일반	FRONTIER_TRAINER_ZOE	src/data/battle_frontier/battle_frontier_trainers.h	trainerName	ZOE	조에	4	예	채택(팬번역, 친구 원 요청 2-Q8·답 Q4)	팬번역(pokeemerald-kr) — 게임 공식 아님(에메랄드 한국어판 없음)
프런티어 일반	FRONTIER_TRAINER_CHEN	src/data/battle_frontier/battle_frontier_trainers.h	trainerName	CHEN	첸	2	예	채택(팬번역, 친구 원 요청 2-Q8·답 Q4)	팬번역(pokeemerald-kr) — 게임 공식 아님(에메랄드 한국어판 없음)
프런티어 일반	FRONTIER_TRAINER_AL	src/data/battle_frontier/battle_frontier_trainers.h	trainerName	AL	알	2	예	채택(팬번역, 친구 원 요청 2-Q8·답 Q4)	팬번역(pokeemerald-kr) — 게임 공식 아님(에메랄드 한국어판 없음)
프런티어 일반	FRONTIER_TRAINER_MITCH	src/data/battle_frontier/battle_frontier_trainers.h	trainerName	MITCH	미치	4	예	채택(팬번역, 친구 원 요청 2-Q8·답 Q4)	팬번역(pokeemerald-kr) — 게임 공식 아님(에메랄드 한국어판 없음)
프런티어 일반	FRONTIER_TRAINER_ANNE	src/data/battle_frontier/battle_frontier_trainers.h	trainerName	ANNE	주련	4	예	채택(팬번역, 친구 원 요청 2-Q8·답 Q4)	팬번역(pokeemerald-kr) — 게임 공식 아님(에메랄드 한국어판 없음)
프런티어 일반	FRONTIER_TRAINER_ALIZE	src/data/battle_frontier/battle_frontier_trainers.h	trainerName	ALIZE	탁이	4	예	채택(팬번역, 친구 원 요청 2-Q8·답 Q4)	팬번역(pokeemerald-kr) — 게임 공식 아님(에메랄드 한국어판 없음)
프런티어 일반	FRONTIER_TRAINER_LAUREN	src/data/battle_frontier/battle_frontier_trainers.h	trainerName	LAUREN	로런	4	예	채택(팬번역, 친구 원 요청 2-Q8·답 Q4)	팬번역(pokeemerald-kr) — 게임 공식 아님(에메랄드 한국어판 없음)
프런티어 일반	FRONTIER_TRAINER_KIPP	src/data/battle_frontier/battle_frontier_trainers.h	trainerName	KIPP	훈현	4	예	채택(팬번역, 친구 원 요청 2-Q8·답 Q4)	팬번역(pokeemerald-kr) — 게임 공식 아님(에메랄드 한국어판 없음)
프런티어 일반	FRONTIER_TRAINER_JASON	src/data/battle_frontier/battle_frontier_trainers.h	trainerName	JASON	제이슨	6	예	채택(팬번역, 친구 원 요청 2-Q8·답 Q4)	팬번역(pokeemerald-kr) — 게임 공식 아님(에메랄드 한국어판 없음)
프런티어 일반	FRONTIER_TRAINER_JOHN	src/data/battle_frontier/battle_frontier_trainers.h	trainerName	JOHN	존	2	예	채택(팬번역, 친구 원 요청 2-Q8·답 Q4)	팬번역(pokeemerald-kr) — 게임 공식 아님(에메랄드 한국어판 없음)
프런티어 일반	FRONTIER_TRAINER_ANN	src/data/battle_frontier/battle_frontier_trainers.h	trainerName	ANN	앤	2	예	채택(팬번역, 친구 원 요청 2-Q8·답 Q4)	팬번역(pokeemerald-kr) — 게임 공식 아님(에메랄드 한국어판 없음)
프런티어 일반	FRONTIER_TRAINER_EILEEN	src/data/battle_frontier/battle_frontier_trainers.h	trainerName	EILEEN	아일린	6	예	채택(팬번역, 친구 원 요청 2-Q8·답 Q4)	팬번역(pokeemerald-kr) — 게임 공식 아님(에메랄드 한국어판 없음)
프런티어 일반	FRONTIER_TRAINER_CARLIE	src/data/battle_frontier/battle_frontier_trainers.h	trainerName	CARLIE	송유	4	예	채택(팬번역, 친구 원 요청 2-Q8·답 Q4)	팬번역(pokeemerald-kr) — 게임 공식 아님(에메랄드 한국어판 없음)
프런티어 일반	FRONTIER_TRAINER_GORDON	src/data/battle_frontier/battle_frontier_trainers.h	trainerName	GORDON	고든	4	예	채택(팬번역, 친구 원 요청 2-Q8·답 Q4)	팬번역(pokeemerald-kr) — 게임 공식 아님(에메랄드 한국어판 없음)
프런티어 일반	FRONTIER_TRAINER_AYDEN	src/data/battle_frontier/battle_frontier_trainers.h	trainerName	AYDEN	강성	4	예	채택(팬번역, 친구 원 요청 2-Q8·답 Q4)	팬번역(pokeemerald-kr) — 게임 공식 아님(에메랄드 한국어판 없음)
프런티어 일반	FRONTIER_TRAINER_MARCO	src/data/battle_frontier/battle_frontier_trainers.h	trainerName	MARCO	마르코	6	예	채택(팬번역, 친구 원 요청 2-Q8·답 Q4)	팬번역(pokeemerald-kr) — 게임 공식 아님(에메랄드 한국어판 없음)
프런티어 일반	FRONTIER_TRAINER_CIERRA	src/data/battle_frontier/battle_frontier_trainers.h	trainerName	CIERRA	시에라	6	예	채택(팬번역, 친구 원 요청 2-Q8·답 Q4)	팬번역(pokeemerald-kr) — 게임 공식 아님(에메랄드 한국어판 없음)
프런티어 일반	FRONTIER_TRAINER_MARCY	src/data/battle_frontier/battle_frontier_trainers.h	trainerName	MARCY	마시	4	예	채택(팬번역, 친구 원 요청 2-Q8·답 Q4)	팬번역(pokeemerald-kr) — 게임 공식 아님(에메랄드 한국어판 없음)
프런티어 일반	FRONTIER_TRAINER_KATHY	src/data/battle_frontier/battle_frontier_trainers.h	trainerName	KATHY	캐시	4	예	채택(팬번역, 친구 원 요청 2-Q8·답 Q4)	팬번역(pokeemerald-kr) — 게임 공식 아님(에메랄드 한국어판 없음)
프런티어 일반	FRONTIER_TRAINER_PEYTON	src/data/battle_frontier/battle_frontier_trainers.h	trainerName	PEYTON	양윤	4	예	채택(팬번역, 친구 원 요청 2-Q8·답 Q4)	팬번역(pokeemerald-kr) — 게임 공식 아님(에메랄드 한국어판 없음)
프런티어 일반	FRONTIER_TRAINER_JULIAN	src/data/battle_frontier/battle_frontier_trainers.h	trainerName	JULIAN	줄리안	6	예	채택(팬번역, 친구 원 요청 2-Q8·답 Q4)	팬번역(pokeemerald-kr) — 게임 공식 아님(에메랄드 한국어판 없음)
프런티어 일반	FRONTIER_TRAINER_QUINN	src/data/battle_frontier/battle_frontier_trainers.h	trainerName	QUINN	청양	4	예	채택(팬번역, 친구 원 요청 2-Q8·답 Q4)	팬번역(pokeemerald-kr) — 게임 공식 아님(에메랄드 한국어판 없음)
프런티어 일반	FRONTIER_TRAINER_HAYLEE	src/data/battle_frontier/battle_frontier_trainers.h	trainerName	HAYLEE	미록	4	예	채택(팬번역, 친구 원 요청 2-Q8·답 Q4)	팬번역(pokeemerald-kr) — 게임 공식 아님(에메랄드 한국어판 없음)
프런티어 일반	FRONTIER_TRAINER_AMANDA	src/data/battle_frontier/battle_frontier_trainers.h	trainerName	AMANDA	아만다	6	예	채택(팬번역, 친구 원 요청 2-Q8·답 Q4)	팬번역(pokeemerald-kr) — 게임 공식 아님(에메랄드 한국어판 없음)
프런티어 일반	FRONTIER_TRAINER_STACY	src/data/battle_frontier/battle_frontier_trainers.h	trainerName	STACY	스테시	6	예	채택(팬번역, 친구 원 요청 2-Q8·답 Q4)	팬번역(pokeemerald-kr) — 게임 공식 아님(에메랄드 한국어판 없음)
프런티어 일반	FRONTIER_TRAINER_RAFAEL	src/data/battle_frontier/battle_frontier_trainers.h	trainerName	RAFAEL	라파엘	6	예	채택(팬번역, 친구 원 요청 2-Q8·답 Q4)	팬번역(pokeemerald-kr) — 게임 공식 아님(에메랄드 한국어판 없음)
프런티어 일반	FRONTIER_TRAINER_OLIVER	src/data/battle_frontier/battle_frontier_trainers.h	trainerName	OLIVER	올리버	6	예	채택(팬번역, 친구 원 요청 2-Q8·답 Q4)	팬번역(pokeemerald-kr) — 게임 공식 아님(에메랄드 한국어판 없음)
프런티어 일반	FRONTIER_TRAINER_PAYTON	src/data/battle_frontier/battle_frontier_trainers.h	trainerName	PAYTON	일화	4	예	채택(팬번역, 친구 원 요청 2-Q8·답 Q4)	팬번역(pokeemerald-kr) — 게임 공식 아님(에메랄드 한국어판 없음)
프런티어 일반	FRONTIER_TRAINER_PAMELA	src/data/battle_frontier/battle_frontier_trainers.h	trainerName	PAMELA	파멜라	6	예	채택(팬번역, 친구 원 요청 2-Q8·답 Q4)	팬번역(pokeemerald-kr) — 게임 공식 아님(에메랄드 한국어판 없음)
프런티어 일반	FRONTIER_TRAINER_ELIZA	src/data/battle_frontier/battle_frontier_trainers.h	trainerName	ELIZA	엘리자	6	예	채택(팬번역, 친구 원 요청 2-Q8·답 Q4)	팬번역(pokeemerald-kr) — 게임 공식 아님(에메랄드 한국어판 없음)
프런티어 일반	FRONTIER_TRAINER_MARISA	src/data/battle_frontier/battle_frontier_trainers.h	trainerName	MARISA	마리사	6	예	채택(팬번역, 친구 원 요청 2-Q8·답 Q4)	팬번역(pokeemerald-kr) — 게임 공식 아님(에메랄드 한국어판 없음)
프런티어 일반	FRONTIER_TRAINER_LEWIS	src/data/battle_frontier/battle_frontier_trainers.h	trainerName	LEWIS	루이스	6	예	채택(팬번역, 친구 원 요청 2-Q8·답 Q4)	팬번역(pokeemerald-kr) — 게임 공식 아님(에메랄드 한국어판 없음)
프런티어 일반	FRONTIER_TRAINER_YOSHI	src/data/battle_frontier/battle_frontier_trainers.h	trainerName	YOSHI	요시	4	예	채택(팬번역, 친구 원 요청 2-Q8·답 Q4)	팬번역(pokeemerald-kr) — 게임 공식 아님(에메랄드 한국어판 없음)
프런티어 일반	FRONTIER_TRAINER_DESTIN	src/data/battle_frontier/battle_frontier_trainers.h	trainerName	DESTIN	데스틴	6	예	채택(팬번역, 친구 원 요청 2-Q8·답 Q4)	팬번역(pokeemerald-kr) — 게임 공식 아님(에메랄드 한국어판 없음)
프런티어 일반	FRONTIER_TRAINER_KEON	src/data/battle_frontier/battle_frontier_trainers.h	trainerName	KEON	키온	4	예	채택(팬번역, 친구 원 요청 2-Q8·답 Q4)	팬번역(pokeemerald-kr) — 게임 공식 아님(에메랄드 한국어판 없음)
프런티어 일반	FRONTIER_TRAINER_STUART	src/data/battle_frontier/battle_frontier_trainers.h	trainerName	STUART	스튜	4	예	채택(팬번역, 친구 원 요청 2-Q8·답 Q4)	팬번역(pokeemerald-kr) — 게임 공식 아님(에메랄드 한국어판 없음)
프런티어 일반	FRONTIER_TRAINER_NESTOR	src/data/battle_frontier/battle_frontier_trainers.h	trainerName	NESTOR	네스터	6	예	채택(팬번역, 친구 원 요청 2-Q8·답 Q4)	팬번역(pokeemerald-kr) — 게임 공식 아님(에메랄드 한국어판 없음)
프런티어 일반	FRONTIER_TRAINER_DERRICK	src/data/battle_frontier/battle_frontier_trainers.h	trainerName	DERRICK	데릭	4	예	채택(팬번역, 친구 원 요청 2-Q8·답 Q4)	팬번역(pokeemerald-kr) — 게임 공식 아님(에메랄드 한국어판 없음)
프런티어 일반	FRONTIER_TRAINER_BRYSON	src/data/battle_frontier/battle_frontier_trainers.h	trainerName	BRYSON	브라이	6	예	채택(팬번역, 친구 원 요청 2-Q8·답 Q4)	팬번역(pokeemerald-kr) — 게임 공식 아님(에메랄드 한국어판 없음)
프런티어 일반	FRONTIER_TRAINER_CLAYTON	src/data/battle_frontier/battle_frontier_trainers.h	trainerName	CLAYTON	클레이	6	예	채택(팬번역, 친구 원 요청 2-Q8·답 Q4)	팬번역(pokeemerald-kr) — 게임 공식 아님(에메랄드 한국어판 없음)
프런티어 일반	FRONTIER_TRAINER_TRENTON	src/data/battle_frontier/battle_frontier_trainers.h	trainerName	TRENTON	트렌턴	6	예	채택(팬번역, 친구 원 요청 2-Q8·답 Q4)	팬번역(pokeemerald-kr) — 게임 공식 아님(에메랄드 한국어판 없음)
프런티어 일반	FRONTIER_TRAINER_JENSON	src/data/battle_frontier/battle_frontier_trainers.h	trainerName	JENSON	젠슨	4	예	채택(팬번역, 친구 원 요청 2-Q8·답 Q4)	팬번역(pokeemerald-kr) — 게임 공식 아님(에메랄드 한국어판 없음)
프런티어 일반	FRONTIER_TRAINER_WESLEY	src/data/battle_frontier/battle_frontier_trainers.h	trainerName	WESLEY	가빈	4	예	채택(팬번역, 친구 원 요청 2-Q8·답 Q4)	팬번역(pokeemerald-kr) — 게임 공식 아님(에메랄드 한국어판 없음)
프런티어 일반	FRONTIER_TRAINER_ANTON	src/data/battle_frontier/battle_frontier_trainers.h	trainerName	ANTON	안톤	4	예	채택(팬번역, 친구 원 요청 2-Q8·답 Q4)	팬번역(pokeemerald-kr) — 게임 공식 아님(에메랄드 한국어판 없음)
프런티어 일반	FRONTIER_TRAINER_LAWSON	src/data/battle_frontier/battle_frontier_trainers.h	trainerName	LAWSON	로슨	4	예	채택(팬번역, 친구 원 요청 2-Q8·답 Q4)	팬번역(pokeemerald-kr) — 게임 공식 아님(에메랄드 한국어판 없음)
프런티어 일반	FRONTIER_TRAINER_SAMMY	src/data/battle_frontier/battle_frontier_trainers.h	trainerName	SAMMY	새미	4	예	채택(팬번역, 친구 원 요청 2-Q8·답 Q4)	팬번역(pokeemerald-kr) — 게임 공식 아님(에메랄드 한국어판 없음)
프런티어 일반	FRONTIER_TRAINER_ARNIE	src/data/battle_frontier/battle_frontier_trainers.h	trainerName	ARNIE	아니	4	예	채택(팬번역, 친구 원 요청 2-Q8·답 Q4)	팬번역(pokeemerald-kr) — 게임 공식 아님(에메랄드 한국어판 없음)
프런티어 일반	FRONTIER_TRAINER_ADRIAN	src/data/battle_frontier/battle_frontier_trainers.h	trainerName	ADRIAN	에이드	6	예	채택(팬번역, 친구 원 요청 2-Q8·답 Q4)	팬번역(pokeemerald-kr) — 게임 공식 아님(에메랄드 한국어판 없음)
프런티어 일반	FRONTIER_TRAINER_TRISTAN	src/data/battle_frontier/battle_frontier_trainers.h	trainerName	TRISTAN	삼열	4	예	채택(팬번역, 친구 원 요청 2-Q8·답 Q4)	팬번역(pokeemerald-kr) — 게임 공식 아님(에메랄드 한국어판 없음)
프런티어 일반	FRONTIER_TRAINER_JULIANA	src/data/battle_frontier/battle_frontier_trainers.h	trainerName	JULIANA	현희	4	예	채택(팬번역, 친구 원 요청 2-Q8·답 Q4)	팬번역(pokeemerald-kr) — 게임 공식 아님(에메랄드 한국어판 없음)
프런티어 일반	FRONTIER_TRAINER_RYLEE	src/data/battle_frontier/battle_frontier_trainers.h	trainerName	RYLEE	라일리	6	예	채택(팬번역, 친구 원 요청 2-Q8·답 Q4)	팬번역(pokeemerald-kr) — 게임 공식 아님(에메랄드 한국어판 없음)
프런티어 일반	FRONTIER_TRAINER_CHELSEA	src/data/battle_frontier/battle_frontier_trainers.h	trainerName	CHELSEA	첼시	4	예	채택(팬번역, 친구 원 요청 2-Q8·답 Q4)	팬번역(pokeemerald-kr) — 게임 공식 아님(에메랄드 한국어판 없음)
프런티어 일반	FRONTIER_TRAINER_DANELA	src/data/battle_frontier/battle_frontier_trainers.h	trainerName	DANELA	다넬라	6	예	채택(팬번역, 친구 원 요청 2-Q8·답 Q4)	팬번역(pokeemerald-kr) — 게임 공식 아님(에메랄드 한국어판 없음)
프런티어 일반	FRONTIER_TRAINER_LIZBETH	src/data/battle_frontier/battle_frontier_trainers.h	trainerName	LIZBETH	리즈	4	예	채택(팬번역, 친구 원 요청 2-Q8·답 Q4)	팬번역(pokeemerald-kr) — 게임 공식 아님(에메랄드 한국어판 없음)
프런티어 일반	FRONTIER_TRAINER_AMELIA	src/data/battle_frontier/battle_frontier_trainers.h	trainerName	AMELIA	아멜	4	예	채택(팬번역, 친구 원 요청 2-Q8·답 Q4)	팬번역(pokeemerald-kr) — 게임 공식 아님(에메랄드 한국어판 없음)
프런티어 일반	FRONTIER_TRAINER_JILLIAN	src/data/battle_frontier/battle_frontier_trainers.h	trainerName	JILLIAN	질리언	6	예	채택(팬번역, 친구 원 요청 2-Q8·답 Q4)	팬번역(pokeemerald-kr) — 게임 공식 아님(에메랄드 한국어판 없음)
프런티어 일반	FRONTIER_TRAINER_ABBIE	src/data/battle_frontier/battle_frontier_trainers.h	trainerName	ABBIE	향연	4	예	채택(팬번역, 친구 원 요청 2-Q8·답 Q4)	팬번역(pokeemerald-kr) — 게임 공식 아님(에메랄드 한국어판 없음)
프런티어 일반	FRONTIER_TRAINER_BRIANA	src/data/battle_frontier/battle_frontier_trainers.h	trainerName	BRIANA	브리나	6	예	채택(팬번역, 친구 원 요청 2-Q8·답 Q4)	팬번역(pokeemerald-kr) — 게임 공식 아님(에메랄드 한국어판 없음)
프런티어 일반	FRONTIER_TRAINER_ANTONIO	src/data/battle_frontier/battle_frontier_trainers.h	trainerName	ANTONIO	토니오	6	예	채택(팬번역, 친구 원 요청 2-Q8·답 Q4)	팬번역(pokeemerald-kr) — 게임 공식 아님(에메랄드 한국어판 없음)
프런티어 일반	FRONTIER_TRAINER_JADEN	src/data/battle_frontier/battle_frontier_trainers.h	trainerName	JADEN	제이든	6	예	채택(팬번역, 친구 원 요청 2-Q8·답 Q4)	팬번역(pokeemerald-kr) — 게임 공식 아님(에메랄드 한국어판 없음)
프런티어 일반	FRONTIER_TRAINER_DAKOTA	src/data/battle_frontier/battle_frontier_trainers.h	trainerName	DAKOTA	덕배	4	예	채택(팬번역, 친구 원 요청 2-Q8·답 Q4)	팬번역(pokeemerald-kr) — 게임 공식 아님(에메랄드 한국어판 없음)
프런티어 일반	FRONTIER_TRAINER_BRAYDEN	src/data/battle_frontier/battle_frontier_trainers.h	trainerName	BRAYDEN	브레이	6	예	채택(팬번역, 친구 원 요청 2-Q8·답 Q4)	팬번역(pokeemerald-kr) — 게임 공식 아님(에메랄드 한국어판 없음)
프런티어 일반	FRONTIER_TRAINER_CORSON	src/data/battle_frontier/battle_frontier_trainers.h	trainerName	CORSON	명근	4	예	채택(팬번역, 친구 원 요청 2-Q8·답 Q4)	팬번역(pokeemerald-kr) — 게임 공식 아님(에메랄드 한국어판 없음)
프런티어 일반	FRONTIER_TRAINER_TREVIN	src/data/battle_frontier/battle_frontier_trainers.h	trainerName	TREVIN	트레빈	6	예	채택(팬번역, 친구 원 요청 2-Q8·답 Q4)	팬번역(pokeemerald-kr) — 게임 공식 아님(에메랄드 한국어판 없음)
프런티어 일반	FRONTIER_TRAINER_PATRICK	src/data/battle_frontier/battle_frontier_trainers.h	trainerName	PATRICK	만석	4	예	채택(팬번역, 친구 원 요청 2-Q8·답 Q4)	팬번역(pokeemerald-kr) — 게임 공식 아님(에메랄드 한국어판 없음)
프런티어 일반	FRONTIER_TRAINER_KADEN	src/data/battle_frontier/battle_frontier_trainers.h	trainerName	KADEN	규혁	4	예	채택(팬번역, 친구 원 요청 2-Q8·답 Q4)	팬번역(pokeemerald-kr) — 게임 공식 아님(에메랄드 한국어판 없음)
프런티어 일반	FRONTIER_TRAINER_MAXWELL	src/data/battle_frontier/battle_frontier_trainers.h	trainerName	MAXWELL	맥스웰	6	예	채택(팬번역, 친구 원 요청 2-Q8·답 Q4)	팬번역(pokeemerald-kr) — 게임 공식 아님(에메랄드 한국어판 없음)
프런티어 일반	FRONTIER_TRAINER_DARYL	src/data/battle_frontier/battle_frontier_trainers.h	trainerName	DARYL	대릴	4	예	채택(팬번역, 친구 원 요청 2-Q8·답 Q4)	팬번역(pokeemerald-kr) — 게임 공식 아님(에메랄드 한국어판 없음)
프런티어 일반	FRONTIER_TRAINER_KENNETH	src/data/battle_frontier/battle_frontier_trainers.h	trainerName	KENNETH	케네스	6	예	채택(팬번역, 친구 원 요청 2-Q8·답 Q4)	팬번역(pokeemerald-kr) — 게임 공식 아님(에메랄드 한국어판 없음)
프런티어 일반	FRONTIER_TRAINER_RICH	src/data/battle_frontier/battle_frontier_trainers.h	trainerName	RICH	리치	4	예	채택(팬번역, 친구 원 요청 2-Q8·답 Q4)	팬번역(pokeemerald-kr) — 게임 공식 아님(에메랄드 한국어판 없음)
프런티어 일반	FRONTIER_TRAINER_CADEN	src/data/battle_frontier/battle_frontier_trainers.h	trainerName	CADEN	케이든	6	예	채택(팬번역, 친구 원 요청 2-Q8·답 Q4)	팬번역(pokeemerald-kr) — 게임 공식 아님(에메랄드 한국어판 없음)
프런티어 일반	FRONTIER_TRAINER_MARLON	src/data/battle_frontier/battle_frontier_trainers.h	trainerName	MARLON	말론	4	예	채택(팬번역, 친구 원 요청 2-Q8·답 Q4)	팬번역(pokeemerald-kr) — 게임 공식 아님(에메랄드 한국어판 없음)
프런티어 일반	FRONTIER_TRAINER_NASH	src/data/battle_frontier/battle_frontier_trainers.h	trainerName	NASH	내시	4	예	채택(팬번역, 친구 원 요청 2-Q8·답 Q4)	팬번역(pokeemerald-kr) — 게임 공식 아님(에메랄드 한국어판 없음)
프런티어 일반	FRONTIER_TRAINER_ROBBY	src/data/battle_frontier/battle_frontier_trainers.h	trainerName	ROBBY	로비	4	예	채택(팬번역, 친구 원 요청 2-Q8·답 Q4)	팬번역(pokeemerald-kr) — 게임 공식 아님(에메랄드 한국어판 없음)
프런티어 일반	FRONTIER_TRAINER_REECE	src/data/battle_frontier/battle_frontier_trainers.h	trainerName	REECE	리스	4	예	채택(팬번역, 친구 원 요청 2-Q8·답 Q4)	팬번역(pokeemerald-kr) — 게임 공식 아님(에메랄드 한국어판 없음)
프런티어 일반	FRONTIER_TRAINER_KATHRYN	src/data/battle_frontier/battle_frontier_trainers.h	trainerName	KATHRYN	캐서린	6	예	채택(팬번역, 친구 원 요청 2-Q8·답 Q4)	팬번역(pokeemerald-kr) — 게임 공식 아님(에메랄드 한국어판 없음)
프런티어 일반	FRONTIER_TRAINER_ELLEN	src/data/battle_frontier/battle_frontier_trainers.h	trainerName	ELLEN	엘렌	4	예	채택(팬번역, 친구 원 요청 2-Q8·답 Q4)	팬번역(pokeemerald-kr) — 게임 공식 아님(에메랄드 한국어판 없음)
프런티어 일반	FRONTIER_TRAINER_RAMON	src/data/battle_frontier/battle_frontier_trainers.h	trainerName	RAMON	리호	4	예	채택(팬번역, 친구 원 요청 2-Q8·답 Q4)	팬번역(pokeemerald-kr) — 게임 공식 아님(에메랄드 한국어판 없음)
프런티어 일반	FRONTIER_TRAINER_ARTHUR	src/data/battle_frontier/battle_frontier_trainers.h	trainerName	ARTHUR	아서	4	예	채택(팬번역, 친구 원 요청 2-Q8·답 Q4)	팬번역(pokeemerald-kr) — 게임 공식 아님(에메랄드 한국어판 없음)
프런티어 일반	FRONTIER_TRAINER_ALONDRA	src/data/battle_frontier/battle_frontier_trainers.h	trainerName	ALONDRA	알론	4	예	채택(팬번역, 친구 원 요청 2-Q8·답 Q4)	팬번역(pokeemerald-kr) — 게임 공식 아님(에메랄드 한국어판 없음)
프런티어 일반	FRONTIER_TRAINER_ADRIANA	src/data/battle_frontier/battle_frontier_trainers.h	trainerName	ADRIANA	아드리	6	예	채택(팬번역, 친구 원 요청 2-Q8·답 Q4)	팬번역(pokeemerald-kr) — 게임 공식 아님(에메랄드 한국어판 없음)
프런티어 일반	FRONTIER_TRAINER_MALIK	src/data/battle_frontier/battle_frontier_trainers.h	trainerName	MALIK	말릭	4	예	채택(팬번역, 친구 원 요청 2-Q8·답 Q4)	팬번역(pokeemerald-kr) — 게임 공식 아님(에메랄드 한국어판 없음)
프런티어 일반	FRONTIER_TRAINER_JILL	src/data/battle_frontier/battle_frontier_trainers.h	trainerName	JILL	질	2	예	채택(팬번역, 친구 원 요청 2-Q8·답 Q4)	팬번역(pokeemerald-kr) — 게임 공식 아님(에메랄드 한국어판 없음)
프런티어 일반	FRONTIER_TRAINER_ERIK	src/data/battle_frontier/battle_frontier_trainers.h	trainerName	ERIK	병민	4	예	채택(팬번역, 친구 원 요청 2-Q8·답 Q4)	팬번역(pokeemerald-kr) — 게임 공식 아님(에메랄드 한국어판 없음)
프런티어 일반	FRONTIER_TRAINER_YAZMIN	src/data/battle_frontier/battle_frontier_trainers.h	trainerName	YAZMIN	두나	4	예	채택(팬번역, 친구 원 요청 2-Q8·답 Q4)	팬번역(pokeemerald-kr) — 게임 공식 아님(에메랄드 한국어판 없음)
프런티어 일반	FRONTIER_TRAINER_JAMAL	src/data/battle_frontier/battle_frontier_trainers.h	trainerName	JAMAL	자말	4	예	채택(팬번역, 친구 원 요청 2-Q8·답 Q4)	팬번역(pokeemerald-kr) — 게임 공식 아님(에메랄드 한국어판 없음)
프런티어 일반	FRONTIER_TRAINER_LESLIE	src/data/battle_frontier/battle_frontier_trainers.h	trainerName	LESLIE	레슬리	6	예	채택(팬번역, 친구 원 요청 2-Q8·답 Q4)	팬번역(pokeemerald-kr) — 게임 공식 아님(에메랄드 한국어판 없음)
프런티어 일반	FRONTIER_TRAINER_DAVE	src/data/battle_frontier/battle_frontier_trainers.h	trainerName	DAVE	데이브	6	예	채택(팬번역, 친구 원 요청 2-Q8·답 Q4)	팬번역(pokeemerald-kr) — 게임 공식 아님(에메랄드 한국어판 없음)
프런티어 일반	FRONTIER_TRAINER_CARLO	src/data/battle_frontier/battle_frontier_trainers.h	trainerName	CARLO	카를로	6	예	채택(팬번역, 친구 원 요청 2-Q8·답 Q4)	팬번역(pokeemerald-kr) — 게임 공식 아님(에메랄드 한국어판 없음)
프런티어 일반	FRONTIER_TRAINER_EMILIA	src/data/battle_frontier/battle_frontier_trainers.h	trainerName	EMILIA	지향	4	예	채택(팬번역, 친구 원 요청 2-Q8·답 Q4)	팬번역(pokeemerald-kr) — 게임 공식 아님(에메랄드 한국어판 없음)
프런티어 일반	FRONTIER_TRAINER_DALIA	src/data/battle_frontier/battle_frontier_trainers.h	trainerName	DALIA	달리아	6	예	채택(팬번역, 친구 원 요청 2-Q8·답 Q4)	팬번역(pokeemerald-kr) — 게임 공식 아님(에메랄드 한국어판 없음)
프런티어 일반	FRONTIER_TRAINER_HITOMI	src/data/battle_frontier/battle_frontier_trainers.h	trainerName	HITOMI	동건	4	예	채택(팬번역, 친구 원 요청 2-Q8·답 Q4)	팬번역(pokeemerald-kr) — 게임 공식 아님(에메랄드 한국어판 없음)
프런티어 일반	FRONTIER_TRAINER_RICARDO	src/data/battle_frontier/battle_frontier_trainers.h	trainerName	RICARDO	리카도	6	예	채택(팬번역, 친구 원 요청 2-Q8·답 Q4)	팬번역(pokeemerald-kr) — 게임 공식 아님(에메랄드 한국어판 없음)
프런티어 일반	FRONTIER_TRAINER_SHIZUKA	src/data/battle_frontier/battle_frontier_trainers.h	trainerName	SHIZUKA	시즈카	6	예	채택(팬번역, 친구 원 요청 2-Q8·답 Q4)	팬번역(pokeemerald-kr) — 게임 공식 아님(에메랄드 한국어판 없음)
프런티어 일반	FRONTIER_TRAINER_JOANA	src/data/battle_frontier/battle_frontier_trainers.h	trainerName	JOANA	조아나	6	예	채택(팬번역, 친구 원 요청 2-Q8·답 Q4)	팬번역(pokeemerald-kr) — 게임 공식 아님(에메랄드 한국어판 없음)
프런티어 일반	FRONTIER_TRAINER_KELLY	src/data/battle_frontier/battle_frontier_trainers.h	trainerName	KELLY	켈리	4	예	채택(팬번역, 친구 원 요청 2-Q8·답 Q4)	팬번역(pokeemerald-kr) — 게임 공식 아님(에메랄드 한국어판 없음)
프런티어 일반	FRONTIER_TRAINER_RAYNA	src/data/battle_frontier/battle_frontier_trainers.h	trainerName	RAYNA	레이나	6	예	채택(팬번역, 친구 원 요청 2-Q8·답 Q4)	팬번역(pokeemerald-kr) — 게임 공식 아님(에메랄드 한국어판 없음)
프런티어 일반	FRONTIER_TRAINER_EVAN	src/data/battle_frontier/battle_frontier_trainers.h	trainerName	EVAN	에반	4	예	채택(팬번역, 친구 원 요청 2-Q8·답 Q4)	팬번역(pokeemerald-kr) — 게임 공식 아님(에메랄드 한국어판 없음)
프런티어 일반	FRONTIER_TRAINER_JORDAN	src/data/battle_frontier/battle_frontier_trainers.h	trainerName	JORDAN	조던	4	예	채택(팬번역, 친구 원 요청 2-Q8·답 Q4)	팬번역(pokeemerald-kr) — 게임 공식 아님(에메랄드 한국어판 없음)
프런티어 일반	FRONTIER_TRAINER_JOEL	src/data/battle_frontier/battle_frontier_trainers.h	trainerName	JOEL	조엘	4	예	채택(팬번역, 친구 원 요청 2-Q8·답 Q4)	팬번역(pokeemerald-kr) — 게임 공식 아님(에메랄드 한국어판 없음)
프런티어 일반	FRONTIER_TRAINER_KRISTEN	src/data/battle_frontier/battle_frontier_trainers.h	trainerName	KRISTEN	크리스	6	예	채택(팬번역, 친구 원 요청 2-Q8·답 Q4)	팬번역(pokeemerald-kr) — 게임 공식 아님(에메랄드 한국어판 없음)
프런티어 일반	FRONTIER_TRAINER_SELPHY	src/data/battle_frontier/battle_frontier_trainers.h	trainerName	SELPHY	예경	4	예	채택(팬번역, 친구 원 요청 2-Q8·답 Q4)	팬번역(pokeemerald-kr) — 게임 공식 아님(에메랄드 한국어판 없음)
프런티어 일반	FRONTIER_TRAINER_CHLOE	src/data/battle_frontier/battle_frontier_trainers.h	trainerName	CHLOE	클로이	6	예	채택(팬번역, 친구 원 요청 2-Q8·답 Q4)	팬번역(pokeemerald-kr) — 게임 공식 아님(에메랄드 한국어판 없음)
프런티어 일반	FRONTIER_TRAINER_NORTON	src/data/battle_frontier/battle_frontier_trainers.h	trainerName	NORTON	예승	4	예	채택(팬번역, 친구 원 요청 2-Q8·답 Q4)	팬번역(pokeemerald-kr) — 게임 공식 아님(에메랄드 한국어판 없음)
프런티어 일반	FRONTIER_TRAINER_LUKAS	src/data/battle_frontier/battle_frontier_trainers.h	trainerName	LUKAS	루카스	6	예	채택(팬번역, 친구 원 요청 2-Q8·답 Q4)	팬번역(pokeemerald-kr) — 게임 공식 아님(에메랄드 한국어판 없음)
프런티어 일반	FRONTIER_TRAINER_ZACH	src/data/battle_frontier/battle_frontier_trainers.h	trainerName	ZACH	잭	2	예	채택(팬번역, 친구 원 요청 2-Q8·답 Q4)	팬번역(pokeemerald-kr) — 게임 공식 아님(에메랄드 한국어판 없음)
프런티어 일반	FRONTIER_TRAINER_KAITLYN	src/data/battle_frontier/battle_frontier_trainers.h	trainerName	KAITLYN	오연	4	예	채택(팬번역, 친구 원 요청 2-Q8·답 Q4)	팬번역(pokeemerald-kr) — 게임 공식 아님(에메랄드 한국어판 없음)
프런티어 일반	FRONTIER_TRAINER_BREANNA	src/data/battle_frontier/battle_frontier_trainers.h	trainerName	BREANNA	브리애	6	예	채택(팬번역, 친구 원 요청 2-Q8·답 Q4)	팬번역(pokeemerald-kr) — 게임 공식 아님(에메랄드 한국어판 없음)
프런티어 일반	FRONTIER_TRAINER_KENDRA	src/data/battle_frontier/battle_frontier_trainers.h	trainerName	KENDRA	켄드라	6	예	채택(팬번역, 친구 원 요청 2-Q8·답 Q4)	팬번역(pokeemerald-kr) — 게임 공식 아님(에메랄드 한국어판 없음)
프런티어 일반	FRONTIER_TRAINER_MOLLY	src/data/battle_frontier/battle_frontier_trainers.h	trainerName	MOLLY	몰리	4	예	채택(팬번역, 친구 원 요청 2-Q8·답 Q4)	팬번역(pokeemerald-kr) — 게임 공식 아님(에메랄드 한국어판 없음)
프런티어 일반	FRONTIER_TRAINER_JAZMIN	src/data/battle_frontier/battle_frontier_trainers.h	trainerName	JAZMIN	재즈민	6	예	채택(팬번역, 친구 원 요청 2-Q8·답 Q4)	팬번역(pokeemerald-kr) — 게임 공식 아님(에메랄드 한국어판 없음)
프런티어 일반	FRONTIER_TRAINER_KELSEY	src/data/battle_frontier/battle_frontier_trainers.h	trainerName	KELSEY	켈시	4	예	채택(팬번역, 친구 원 요청 2-Q8·답 Q4)	팬번역(pokeemerald-kr) — 게임 공식 아님(에메랄드 한국어판 없음)
프런티어 일반	FRONTIER_TRAINER_JALEN	src/data/battle_frontier/battle_frontier_trainers.h	trainerName	JALEN	제일런	6	예	채택(팬번역, 친구 원 요청 2-Q8·답 Q4)	팬번역(pokeemerald-kr) — 게임 공식 아님(에메랄드 한국어판 없음)
프런티어 일반	FRONTIER_TRAINER_GRIFFEN	src/data/battle_frontier/battle_frontier_trainers.h	trainerName	GRIFFEN	그리펜	6	예	채택(팬번역, 친구 원 요청 2-Q8·답 Q4)	팬번역(pokeemerald-kr) — 게임 공식 아님(에메랄드 한국어판 없음)
프런티어 일반	FRONTIER_TRAINER_XANDER	src/data/battle_frontier/battle_frontier_trainers.h	trainerName	XANDER	잰더	4	예	채택(팬번역, 친구 원 요청 2-Q8·답 Q4)	팬번역(pokeemerald-kr) — 게임 공식 아님(에메랄드 한국어판 없음)
프런티어 일반	FRONTIER_TRAINER_MARVIN	src/data/battle_frontier/battle_frontier_trainers.h	trainerName	MARVIN	마빈	4	예	채택(팬번역, 친구 원 요청 2-Q8·답 Q4)	팬번역(pokeemerald-kr) — 게임 공식 아님(에메랄드 한국어판 없음)
프런티어 일반	FRONTIER_TRAINER_BRENNAN	src/data/battle_frontier/battle_frontier_trainers.h	trainerName	BRENNAN	브레넌	6	예	채택(팬번역, 친구 원 요청 2-Q8·답 Q4)	팬번역(pokeemerald-kr) — 게임 공식 아님(에메랄드 한국어판 없음)
프런티어 일반	FRONTIER_TRAINER_BALEY	src/data/battle_frontier/battle_frontier_trainers.h	trainerName	BALEY	철윤	4	예	채택(팬번역, 친구 원 요청 2-Q8·답 Q4)	팬번역(pokeemerald-kr) — 게임 공식 아님(에메랄드 한국어판 없음)
프런티어 일반	FRONTIER_TRAINER_ZACKARY	src/data/battle_frontier/battle_frontier_trainers.h	trainerName	ZACKARY	영현	4	예	채택(팬번역, 친구 원 요청 2-Q8·답 Q4)	팬번역(pokeemerald-kr) — 게임 공식 아님(에메랄드 한국어판 없음)
프런티어 일반	FRONTIER_TRAINER_GABRIEL	src/data/battle_frontier/battle_frontier_trainers.h	trainerName	GABRIEL	예성	4	예	채택(팬번역, 친구 원 요청 2-Q8·답 Q4)	팬번역(pokeemerald-kr) — 게임 공식 아님(에메랄드 한국어판 없음)
프런티어 일반	FRONTIER_TRAINER_EMILY	src/data/battle_frontier/battle_frontier_trainers.h	trainerName	EMILY	에밀리	6	예	채택(팬번역, 친구 원 요청 2-Q8·답 Q4)	팬번역(pokeemerald-kr) — 게임 공식 아님(에메랄드 한국어판 없음)
프런티어 일반	FRONTIER_TRAINER_JORDYN	src/data/battle_frontier/battle_frontier_trainers.h	trainerName	JORDYN	조딘	4	예	채택(팬번역, 친구 원 요청 2-Q8·답 Q4)	팬번역(pokeemerald-kr) — 게임 공식 아님(에메랄드 한국어판 없음)
프런티어 일반	FRONTIER_TRAINER_SOFIA	src/data/battle_frontier/battle_frontier_trainers.h	trainerName	SOFIA	소피아	6	예	채택(팬번역, 친구 원 요청 2-Q8·답 Q4)	팬번역(pokeemerald-kr) — 게임 공식 아님(에메랄드 한국어판 없음)
프런티어 일반	FRONTIER_TRAINER_BRADEN	src/data/battle_frontier/battle_frontier_trainers.h	trainerName	BRADEN	브래든	6	예	채택(팬번역, 친구 원 요청 2-Q8·답 Q4)	팬번역(pokeemerald-kr) — 게임 공식 아님(에메랄드 한국어판 없음)
프런티어 일반	FRONTIER_TRAINER_KAYDEN	src/data/battle_frontier/battle_frontier_trainers.h	trainerName	KAYDEN	민홍	4	예	채택(팬번역, 친구 원 요청 2-Q8·답 Q4)	팬번역(pokeemerald-kr) — 게임 공식 아님(에메랄드 한국어판 없음)
프런티어 일반	FRONTIER_TRAINER_COOPER	src/data/battle_frontier/battle_frontier_trainers.h	trainerName	COOPER	쿠퍼	4	예	채택(팬번역, 친구 원 요청 2-Q8·답 Q4)	팬번역(pokeemerald-kr) — 게임 공식 아님(에메랄드 한국어판 없음)
프런티어 일반	FRONTIER_TRAINER_JULIA	src/data/battle_frontier/battle_frontier_trainers.h	trainerName	JULIA	줄리아	6	예	채택(팬번역, 친구 원 요청 2-Q8·답 Q4)	팬번역(pokeemerald-kr) — 게임 공식 아님(에메랄드 한국어판 없음)
프런티어 일반	FRONTIER_TRAINER_AMARA	src/data/battle_frontier/battle_frontier_trainers.h	trainerName	AMARA	아마라	6	예	채택(팬번역, 친구 원 요청 2-Q8·답 Q4)	팬번역(pokeemerald-kr) — 게임 공식 아님(에메랄드 한국어판 없음)
프런티어 일반	FRONTIER_TRAINER_LYNN	src/data/battle_frontier/battle_frontier_trainers.h	trainerName	LYNN	린	2	예	채택(팬번역, 친구 원 요청 2-Q8·답 Q4)	팬번역(pokeemerald-kr) — 게임 공식 아님(에메랄드 한국어판 없음)
프런티어 일반	FRONTIER_TRAINER_JOVAN	src/data/battle_frontier/battle_frontier_trainers.h	trainerName	JOVAN	조반	4	예	채택(팬번역, 친구 원 요청 2-Q8·답 Q4)	팬번역(pokeemerald-kr) — 게임 공식 아님(에메랄드 한국어판 없음)
프런티어 일반	FRONTIER_TRAINER_DOMINIC	src/data/battle_frontier/battle_frontier_trainers.h	trainerName	DOMINIC	도미닉	6	예	채택(팬번역, 친구 원 요청 2-Q8·답 Q4)	팬번역(pokeemerald-kr) — 게임 공식 아님(에메랄드 한국어판 없음)
프런티어 일반	FRONTIER_TRAINER_NIKOLAS	src/data/battle_frontier/battle_frontier_trainers.h	trainerName	NIKOLAS	니콜라	6	예	채택(팬번역, 친구 원 요청 2-Q8·답 Q4)	팬번역(pokeemerald-kr) — 게임 공식 아님(에메랄드 한국어판 없음)
프런티어 일반	FRONTIER_TRAINER_VALERIA	src/data/battle_frontier/battle_frontier_trainers.h	trainerName	VALERIA	발레아	6	예	채택(팬번역, 친구 원 요청 2-Q8·답 Q4)	팬번역(pokeemerald-kr) — 게임 공식 아님(에메랄드 한국어판 없음)
프런티어 일반	FRONTIER_TRAINER_DELANEY	src/data/battle_frontier/battle_frontier_trainers.h	trainerName	DELANEY	델라니	6	예	채택(팬번역, 친구 원 요청 2-Q8·답 Q4)	팬번역(pokeemerald-kr) — 게임 공식 아님(에메랄드 한국어판 없음)
프런티어 일반	FRONTIER_TRAINER_MEGHAN	src/data/battle_frontier/battle_frontier_trainers.h	trainerName	MEGHAN	의연	4	예	채택(팬번역, 친구 원 요청 2-Q8·답 Q4)	팬번역(pokeemerald-kr) — 게임 공식 아님(에메랄드 한국어판 없음)
프런티어 일반	FRONTIER_TRAINER_ROBERTO	src/data/battle_frontier/battle_frontier_trainers.h	trainerName	ROBERTO	로베토	6	예	채택(팬번역, 친구 원 요청 2-Q8·답 Q4)	팬번역(pokeemerald-kr) — 게임 공식 아님(에메랄드 한국어판 없음)
프런티어 일반	FRONTIER_TRAINER_DAMIAN	src/data/battle_frontier/battle_frontier_trainers.h	trainerName	DAMIAN	수길	4	예	채택(팬번역, 친구 원 요청 2-Q8·답 Q4)	팬번역(pokeemerald-kr) — 게임 공식 아님(에메랄드 한국어판 없음)
프런티어 일반	FRONTIER_TRAINER_BRODY	src/data/battle_frontier/battle_frontier_trainers.h	trainerName	BRODY	브로디	6	예	채택(팬번역, 친구 원 요청 2-Q8·답 Q4)	팬번역(pokeemerald-kr) — 게임 공식 아님(에메랄드 한국어판 없음)
프런티어 일반	FRONTIER_TRAINER_GRAHAM	src/data/battle_frontier/battle_frontier_trainers.h	trainerName	GRAHAM	세민	4	예	채택(팬번역, 친구 원 요청 2-Q8·답 Q4)	팬번역(pokeemerald-kr) — 게임 공식 아님(에메랄드 한국어판 없음)
프런티어 일반	FRONTIER_TRAINER_TYLOR	src/data/battle_frontier/battle_frontier_trainers.h	trainerName	TYLOR	이훈	4	예	채택(팬번역, 친구 원 요청 2-Q8·답 Q4)	팬번역(pokeemerald-kr) — 게임 공식 아님(에메랄드 한국어판 없음)
프런티어 일반	FRONTIER_TRAINER_JAREN	src/data/battle_frontier/battle_frontier_trainers.h	trainerName	JAREN	선아	4	예	채택(팬번역, 친구 원 요청 2-Q8·답 Q4)	팬번역(pokeemerald-kr) — 게임 공식 아님(에메랄드 한국어판 없음)
프런티어 일반	FRONTIER_TRAINER_CORDELL	src/data/battle_frontier/battle_frontier_trainers.h	trainerName	CORDELL	상훈	4	예	채택(팬번역, 친구 원 요청 2-Q8·답 Q4)	팬번역(pokeemerald-kr) — 게임 공식 아님(에메랄드 한국어판 없음)
프런티어 일반	FRONTIER_TRAINER_JAZLYN	src/data/battle_frontier/battle_frontier_trainers.h	trainerName	JAZLYN	새라	4	예	채택(팬번역, 친구 원 요청 2-Q8·답 Q4)	팬번역(pokeemerald-kr) — 게임 공식 아님(에메랄드 한국어판 없음)
프런티어 일반	FRONTIER_TRAINER_ZACHERY	src/data/battle_frontier/battle_frontier_trainers.h	trainerName	ZACHERY	재커리	6	예	채택(팬번역, 친구 원 요청 2-Q8·답 Q4)	팬번역(pokeemerald-kr) — 게임 공식 아님(에메랄드 한국어판 없음)
프런티어 일반	FRONTIER_TRAINER_JOHAN	src/data/battle_frontier/battle_frontier_trainers.h	trainerName	JOHAN	요한	4	예	채택(팬번역, 친구 원 요청 2-Q8·답 Q4)	팬번역(pokeemerald-kr) — 게임 공식 아님(에메랄드 한국어판 없음)
프런티어 일반	FRONTIER_TRAINER_SHEA	src/data/battle_frontier/battle_frontier_trainers.h	trainerName	SHEA	보영	4	예	채택(팬번역, 친구 원 요청 2-Q8·답 Q4)	팬번역(pokeemerald-kr) — 게임 공식 아님(에메랄드 한국어판 없음)
프런티어 일반	FRONTIER_TRAINER_KAILA	src/data/battle_frontier/battle_frontier_trainers.h	trainerName	KAILA	카일라	6	예	채택(팬번역, 친구 원 요청 2-Q8·답 Q4)	팬번역(pokeemerald-kr) — 게임 공식 아님(에메랄드 한국어판 없음)
프런티어 일반	FRONTIER_TRAINER_ISIAH	src/data/battle_frontier/battle_frontier_trainers.h	trainerName	ISIAH	아이자	6	예	채택(팬번역, 친구 원 요청 2-Q8·답 Q4)	팬번역(pokeemerald-kr) — 게임 공식 아님(에메랄드 한국어판 없음)
프런티어 일반	FRONTIER_TRAINER_GARRETT	src/data/battle_frontier/battle_frontier_trainers.h	trainerName	GARRETT	병준	4	예	채택(팬번역, 친구 원 요청 2-Q8·답 Q4)	팬번역(pokeemerald-kr) — 게임 공식 아님(에메랄드 한국어판 없음)
프런티어 일반	FRONTIER_TRAINER_HAYLIE	src/data/battle_frontier/battle_frontier_trainers.h	trainerName	HAYLIE	헤일리	6	예	채택(팬번역, 친구 원 요청 2-Q8·답 Q4)	팬번역(pokeemerald-kr) — 게임 공식 아님(에메랄드 한국어판 없음)
프런티어 일반	FRONTIER_TRAINER_MEGAN	src/data/battle_frontier/battle_frontier_trainers.h	trainerName	MEGAN	메건	4	예	채택(팬번역, 친구 원 요청 2-Q8·답 Q4)	팬번역(pokeemerald-kr) — 게임 공식 아님(에메랄드 한국어판 없음)
프런티어 일반	FRONTIER_TRAINER_ISSAC	src/data/battle_frontier/battle_frontier_trainers.h	trainerName	ISSAC	아이작	6	예	채택(팬번역, 친구 원 요청 2-Q8·답 Q4)	팬번역(pokeemerald-kr) — 게임 공식 아님(에메랄드 한국어판 없음)
프런티어 일반	FRONTIER_TRAINER_QUINTON	src/data/battle_frontier/battle_frontier_trainers.h	trainerName	QUINTON	퀸턴	4	예	채택(팬번역, 친구 원 요청 2-Q8·답 Q4)	팬번역(pokeemerald-kr) — 게임 공식 아님(에메랄드 한국어판 없음)
프런티어 일반	FRONTIER_TRAINER_SALMA	src/data/battle_frontier/battle_frontier_trainers.h	trainerName	SALMA	별하	4	예	채택(팬번역, 친구 원 요청 2-Q8·답 Q4)	팬번역(pokeemerald-kr) — 게임 공식 아님(에메랄드 한국어판 없음)
프런티어 일반	FRONTIER_TRAINER_ANSLEY	src/data/battle_frontier/battle_frontier_trainers.h	trainerName	ANSLEY	앤슬리	6	예	채택(팬번역, 친구 원 요청 2-Q8·답 Q4)	팬번역(pokeemerald-kr) — 게임 공식 아님(에메랄드 한국어판 없음)
프런티어 일반	FRONTIER_TRAINER_HOLDEN	src/data/battle_frontier/battle_frontier_trainers.h	trainerName	HOLDEN	홀든	4	예	채택(팬번역, 친구 원 요청 2-Q8·답 Q4)	팬번역(pokeemerald-kr) — 게임 공식 아님(에메랄드 한국어판 없음)
프런티어 일반	FRONTIER_TRAINER_LUCA	src/data/battle_frontier/battle_frontier_trainers.h	trainerName	LUCA	루카	4	예	채택(팬번역, 친구 원 요청 2-Q8·답 Q4)	팬번역(pokeemerald-kr) — 게임 공식 아님(에메랄드 한국어판 없음)
프런티어 일반	FRONTIER_TRAINER_JAMISON	src/data/battle_frontier/battle_frontier_trainers.h	trainerName	JAMISON	제이미	6	예	채택(팬번역, 친구 원 요청 2-Q8·답 Q4)	팬번역(pokeemerald-kr) — 게임 공식 아님(에메랄드 한국어판 없음)
프런티어 일반	FRONTIER_TRAINER_GUNNAR	src/data/battle_frontier/battle_frontier_trainers.h	trainerName	GUNNAR	민창	4	예	채택(팬번역, 친구 원 요청 2-Q8·답 Q4)	팬번역(pokeemerald-kr) — 게임 공식 아님(에메랄드 한국어판 없음)
프런티어 일반	FRONTIER_TRAINER_CRAIG	src/data/battle_frontier/battle_frontier_trainers.h	trainerName	CRAIG	문환	4	예	채택(팬번역, 친구 원 요청 2-Q8·답 Q4)	팬번역(pokeemerald-kr) — 게임 공식 아님(에메랄드 한국어판 없음)
프런티어 일반	FRONTIER_TRAINER_PIERCE	src/data/battle_frontier/battle_frontier_trainers.h	trainerName	PIERCE	피어스	6	예	채택(팬번역, 친구 원 요청 2-Q8·답 Q4)	팬번역(pokeemerald-kr) — 게임 공식 아님(에메랄드 한국어판 없음)
프런티어 일반	FRONTIER_TRAINER_REGINA	src/data/battle_frontier/battle_frontier_trainers.h	trainerName	REGINA	려원	4	예	채택(팬번역, 친구 원 요청 2-Q8·답 Q4)	팬번역(pokeemerald-kr) — 게임 공식 아님(에메랄드 한국어판 없음)
프런티어 일반	FRONTIER_TRAINER_ALISON	src/data/battle_frontier/battle_frontier_trainers.h	trainerName	ALISON	앨리슨	6	예	채택(팬번역, 친구 원 요청 2-Q8·답 Q4)	팬번역(pokeemerald-kr) — 게임 공식 아님(에메랄드 한국어판 없음)
프런티어 일반	FRONTIER_TRAINER_HANK	src/data/battle_frontier/battle_frontier_trainers.h	trainerName	HANK	행크	4	예	채택(팬번역, 친구 원 요청 2-Q8·답 Q4)	팬번역(pokeemerald-kr) — 게임 공식 아님(에메랄드 한국어판 없음)
프런티어 일반	FRONTIER_TRAINER_EARL	src/data/battle_frontier/battle_frontier_trainers.h	trainerName	EARL	얼	2	예	채택(팬번역, 친구 원 요청 2-Q8·답 Q4)	팬번역(pokeemerald-kr) — 게임 공식 아님(에메랄드 한국어판 없음)
프런티어 일반	FRONTIER_TRAINER_RAMIRO	src/data/battle_frontier/battle_frontier_trainers.h	trainerName	RAMIRO	라미로	6	예	채택(팬번역, 친구 원 요청 2-Q8·답 Q4)	팬번역(pokeemerald-kr) — 게임 공식 아님(에메랄드 한국어판 없음)
프런티어 일반	FRONTIER_TRAINER_HUNTER	src/data/battle_frontier/battle_frontier_trainers.h	trainerName	HUNTER	헌터	4	예	채택(팬번역, 친구 원 요청 2-Q8·답 Q4)	팬번역(pokeemerald-kr) — 게임 공식 아님(에메랄드 한국어판 없음)
프런티어 일반	FRONTIER_TRAINER_AIDEN	src/data/battle_frontier/battle_frontier_trainers.h	trainerName	AIDEN	에이든	6	예	채택(팬번역, 친구 원 요청 2-Q8·답 Q4)	팬번역(pokeemerald-kr) — 게임 공식 아님(에메랄드 한국어판 없음)
프런티어 일반	FRONTIER_TRAINER_XAVIER	src/data/battle_frontier/battle_frontier_trainers.h	trainerName	XAVIER	제이비	6	예	채택(팬번역, 친구 원 요청 2-Q8·답 Q4)	팬번역(pokeemerald-kr) — 게임 공식 아님(에메랄드 한국어판 없음)
프런티어 일반	FRONTIER_TRAINER_CLINTON	src/data/battle_frontier/battle_frontier_trainers.h	trainerName	CLINTON	클린턴	6	예	채택(팬번역, 친구 원 요청 2-Q8·답 Q4)	팬번역(pokeemerald-kr) — 게임 공식 아님(에메랄드 한국어판 없음)
프런티어 일반	FRONTIER_TRAINER_JESSE	src/data/battle_frontier/battle_frontier_trainers.h	trainerName	JESSE	제시	4	예	채택(팬번역, 친구 원 요청 2-Q8·답 Q4)	팬번역(pokeemerald-kr) — 게임 공식 아님(에메랄드 한국어판 없음)
프런티어 일반	FRONTIER_TRAINER_EDUARDO	src/data/battle_frontier/battle_frontier_trainers.h	trainerName	EDUARDO	에두아	6	예	채택(팬번역, 친구 원 요청 2-Q8·답 Q4)	팬번역(pokeemerald-kr) — 게임 공식 아님(에메랄드 한국어판 없음)
프런티어 일반	FRONTIER_TRAINER_HAL	src/data/battle_frontier/battle_frontier_trainers.h	trainerName	HAL	시인	4	예	채택(팬번역, 친구 원 요청 2-Q8·답 Q4)	팬번역(pokeemerald-kr) — 게임 공식 아님(에메랄드 한국어판 없음)
프런티어 일반	FRONTIER_TRAINER_GAGE	src/data/battle_frontier/battle_frontier_trainers.h	trainerName	GAGE	순림	4	예	채택(팬번역, 친구 원 요청 2-Q8·답 Q4)	팬번역(pokeemerald-kr) — 게임 공식 아님(에메랄드 한국어판 없음)
프런티어 일반	FRONTIER_TRAINER_ARNOLD	src/data/battle_frontier/battle_frontier_trainers.h	trainerName	ARNOLD	수윤	4	예	채택(팬번역, 친구 원 요청 2-Q8·답 Q4)	팬번역(pokeemerald-kr) — 게임 공식 아님(에메랄드 한국어판 없음)
프런티어 일반	FRONTIER_TRAINER_JARRETT	src/data/battle_frontier/battle_frontier_trainers.h	trainerName	JARRETT	재럿	4	예	채택(팬번역, 친구 원 요청 2-Q8·답 Q4)	팬번역(pokeemerald-kr) — 게임 공식 아님(에메랄드 한국어판 없음)
프런티어 일반	FRONTIER_TRAINER_GARETT	src/data/battle_frontier/battle_frontier_trainers.h	trainerName	GARETT	아랑	4	예	채택(팬번역, 친구 원 요청 2-Q8·답 Q4)	팬번역(pokeemerald-kr) — 게임 공식 아님(에메랄드 한국어판 없음)
프런티어 일반	FRONTIER_TRAINER_EMANUEL	src/data/battle_frontier/battle_frontier_trainers.h	trainerName	EMANUEL	아윤	4	예	채택(팬번역, 친구 원 요청 2-Q8·답 Q4)	팬번역(pokeemerald-kr) — 게임 공식 아님(에메랄드 한국어판 없음)
프런티어 일반	FRONTIER_TRAINER_GUSTAVO	src/data/battle_frontier/battle_frontier_trainers.h	trainerName	GUSTAVO	양섭	4	예	채택(팬번역, 친구 원 요청 2-Q8·답 Q4)	팬번역(pokeemerald-kr) — 게임 공식 아님(에메랄드 한국어판 없음)
프런티어 일반	FRONTIER_TRAINER_KAMERON	src/data/battle_frontier/battle_frontier_trainers.h	trainerName	KAMERON	이진	4	예	채택(팬번역, 친구 원 요청 2-Q8·답 Q4)	팬번역(pokeemerald-kr) — 게임 공식 아님(에메랄드 한국어판 없음)
프런티어 일반	FRONTIER_TRAINER_ALFREDO	src/data/battle_frontier/battle_frontier_trainers.h	trainerName	ALFREDO	알프도	6	예	채택(팬번역, 친구 원 요청 2-Q8·답 Q4)	팬번역(pokeemerald-kr) — 게임 공식 아님(에메랄드 한국어판 없음)
프런티어 일반	FRONTIER_TRAINER_RUBEN	src/data/battle_frontier/battle_frontier_trainers.h	trainerName	RUBEN	루벤	4	예	채택(팬번역, 친구 원 요청 2-Q8·답 Q4)	팬번역(pokeemerald-kr) — 게임 공식 아님(에메랄드 한국어판 없음)
프런티어 일반	FRONTIER_TRAINER_LAMAR	src/data/battle_frontier/battle_frontier_trainers.h	trainerName	LAMAR	라마	4	예	채택(팬번역, 친구 원 요청 2-Q8·답 Q4)	팬번역(pokeemerald-kr) — 게임 공식 아님(에메랄드 한국어판 없음)
프런티어 일반	FRONTIER_TRAINER_JAXON	src/data/battle_frontier/battle_frontier_trainers.h	trainerName	JAXON	잭슨	4	예	채택(팬번역, 친구 원 요청 2-Q8·답 Q4)	팬번역(pokeemerald-kr) — 게임 공식 아님(에메랄드 한국어판 없음)
프런티어 일반	FRONTIER_TRAINER_LOGAN	src/data/battle_frontier/battle_frontier_trainers.h	trainerName	LOGAN	로건	4	예	채택(팬번역, 친구 원 요청 2-Q8·답 Q4)	팬번역(pokeemerald-kr) — 게임 공식 아님(에메랄드 한국어판 없음)
프런티어 일반	FRONTIER_TRAINER_EMILEE	src/data/battle_frontier/battle_frontier_trainers.h	trainerName	EMILEE	이유	4	예	채택(팬번역, 친구 원 요청 2-Q8·답 Q4)	팬번역(pokeemerald-kr) — 게임 공식 아님(에메랄드 한국어판 없음)
프런티어 일반	FRONTIER_TRAINER_JOSIE	src/data/battle_frontier/battle_frontier_trainers.h	trainerName	JOSIE	조시	4	예	채택(팬번역, 친구 원 요청 2-Q8·답 Q4)	팬번역(pokeemerald-kr) — 게임 공식 아님(에메랄드 한국어판 없음)
프런티어 일반	FRONTIER_TRAINER_ARMANDO	src/data/battle_frontier/battle_frontier_trainers.h	trainerName	ARMANDO	양군	4	예	채택(팬번역, 친구 원 요청 2-Q8·답 Q4)	팬번역(pokeemerald-kr) — 게임 공식 아님(에메랄드 한국어판 없음)
프런티어 일반	FRONTIER_TRAINER_SKYLER	src/data/battle_frontier/battle_frontier_trainers.h	trainerName	SKYLER	연지	4	예	채택(팬번역, 친구 원 요청 2-Q8·답 Q4)	팬번역(pokeemerald-kr) — 게임 공식 아님(에메랄드 한국어판 없음)
프런티어 일반	FRONTIER_TRAINER_RUTH	src/data/battle_frontier/battle_frontier_trainers.h	trainerName	RUTH	루스	4	예	채택(팬번역, 친구 원 요청 2-Q8·답 Q4)	팬번역(pokeemerald-kr) — 게임 공식 아님(에메랄드 한국어판 없음)
프런티어 일반	FRONTIER_TRAINER_MELODY	src/data/battle_frontier/battle_frontier_trainers.h	trainerName	MELODY	멜로디	6	예	채택(팬번역, 친구 원 요청 2-Q8·답 Q4)	팬번역(pokeemerald-kr) — 게임 공식 아님(에메랄드 한국어판 없음)
프런티어 일반	FRONTIER_TRAINER_PEDRO	src/data/battle_frontier/battle_frontier_trainers.h	trainerName	PEDRO	페드로	6	예	채택(팬번역, 친구 원 요청 2-Q8·답 Q4)	팬번역(pokeemerald-kr) — 게임 공식 아님(에메랄드 한국어판 없음)
프런티어 일반	FRONTIER_TRAINER_ERICK	src/data/battle_frontier/battle_frontier_trainers.h	trainerName	ERICK	에릭	4	예	채택(팬번역, 친구 원 요청 2-Q8·답 Q4)	팬번역(pokeemerald-kr) — 게임 공식 아님(에메랄드 한국어판 없음)
프런티어 일반	FRONTIER_TRAINER_ELAINE	src/data/battle_frontier/battle_frontier_trainers.h	trainerName	ELAINE	일레인	6	예	채택(팬번역, 친구 원 요청 2-Q8·답 Q4)	팬번역(pokeemerald-kr) — 게임 공식 아님(에메랄드 한국어판 없음)
프런티어 일반	FRONTIER_TRAINER_JOYCE	src/data/battle_frontier/battle_frontier_trainers.h	trainerName	JOYCE	예희	4	예	채택(팬번역, 친구 원 요청 2-Q8·답 Q4)	팬번역(pokeemerald-kr) — 게임 공식 아님(에메랄드 한국어판 없음)
프런티어 일반	FRONTIER_TRAINER_TODD	src/data/battle_frontier/battle_frontier_trainers.h	trainerName	TODD	토드	4	예	채택(팬번역, 친구 원 요청 2-Q8·답 Q4)	팬번역(pokeemerald-kr) — 게임 공식 아님(에메랄드 한국어판 없음)
프런티어 일반	FRONTIER_TRAINER_GAVIN	src/data/battle_frontier/battle_frontier_trainers.h	trainerName	GAVIN	옥규	4	예	채택(팬번역, 친구 원 요청 2-Q8·답 Q4)	팬번역(pokeemerald-kr) — 게임 공식 아님(에메랄드 한국어판 없음)
프런티어 일반	FRONTIER_TRAINER_MALORY	src/data/battle_frontier/battle_frontier_trainers.h	trainerName	MALORY	완서	4	예	채택(팬번역, 친구 원 요청 2-Q8·답 Q4)	팬번역(pokeemerald-kr) — 게임 공식 아님(에메랄드 한국어판 없음)
프런티어 일반	FRONTIER_TRAINER_ESTHER	src/data/battle_frontier/battle_frontier_trainers.h	trainerName	ESTHER	에스더	6	예	채택(팬번역, 친구 원 요청 2-Q8·답 Q4)	팬번역(pokeemerald-kr) — 게임 공식 아님(에메랄드 한국어판 없음)
프런티어 일반	FRONTIER_TRAINER_OSCAR	src/data/battle_frontier/battle_frontier_trainers.h	trainerName	OSCAR	오스카	6	예	채택(팬번역, 친구 원 요청 2-Q8·답 Q4)	팬번역(pokeemerald-kr) — 게임 공식 아님(에메랄드 한국어판 없음)
프런티어 일반	FRONTIER_TRAINER_WILSON	src/data/battle_frontier/battle_frontier_trainers.h	trainerName	WILSON	윌슨	4	예	채택(팬번역, 친구 원 요청 2-Q8·답 Q4)	팬번역(pokeemerald-kr) — 게임 공식 아님(에메랄드 한국어판 없음)
프런티어 일반	FRONTIER_TRAINER_CLARE	src/data/battle_frontier/battle_frontier_trainers.h	trainerName	CLARE	클레어	6	예	채택(팬번역, 친구 원 요청 2-Q8·답 Q4)	팬번역(pokeemerald-kr) — 게임 공식 아님(에메랄드 한국어판 없음)
프런티어 일반	FRONTIER_TRAINER_TESS	src/data/battle_frontier/battle_frontier_trainers.h	trainerName	TESS	테스	4	예	채택(팬번역, 친구 원 요청 2-Q8·답 Q4)	팬번역(pokeemerald-kr) — 게임 공식 아님(에메랄드 한국어판 없음)
프런티어 일반	FRONTIER_TRAINER_LEON	src/data/battle_frontier/battle_frontier_trainers.h	trainerName	LEON	레온	4	예	채택(팬번역, 친구 원 요청 2-Q8·답 Q4)	팬번역(pokeemerald-kr) — 게임 공식 아님(에메랄드 한국어판 없음)
프런티어 일반	FRONTIER_TRAINER_ALONZO	src/data/battle_frontier/battle_frontier_trainers.h	trainerName	ALONZO	알론조	6	예	채택(팬번역, 친구 원 요청 2-Q8·답 Q4)	팬번역(pokeemerald-kr) — 게임 공식 아님(에메랄드 한국어판 없음)
프런티어 일반	FRONTIER_TRAINER_VINCE	src/data/battle_frontier/battle_frontier_trainers.h	trainerName	VINCE	빈스	4	예	채택(팬번역, 친구 원 요청 2-Q8·답 Q4)	팬번역(pokeemerald-kr) — 게임 공식 아님(에메랄드 한국어판 없음)
프런티어 일반	FRONTIER_TRAINER_BRYON	src/data/battle_frontier/battle_frontier_trainers.h	trainerName	BRYON	영두	4	예	채택(팬번역, 친구 원 요청 2-Q8·답 Q4)	팬번역(pokeemerald-kr) — 게임 공식 아님(에메랄드 한국어판 없음)
프런티어 일반	FRONTIER_TRAINER_AVA	src/data/battle_frontier/battle_frontier_trainers.h	trainerName	AVA	에이바	6	예	채택(팬번역, 친구 원 요청 2-Q8·답 Q4)	팬번역(pokeemerald-kr) — 게임 공식 아님(에메랄드 한국어판 없음)
프런티어 일반	FRONTIER_TRAINER_MIRIAM	src/data/battle_frontier/battle_frontier_trainers.h	trainerName	MIRIAM	호양	4	예	채택(팬번역, 친구 원 요청 2-Q8·답 Q4)	팬번역(pokeemerald-kr) — 게임 공식 아님(에메랄드 한국어판 없음)
프런티어 일반	FRONTIER_TRAINER_CARRIE	src/data/battle_frontier/battle_frontier_trainers.h	trainerName	CARRIE	캐리	4	예	채택(팬번역, 친구 원 요청 2-Q8·답 Q4)	팬번역(pokeemerald-kr) — 게임 공식 아님(에메랄드 한국어판 없음)
프런티어 일반	FRONTIER_TRAINER_GILLIAN2	src/data/battle_frontier/battle_frontier_trainers.h	trainerName	GILLIAN	한희	4	예	채택(팬번역, 친구 원 요청 2-Q8·답 Q4)	팬번역(pokeemerald-kr) — 게임 공식 아님(에메랄드 한국어판 없음)
프런티어 일반	FRONTIER_TRAINER_TYLER	src/data/battle_frontier/battle_frontier_trainers.h	trainerName	TYLER	타일러	6	예	채택(팬번역, 친구 원 요청 2-Q8·답 Q4)	팬번역(pokeemerald-kr) — 게임 공식 아님(에메랄드 한국어판 없음)
프런티어 일반	FRONTIER_TRAINER_CHAZ	src/data/battle_frontier/battle_frontier_trainers.h	trainerName	CHAZ	원구	4	예	채택(팬번역, 친구 원 요청 2-Q8·답 Q4)	팬번역(pokeemerald-kr) — 게임 공식 아님(에메랄드 한국어판 없음)
프런티어 일반	FRONTIER_TRAINER_NELSON	src/data/battle_frontier/battle_frontier_trainers.h	trainerName	NELSON	넬슨	4	예	채택(팬번역, 친구 원 요청 2-Q8·답 Q4)	팬번역(pokeemerald-kr) — 게임 공식 아님(에메랄드 한국어판 없음)
프런티어 일반	FRONTIER_TRAINER_SHANIA	src/data/battle_frontier/battle_frontier_trainers.h	trainerName	SHANIA	샤니아	6	예	채택(팬번역, 친구 원 요청 2-Q8·답 Q4)	팬번역(pokeemerald-kr) — 게임 공식 아님(에메랄드 한국어판 없음)
프런티어 일반	FRONTIER_TRAINER_STELLA	src/data/battle_frontier/battle_frontier_trainers.h	trainerName	STELLA	스텔라	6	예	채택(팬번역, 친구 원 요청 2-Q8·답 Q4)	팬번역(pokeemerald-kr) — 게임 공식 아님(에메랄드 한국어판 없음)
프런티어 일반	FRONTIER_TRAINER_DORINE	src/data/battle_frontier/battle_frontier_trainers.h	trainerName	DORINE	도린	4	예	채택(팬번역, 친구 원 요청 2-Q8·답 Q4)	팬번역(pokeemerald-kr) — 게임 공식 아님(에메랄드 한국어판 없음)
프런티어 일반	FRONTIER_TRAINER_MADDOX	src/data/battle_frontier/battle_frontier_trainers.h	trainerName	MADDOX	영택	4	예	채택(팬번역, 친구 원 요청 2-Q8·답 Q4)	팬번역(pokeemerald-kr) — 게임 공식 아님(에메랄드 한국어판 없음)
프런티어 일반	FRONTIER_TRAINER_DAVIN	src/data/battle_frontier/battle_frontier_trainers.h	trainerName	DAVIN	용빈	4	예	채택(팬번역, 친구 원 요청 2-Q8·답 Q4)	팬번역(pokeemerald-kr) — 게임 공식 아님(에메랄드 한국어판 없음)
프런티어 일반	FRONTIER_TRAINER_TREVON	src/data/battle_frontier/battle_frontier_trainers.h	trainerName	TREVON	트레본	6	예	채택(팬번역, 친구 원 요청 2-Q8·답 Q4)	팬번역(pokeemerald-kr) — 게임 공식 아님(에메랄드 한국어판 없음)
프런티어 일반	FRONTIER_TRAINER_MATEO	src/data/battle_frontier/battle_frontier_trainers.h	trainerName	MATEO	마테오	6	예	채택(팬번역, 친구 원 요청 2-Q8·답 Q4)	팬번역(pokeemerald-kr) — 게임 공식 아님(에메랄드 한국어판 없음)
프런티어 일반	FRONTIER_TRAINER_BRET	src/data/battle_frontier/battle_frontier_trainers.h	trainerName	BRET	브렛	4	예	채택(팬번역, 친구 원 요청 2-Q8·답 Q4)	팬번역(pokeemerald-kr) — 게임 공식 아님(에메랄드 한국어판 없음)
프런티어 일반	FRONTIER_TRAINER_RAUL	src/data/battle_frontier/battle_frontier_trainers.h	trainerName	RAUL	라울	4	예	채택(팬번역, 친구 원 요청 2-Q8·답 Q4)	팬번역(pokeemerald-kr) — 게임 공식 아님(에메랄드 한국어판 없음)
프런티어 일반	FRONTIER_TRAINER_KAY	src/data/battle_frontier/battle_frontier_trainers.h	trainerName	KAY	케이	4	예	채택(팬번역, 친구 원 요청 2-Q8·답 Q4)	팬번역(pokeemerald-kr) — 게임 공식 아님(에메랄드 한국어판 없음)
프런티어 일반	FRONTIER_TRAINER_ELENA	src/data/battle_frontier/battle_frontier_trainers.h	trainerName	ELENA	엘레나	6	예	채택(팬번역, 친구 원 요청 2-Q8·답 Q4)	팬번역(pokeemerald-kr) — 게임 공식 아님(에메랄드 한국어판 없음)
프런티어 일반	FRONTIER_TRAINER_ALANA	src/data/battle_frontier/battle_frontier_trainers.h	trainerName	ALANA	알라나	6	예	채택(팬번역, 친구 원 요청 2-Q8·답 Q4)	팬번역(pokeemerald-kr) — 게임 공식 아님(에메랄드 한국어판 없음)
프런티어 일반	FRONTIER_TRAINER_ALEXAS	src/data/battle_frontier/battle_frontier_trainers.h	trainerName	ALEXAS	유신	4	예	채택(팬번역, 친구 원 요청 2-Q8·답 Q4)	팬번역(pokeemerald-kr) — 게임 공식 아님(에메랄드 한국어판 없음)
프런티어 일반	FRONTIER_TRAINER_WESTON	src/data/battle_frontier/battle_frontier_trainers.h	trainerName	WESTON	웨스턴	6	예	채택(팬번역, 친구 원 요청 2-Q8·답 Q4)	팬번역(pokeemerald-kr) — 게임 공식 아님(에메랄드 한국어판 없음)
프런티어 일반	FRONTIER_TRAINER_JASPER	src/data/battle_frontier/battle_frontier_trainers.h	trainerName	JASPER	재스퍼	6	예	채택(팬번역, 친구 원 요청 2-Q8·답 Q4)	팬번역(pokeemerald-kr) — 게임 공식 아님(에메랄드 한국어판 없음)
프런티어 일반	FRONTIER_TRAINER_NADIA	src/data/battle_frontier/battle_frontier_trainers.h	trainerName	NADIA	나디아	6	예	채택(팬번역, 친구 원 요청 2-Q8·답 Q4)	팬번역(pokeemerald-kr) — 게임 공식 아님(에메랄드 한국어판 없음)
프런티어 일반	FRONTIER_TRAINER_MIRANDA	src/data/battle_frontier/battle_frontier_trainers.h	trainerName	MIRANDA	미란다	6	예	채택(팬번역, 친구 원 요청 2-Q8·답 Q4)	팬번역(pokeemerald-kr) — 게임 공식 아님(에메랄드 한국어판 없음)
프런티어 일반	FRONTIER_TRAINER_EMMA	src/data/battle_frontier/battle_frontier_trainers.h	trainerName	EMMA	엠마	4	예	채택(팬번역, 친구 원 요청 2-Q8·답 Q4)	팬번역(pokeemerald-kr) — 게임 공식 아님(에메랄드 한국어판 없음)
프런티어 일반	FRONTIER_TRAINER_ROLANDO	src/data/battle_frontier/battle_frontier_trainers.h	trainerName	ROLANDO	롤란도	6	예	채택(팬번역, 친구 원 요청 2-Q8·답 Q4)	팬번역(pokeemerald-kr) — 게임 공식 아님(에메랄드 한국어판 없음)
프런티어 일반	FRONTIER_TRAINER_STANLY	src/data/battle_frontier/battle_frontier_trainers.h	trainerName	STANLY	스탠리	6	예	채택(팬번역, 친구 원 요청 2-Q8·답 Q4)	팬번역(pokeemerald-kr) — 게임 공식 아님(에메랄드 한국어판 없음)
프런티어 일반	FRONTIER_TRAINER_DARIO	src/data/battle_frontier/battle_frontier_trainers.h	trainerName	DARIO	다리오	6	예	채택(팬번역, 친구 원 요청 2-Q8·답 Q4)	팬번역(pokeemerald-kr) — 게임 공식 아님(에메랄드 한국어판 없음)
프런티어 일반	FRONTIER_TRAINER_KARLEE	src/data/battle_frontier/battle_frontier_trainers.h	trainerName	KARLEE	삼화	4	예	채택(팬번역, 친구 원 요청 2-Q8·답 Q4)	팬번역(pokeemerald-kr) — 게임 공식 아님(에메랄드 한국어판 없음)
프런티어 일반	FRONTIER_TRAINER_JAYLIN	src/data/battle_frontier/battle_frontier_trainers.h	trainerName	JAYLIN	유경	4	예	채택(팬번역, 친구 원 요청 2-Q8·답 Q4)	팬번역(pokeemerald-kr) — 게임 공식 아님(에메랄드 한국어판 없음)
프런티어 일반	FRONTIER_TRAINER_INGRID	src/data/battle_frontier/battle_frontier_trainers.h	trainerName	INGRID	도아	4	예	채택(팬번역, 친구 원 요청 2-Q8·답 Q4)	팬번역(pokeemerald-kr) — 게임 공식 아님(에메랄드 한국어판 없음)
프런티어 일반	FRONTIER_TRAINER_DELILAH	src/data/battle_frontier/battle_frontier_trainers.h	trainerName	DELILAH	딜라라	6	예	채택(팬번역, 친구 원 요청 2-Q8·답 Q4)	팬번역(pokeemerald-kr) — 게임 공식 아님(에메랄드 한국어판 없음)
프런티어 일반	FRONTIER_TRAINER_CARLY	src/data/battle_frontier/battle_frontier_trainers.h	trainerName	CARLY	칼리	4	예	채택(팬번역, 친구 원 요청 2-Q8·답 Q4)	팬번역(pokeemerald-kr) — 게임 공식 아님(에메랄드 한국어판 없음)
프런티어 일반	FRONTIER_TRAINER_LEXIE	src/data/battle_frontier/battle_frontier_trainers.h	trainerName	LEXIE	윤주	4	예	채택(팬번역, 친구 원 요청 2-Q8·답 Q4)	팬번역(pokeemerald-kr) — 게임 공식 아님(에메랄드 한국어판 없음)
프런티어 일반	FRONTIER_TRAINER_MILLER	src/data/battle_frontier/battle_frontier_trainers.h	trainerName	MILLER	밀러	4	예	채택(팬번역, 친구 원 요청 2-Q8·답 Q4)	팬번역(pokeemerald-kr) — 게임 공식 아님(에메랄드 한국어판 없음)
프런티어 일반	FRONTIER_TRAINER_MARV	src/data/battle_frontier/battle_frontier_trainers.h	trainerName	MARV	마브	4	예	채택(팬번역, 친구 원 요청 2-Q8·답 Q4)	팬번역(pokeemerald-kr) — 게임 공식 아님(에메랄드 한국어판 없음)
프런티어 일반	FRONTIER_TRAINER_LAYTON	src/data/battle_frontier/battle_frontier_trainers.h	trainerName	LAYTON	동욱	4	예	채택(팬번역, 친구 원 요청 2-Q8·답 Q4)	팬번역(pokeemerald-kr) — 게임 공식 아님(에메랄드 한국어판 없음)
프런티어 일반	FRONTIER_TRAINER_BROOKS	src/data/battle_frontier/battle_frontier_trainers.h	trainerName	BROOKS	브룩스	6	예	채택(팬번역, 친구 원 요청 2-Q8·답 Q4)	팬번역(pokeemerald-kr) — 게임 공식 아님(에메랄드 한국어판 없음)
프런티어 일반	FRONTIER_TRAINER_GREGORY	src/data/battle_frontier/battle_frontier_trainers.h	trainerName	GREGORY	그레고	6	예	채택(팬번역, 친구 원 요청 2-Q8·답 Q4)	팬번역(pokeemerald-kr) — 게임 공식 아님(에메랄드 한국어판 없음)
프런티어 일반	FRONTIER_TRAINER_REESE	src/data/battle_frontier/battle_frontier_trainers.h	trainerName	REESE	마현	4	예	채택(팬번역, 친구 원 요청 2-Q8·답 Q4)	팬번역(pokeemerald-kr) — 게임 공식 아님(에메랄드 한국어판 없음)
프런티어 일반	FRONTIER_TRAINER_MASON	src/data/battle_frontier/battle_frontier_trainers.h	trainerName	MASON	메이슨	6	예	채택(팬번역, 친구 원 요청 2-Q8·답 Q4)	팬번역(pokeemerald-kr) — 게임 공식 아님(에메랄드 한국어판 없음)
프런티어 일반	FRONTIER_TRAINER_TOBY	src/data/battle_frontier/battle_frontier_trainers.h	trainerName	TOBY	토비	4	예	채택(팬번역, 친구 원 요청 2-Q8·답 Q4)	팬번역(pokeemerald-kr) — 게임 공식 아님(에메랄드 한국어판 없음)
프런티어 일반	FRONTIER_TRAINER_DOROTHY	src/data/battle_frontier/battle_frontier_trainers.h	trainerName	DOROTHY	도로시	6	예	채택(팬번역, 친구 원 요청 2-Q8·답 Q4)	팬번역(pokeemerald-kr) — 게임 공식 아님(에메랄드 한국어판 없음)
프런티어 일반	FRONTIER_TRAINER_PIPER	src/data/battle_frontier/battle_frontier_trainers.h	trainerName	PIPER	파이퍼	6	예	채택(팬번역, 친구 원 요청 2-Q8·답 Q4)	팬번역(pokeemerald-kr) — 게임 공식 아님(에메랄드 한국어판 없음)
프런티어 일반	FRONTIER_TRAINER_FINN	src/data/battle_frontier/battle_frontier_trainers.h	trainerName	FINN	핀	2	예	채택(팬번역, 친구 원 요청 2-Q8·답 Q4)	팬번역(pokeemerald-kr) — 게임 공식 아님(에메랄드 한국어판 없음)
프런티어 일반	FRONTIER_TRAINER_SAMIR	src/data/battle_frontier/battle_frontier_trainers.h	trainerName	SAMIR	사미르	6	예	채택(팬번역, 친구 원 요청 2-Q8·답 Q4)	팬번역(pokeemerald-kr) — 게임 공식 아님(에메랄드 한국어판 없음)
프런티어 일반	FRONTIER_TRAINER_FIONA	src/data/battle_frontier/battle_frontier_trainers.h	trainerName	FIONA	피오나	6	예	채택(팬번역, 친구 원 요청 2-Q8·답 Q4)	팬번역(pokeemerald-kr) — 게임 공식 아님(에메랄드 한국어판 없음)
프런티어 일반	FRONTIER_TRAINER_GLORIA	src/data/battle_frontier/battle_frontier_trainers.h	trainerName	GLORIA	글로아	6	예	채택(팬번역, 친구 원 요청 2-Q8·답 Q4)	팬번역(pokeemerald-kr) — 게임 공식 아님(에메랄드 한국어판 없음)
프런티어 일반	FRONTIER_TRAINER_NICO	src/data/battle_frontier/battle_frontier_trainers.h	trainerName	NICO	니코	4	예	채택(팬번역, 친구 원 요청 2-Q8·답 Q4)	팬번역(pokeemerald-kr) — 게임 공식 아님(에메랄드 한국어판 없음)
프런티어 일반	FRONTIER_TRAINER_JEREMY	src/data/battle_frontier/battle_frontier_trainers.h	trainerName	JEREMY	제러미	6	예	채택(팬번역, 친구 원 요청 2-Q8·답 Q4)	팬번역(pokeemerald-kr) — 게임 공식 아님(에메랄드 한국어판 없음)
프런티어 일반	FRONTIER_TRAINER_CAITLIN	src/data/battle_frontier/battle_frontier_trainers.h	trainerName	CAITLIN	케이틀	6	예	채택(팬번역, 친구 원 요청 2-Q8·답 Q4)	팬번역(pokeemerald-kr) — 게임 공식 아님(에메랄드 한국어판 없음)
프런티어 일반	FRONTIER_TRAINER_REENA	src/data/battle_frontier/battle_frontier_trainers.h	trainerName	REENA	리나	4	예	채택(팬번역, 친구 원 요청 2-Q8·답 Q4)	팬번역(pokeemerald-kr) — 게임 공식 아님(에메랄드 한국어판 없음)
프런티어 일반	FRONTIER_TRAINER_AVERY	src/data/battle_frontier/battle_frontier_trainers.h	trainerName	AVERY	에이버	6	예	채택(팬번역, 친구 원 요청 2-Q8·답 Q4)	팬번역(pokeemerald-kr) — 게임 공식 아님(에메랄드 한국어판 없음)
프런티어 일반	FRONTIER_TRAINER_LIAM	src/data/battle_frontier/battle_frontier_trainers.h	trainerName	LIAM	진윤	4	예	채택(팬번역, 친구 원 요청 2-Q8·답 Q4)	팬번역(pokeemerald-kr) — 게임 공식 아님(에메랄드 한국어판 없음)
프런티어 일반	FRONTIER_TRAINER_THEO	src/data/battle_frontier/battle_frontier_trainers.h	trainerName	THEO	테오	4	예	채택(팬번역, 친구 원 요청 2-Q8·답 Q4)	팬번역(pokeemerald-kr) — 게임 공식 아님(에메랄드 한국어판 없음)
프런티어 일반	FRONTIER_TRAINER_BAILEY	src/data/battle_frontier/battle_frontier_trainers.h	trainerName	BAILEY	베일리	6	예	채택(팬번역, 친구 원 요청 2-Q8·답 Q4)	팬번역(pokeemerald-kr) — 게임 공식 아님(에메랄드 한국어판 없음)
프런티어 일반	FRONTIER_TRAINER_HUGO	src/data/battle_frontier/battle_frontier_trainers.h	trainerName	HUGO	휴고	4	예	채택(팬번역, 친구 원 요청 2-Q8·답 Q4)	팬번역(pokeemerald-kr) — 게임 공식 아님(에메랄드 한국어판 없음)
프런티어 일반	FRONTIER_TRAINER_BRYCE	src/data/battle_frontier/battle_frontier_trainers.h	trainerName	BRYCE	브라스	6	예	채택(팬번역, 친구 원 요청 2-Q8·답 Q4)	팬번역(pokeemerald-kr) — 게임 공식 아님(에메랄드 한국어판 없음)
프런티어 일반	FRONTIER_TRAINER_GIDEON	src/data/battle_frontier/battle_frontier_trainers.h	trainerName	GIDEON	이결	4	예	채택(팬번역, 친구 원 요청 2-Q8·답 Q4)	팬번역(pokeemerald-kr) — 게임 공식 아님(에메랄드 한국어판 없음)
프런티어 일반	FRONTIER_TRAINER_TRISTON	src/data/battle_frontier/battle_frontier_trainers.h	trainerName	TRISTON	트리스	6	예	채택(팬번역, 친구 원 요청 2-Q8·답 Q4)	팬번역(pokeemerald-kr) — 게임 공식 아님(에메랄드 한국어판 없음)
프런티어 일반	FRONTIER_TRAINER_CHARLES	src/data/battle_frontier/battle_frontier_trainers.h	trainerName	CHARLES	찰스	4	예	채택(팬번역, 친구 원 요청 2-Q8·답 Q4)	팬번역(pokeemerald-kr) — 게임 공식 아님(에메랄드 한국어판 없음)
프런티어 일반	FRONTIER_TRAINER_RAYMOND	src/data/battle_frontier/battle_frontier_trainers.h	trainerName	RAYMOND	레이몬	6	예	채택(팬번역, 친구 원 요청 2-Q8·답 Q4)	팬번역(pokeemerald-kr) — 게임 공식 아님(에메랄드 한국어판 없음)
프런티어 일반	FRONTIER_TRAINER_DIRK	src/data/battle_frontier/battle_frontier_trainers.h	trainerName	DIRK	더크	4	예	채택(팬번역, 친구 원 요청 2-Q8·답 Q4)	팬번역(pokeemerald-kr) — 게임 공식 아님(에메랄드 한국어판 없음)
프런티어 일반	FRONTIER_TRAINER_HAROLD	src/data/battle_frontier/battle_frontier_trainers.h	trainerName	HAROLD	해럴드	6	예	채택(팬번역, 친구 원 요청 2-Q8·답 Q4)	팬번역(pokeemerald-kr) — 게임 공식 아님(에메랄드 한국어판 없음)
프런티어 일반	FRONTIER_TRAINER_OMAR	src/data/battle_frontier/battle_frontier_trainers.h	trainerName	OMAR	오마르	6	예	채택(팬번역, 친구 원 요청 2-Q8·답 Q4)	팬번역(pokeemerald-kr) — 게임 공식 아님(에메랄드 한국어판 없음)
프런티어 일반	FRONTIER_TRAINER_PETER	src/data/battle_frontier/battle_frontier_trainers.h	trainerName	PETER	피터	4	예	채택(팬번역, 친구 원 요청 2-Q8·답 Q4)	팬번역(pokeemerald-kr) — 게임 공식 아님(에메랄드 한국어판 없음)
프런티어 일반	FRONTIER_TRAINER_DEV	src/data/battle_frontier/battle_frontier_trainers.h	trainerName	DEV	익진	4	예	채택(팬번역, 친구 원 요청 2-Q8·답 Q4)	팬번역(pokeemerald-kr) — 게임 공식 아님(에메랄드 한국어판 없음)
프런티어 일반	FRONTIER_TRAINER_COREY	src/data/battle_frontier/battle_frontier_trainers.h	trainerName	COREY	코리	4	예	채택(팬번역, 친구 원 요청 2-Q8·답 Q4)	팬번역(pokeemerald-kr) — 게임 공식 아님(에메랄드 한국어판 없음)
프런티어 일반	FRONTIER_TRAINER_ANDRE	src/data/battle_frontier/battle_frontier_trainers.h	trainerName	ANDRE	앙드레	6	예	채택(팬번역, 친구 원 요청 2-Q8·답 Q4)	팬번역(pokeemerald-kr) — 게임 공식 아님(에메랄드 한국어판 없음)
프런티어 일반	FRONTIER_TRAINER_FERRIS	src/data/battle_frontier/battle_frontier_trainers.h	trainerName	FERRIS	페리스	6	예	채택(팬번역, 친구 원 요청 2-Q8·답 Q4)	팬번역(pokeemerald-kr) — 게임 공식 아님(에메랄드 한국어판 없음)
프런티어 일반	FRONTIER_TRAINER_ALIVIA	src/data/battle_frontier/battle_frontier_trainers.h	trainerName	ALIVIA	알리비	6	예	채택(팬번역, 친구 원 요청 2-Q8·답 Q4)	팬번역(pokeemerald-kr) — 게임 공식 아님(에메랄드 한국어판 없음)
프런티어 일반	FRONTIER_TRAINER_PAIGE	src/data/battle_frontier/battle_frontier_trainers.h	trainerName	PAIGE	페이지	6	예	채택(팬번역, 친구 원 요청 2-Q8·답 Q4)	팬번역(pokeemerald-kr) — 게임 공식 아님(에메랄드 한국어판 없음)
프런티어 일반	FRONTIER_TRAINER_ANYA	src/data/battle_frontier/battle_frontier_trainers.h	trainerName	ANYA	안야	4	예	채택(팬번역, 친구 원 요청 2-Q8·답 Q4)	팬번역(pokeemerald-kr) — 게임 공식 아님(에메랄드 한국어판 없음)
프런티어 일반	FRONTIER_TRAINER_DAWN	src/data/battle_frontier/battle_frontier_trainers.h	trainerName	DAWN	던	2	예	채택(팬번역, 친구 원 요청 2-Q8·답 Q4)	팬번역(pokeemerald-kr) — 게임 공식 아님(에메랄드 한국어판 없음)
프런티어 일반	FRONTIER_TRAINER_ABBY	src/data/battle_frontier/battle_frontier_trainers.h	trainerName	ABBY	애비	4	예	채택(팬번역, 친구 원 요청 2-Q8·답 Q4)	팬번역(pokeemerald-kr) — 게임 공식 아님(에메랄드 한국어판 없음)
프런티어 일반	FRONTIER_TRAINER_GRETEL	src/data/battle_frontier/battle_frontier_trainers.h	trainerName	GRETEL	그레텔	6	예	채택(팬번역, 친구 원 요청 2-Q8·답 Q4)	팬번역(pokeemerald-kr) — 게임 공식 아님(에메랄드 한국어판 없음)
프런티어 일반	FRONTIER_TRAINER_LEADER_BROCK_HNS	src/data/battle_frontier/battle_frontier_trainers.h		BROCK	BROCK		-	제외(디버그 전용 — 친구 Q8)	게임 공식(HGSS)
프런티어 일반	FRONTIER_TRAINER_LEADER_CHUCK_HNS	src/data/battle_frontier/battle_frontier_trainers.h		CHUCK	CHUCK		-	제외(디버그 전용 — 친구 Q8)	게임 공식(HGSS)
프런티어 일반	FRONTIER_TRAINER_LEADER_LT_SURGE_HNS	src/data/battle_frontier/battle_frontier_trainers.h		LTSURGE	LTSURGE		-	제외(디버그 전용 — 친구 Q8)	게임 공식(HGSS)
프런티어 일반	FRONTIER_TRAINER_LEADER_BLAINE_HNS	src/data/battle_frontier/battle_frontier_trainers.h		BLAINE	BLAINE		-	제외(디버그 전용 — 친구 Q8)	게임 공식(HGSS)
프런티어 일반	FRONTIER_TRAINER_LEADER_WHITNEY_HNS	src/data/battle_frontier/battle_frontier_trainers.h		WHITNEY	WHITNEY		-	제외(디버그 전용 — 친구 Q8)	게임 공식(HGSS)
프런티어 일반	FRONTIER_TRAINER_LEADER_FALKNER_HNS	src/data/battle_frontier/battle_frontier_trainers.h		FALKNER	FALKNER		-	제외(디버그 전용 — 친구 Q8)	게임 공식(HGSS)
프런티어 일반	FRONTIER_TRAINER_LEADER_SABRINA_HNS	src/data/battle_frontier/battle_frontier_trainers.h		SABRINA	SABRINA		-	제외(디버그 전용 — 친구 Q8)	게임 공식(HGSS)
프런티어 일반	FRONTIER_TRAINER_LEADER_JANINE_HNS	src/data/battle_frontier/battle_frontier_trainers.h		JANINE	JANINE		-	제외(디버그 전용 — 친구 Q8)	게임 공식(HGSS)
프런티어 일반	FRONTIER_TRAINER_LEADER_MISTY_HNS	src/data/battle_frontier/battle_frontier_trainers.h		MISTY	MISTY		-	제외(디버그 전용 — 친구 Q8)	게임 공식(HGSS)
프런티어 일반	FRONTIER_TRAINER_LEADER_BUGSY_HNS	src/data/battle_frontier/battle_frontier_trainers.h		BUGSY	BUGSY		-	제외(디버그 전용 — 친구 Q8)	게임 공식(HGSS)
프런티어 일반	FRONTIER_TRAINER_LEADER_JASMINE_HNS	src/data/battle_frontier/battle_frontier_trainers.h		JASMINE	JASMINE		-	제외(디버그 전용 — 친구 Q8)	게임 공식(HGSS)
프런티어 일반	FRONTIER_TRAINER_LEADER_RED_HNS	src/data/battle_frontier/battle_frontier_trainers.h		RED	RED		-	제외(디버그 전용 — 친구 Q8)	게임 공식(HGSS)
프런티어 일반	FRONTIER_TRAINER_LEADER_LEAF_HNS	src/data/battle_frontier/battle_frontier_trainers.h		LEAF	LEAF		-	제외(디버그 전용 — 친구 Q8)	게임 공식(마스터즈 EX, 우선순위 목록 밖)
프런티어 일반	FRONTIER_TRAINER_LEADER_BLUE_HNS	src/data/battle_frontier/battle_frontier_trainers.h		BLUE	BLUE		-	제외(디버그 전용 — 친구 Q8)	게임 공식(HGSS)
프런티어 일반	FRONTIER_TRAINER_LEADER_ERIKA_HNS	src/data/battle_frontier/battle_frontier_trainers.h		ERIKA	ERIKA		-	제외(디버그 전용 — 친구 Q8)	게임 공식(HGSS)
프런티어 일반	FRONTIER_TRAINER_LEADER_PRYCE_HNS	src/data/battle_frontier/battle_frontier_trainers.h		PRYCE	PRYCE		-	제외(디버그 전용 — 친구 Q8)	게임 공식(HGSS)
프런티어 일반	FRONTIER_TRAINER_LEADER_MORTY_HNS	src/data/battle_frontier/battle_frontier_trainers.h		MORTY	MORTY		-	제외(디버그 전용 — 친구 Q8)	게임 공식(HGSS)
프런티어 일반	FRONTIER_TRAINER_LEADER_CLAIR_HNS	src/data/battle_frontier/battle_frontier_trainers.h		CLAIR	CLAIR		-	제외(디버그 전용 — 친구 Q8)	게임 공식(HGSS)
프런티어 일반	FRONTIER_TRAINER_CHAMPION_LANCE_HNS	src/data/battle_frontier/battle_frontier_trainers.h		LANCE	LANCE		-	제외(디버그 전용 — 친구 Q8)	게임 공식(HGSS)
프런티어 일반	FRONTIER_TRAINER_CHAMPION_STEVEN_HNS	src/data/battle_frontier/battle_frontier_trainers.h		STEVEN	STEVEN		-	제외(디버그 전용 — 친구 Q8)	게임 공식(ORAS)
배틀텐트	SLATEPORT_TENT_TRAINER_JOLIE	src/data/battle_frontier/battle_tent.h	trainerName	JOLIE	졸리	4	예	채택(팬번역, 친구 원 요청 2-Q8·답 Q4)	팬번역(pokeemerald-kr) — 게임 공식 아님(에메랄드 한국어판 없음)
배틀텐트	SLATEPORT_TENT_TRAINER_MALACHI	src/data/battle_frontier/battle_tent.h	trainerName	MALACHI	말라키	6	예	채택(팬번역, 친구 원 요청 2-Q8·답 Q4)	팬번역(pokeemerald-kr) — 게임 공식 아님(에메랄드 한국어판 없음)
배틀텐트	SLATEPORT_TENT_TRAINER_KELSIE	src/data/battle_frontier/battle_tent.h	trainerName	KELSIE	켈시	4	예	채택(팬번역, 친구 원 요청 2-Q8·답 Q4)	팬번역(pokeemerald-kr) — 게임 공식 아님(에메랄드 한국어판 없음)
배틀텐트	SLATEPORT_TENT_TRAINER_DAVON	src/data/battle_frontier/battle_tent.h	trainerName	DAVON	데본	4	예	채택(팬번역, 친구 원 요청 2-Q8·답 Q4)	팬번역(pokeemerald-kr) — 게임 공식 아님(에메랄드 한국어판 없음)
배틀텐트	SLATEPORT_TENT_TRAINER_GLENDA	src/data/battle_frontier/battle_tent.h	trainerName	GLENDA	글렌다	6	예	채택(팬번역, 친구 원 요청 2-Q8·답 Q4)	팬번역(pokeemerald-kr) — 게임 공식 아님(에메랄드 한국어판 없음)
배틀텐트	SLATEPORT_TENT_TRAINER_HELENA	src/data/battle_frontier/battle_tent.h	trainerName	HELENA	헬레나	6	예	채택(팬번역, 친구 원 요청 2-Q8·답 Q4)	팬번역(pokeemerald-kr) — 게임 공식 아님(에메랄드 한국어판 없음)
배틀텐트	SLATEPORT_TENT_TRAINER_RODOLFO	src/data/battle_frontier/battle_tent.h	trainerName	RODOLFO	로돌포	6	예	채택(팬번역, 친구 원 요청 2-Q8·답 Q4)	팬번역(pokeemerald-kr) — 게임 공식 아님(에메랄드 한국어판 없음)
배틀텐트	SLATEPORT_TENT_TRAINER_DAVION	src/data/battle_frontier/battle_tent.h	trainerName	DAVION	데비온	6	예	채택(팬번역, 친구 원 요청 2-Q8·답 Q4)	팬번역(pokeemerald-kr) — 게임 공식 아님(에메랄드 한국어판 없음)
배틀텐트	SLATEPORT_TENT_TRAINER_KENDALL	src/data/battle_frontier/battle_tent.h	trainerName	KENDALL	켄달	4	예	채택(팬번역, 친구 원 요청 2-Q8·답 Q4)	팬번역(pokeemerald-kr) — 게임 공식 아님(에메랄드 한국어판 없음)
배틀텐트	SLATEPORT_TENT_TRAINER_COLTEN	src/data/battle_frontier/battle_tent.h	trainerName	COLTEN	콜튼	4	예	채택(팬번역, 친구 원 요청 2-Q8·답 Q4)	팬번역(pokeemerald-kr) — 게임 공식 아님(에메랄드 한국어판 없음)
배틀텐트	SLATEPORT_TENT_TRAINER_IRVIN	src/data/battle_frontier/battle_tent.h	trainerName	IRVIN	어빈	4	예	채택(팬번역, 친구 원 요청 2-Q8·답 Q4)	팬번역(pokeemerald-kr) — 게임 공식 아님(에메랄드 한국어판 없음)
배틀텐트	SLATEPORT_TENT_TRAINER_SHAUN	src/data/battle_frontier/battle_tent.h	trainerName	SHAUN	숀	2	예	채택(팬번역, 친구 원 요청 2-Q8·답 Q4)	팬번역(pokeemerald-kr) — 게임 공식 아님(에메랄드 한국어판 없음)
배틀텐트	SLATEPORT_TENT_TRAINER_KYLER	src/data/battle_frontier/battle_tent.h	trainerName	KYLER	카일러	6	예	채택(팬번역, 친구 원 요청 2-Q8·답 Q4)	팬번역(pokeemerald-kr) — 게임 공식 아님(에메랄드 한국어판 없음)
배틀텐트	SLATEPORT_TENT_TRAINER_MAGGIE	src/data/battle_frontier/battle_tent.h	trainerName	MAGGIE	매기	4	예	채택(팬번역, 친구 원 요청 2-Q8·답 Q4)	팬번역(pokeemerald-kr) — 게임 공식 아님(에메랄드 한국어판 없음)
배틀텐트	SLATEPORT_TENT_TRAINER_STEPHON	src/data/battle_frontier/battle_tent.h	trainerName	STEPHON	스테폰	6	예	채택(팬번역, 친구 원 요청 2-Q8·답 Q4)	팬번역(pokeemerald-kr) — 게임 공식 아님(에메랄드 한국어판 없음)
배틀텐트	SLATEPORT_TENT_TRAINER_REBECCA	src/data/battle_frontier/battle_tent.h	trainerName	REBECCA	레베카	6	예	채택(팬번역, 친구 원 요청 2-Q8·답 Q4)	팬번역(pokeemerald-kr) — 게임 공식 아님(에메랄드 한국어판 없음)
배틀텐트	SLATEPORT_TENT_TRAINER_REGGIE	src/data/battle_frontier/battle_tent.h	trainerName	REGGIE	레지	4	예	채택(팬번역, 친구 원 요청 2-Q8·답 Q4)	팬번역(pokeemerald-kr) — 게임 공식 아님(에메랄드 한국어판 없음)
배틀텐트	SLATEPORT_TENT_TRAINER_JANAE	src/data/battle_frontier/battle_tent.h	trainerName	JANAE	제나	4	예	채택(팬번역, 친구 원 요청 2-Q8·답 Q4)	팬번역(pokeemerald-kr) — 게임 공식 아님(에메랄드 한국어판 없음)
배틀텐트	SLATEPORT_TENT_TRAINER_CAIDEN	src/data/battle_frontier/battle_tent.h	trainerName	CAIDEN	케이든	6	예	채택(팬번역, 친구 원 요청 2-Q8·답 Q4)	팬번역(pokeemerald-kr) — 게임 공식 아님(에메랄드 한국어판 없음)
배틀텐트	SLATEPORT_TENT_TRAINER_KIRSTEN	src/data/battle_frontier/battle_tent.h	trainerName	KIRSTEN	커스틴	6	예	채택(팬번역, 친구 원 요청 2-Q8·답 Q4)	팬번역(pokeemerald-kr) — 게임 공식 아님(에메랄드 한국어판 없음)
배틀텐트	SLATEPORT_TENT_TRAINER_KURTIS	src/data/battle_frontier/battle_tent.h	trainerName	KURTIS	커티스	6	예	채택(팬번역, 친구 원 요청 2-Q8·답 Q4)	팬번역(pokeemerald-kr) — 게임 공식 아님(에메랄드 한국어판 없음)
배틀텐트	SLATEPORT_TENT_TRAINER_STEFAN	src/data/battle_frontier/battle_tent.h	trainerName	STEFAN	스테판	6	예	채택(팬번역, 친구 원 요청 2-Q8·답 Q4)	팬번역(pokeemerald-kr) — 게임 공식 아님(에메랄드 한국어판 없음)
배틀텐트	SLATEPORT_TENT_TRAINER_AVERY	src/data/battle_frontier/battle_tent.h	trainerName	AVERY	에이버	6	예	채택(팬번역, 친구 원 요청 2-Q8·답 Q4)	팬번역(pokeemerald-kr) — 게임 공식 아님(에메랄드 한국어판 없음)
배틀텐트	SLATEPORT_TENT_TRAINER_DWANE	src/data/battle_frontier/battle_tent.h	trainerName	DWANE	드웨인	6	예	채택(팬번역, 친구 원 요청 2-Q8·답 Q4)	팬번역(pokeemerald-kr) — 게임 공식 아님(에메랄드 한국어판 없음)
배틀텐트	SLATEPORT_TENT_TRAINER_MCKENNA	src/data/battle_frontier/battle_tent.h	trainerName	MCKENNA	맥케나	6	예	채택(팬번역, 친구 원 요청 2-Q8·답 Q4)	팬번역(pokeemerald-kr) — 게임 공식 아님(에메랄드 한국어판 없음)
배틀텐트	SLATEPORT_TENT_TRAINER_CAMRYN	src/data/battle_frontier/battle_tent.h	trainerName	CAMRYN	캠린	4	예	채택(팬번역, 친구 원 요청 2-Q8·답 Q4)	팬번역(pokeemerald-kr) — 게임 공식 아님(에메랄드 한국어판 없음)
배틀텐트	SLATEPORT_TENT_TRAINER_NATASHA	src/data/battle_frontier/battle_tent.h	trainerName	NATASHA	나타샤	6	예	채택(팬번역, 친구 원 요청 2-Q8·답 Q4)	팬번역(pokeemerald-kr) — 게임 공식 아님(에메랄드 한국어판 없음)
배틀텐트	SLATEPORT_TENT_TRAINER_AUSTYN	src/data/battle_frontier/battle_tent.h	trainerName	AUSTYN	오스틴	6	예	채택(팬번역, 친구 원 요청 2-Q8·답 Q4)	팬번역(pokeemerald-kr) — 게임 공식 아님(에메랄드 한국어판 없음)
배틀텐트	SLATEPORT_TENT_TRAINER_DONOVAN	src/data/battle_frontier/battle_tent.h	trainerName	DONOVAN	도노반	6	예	채택(팬번역, 친구 원 요청 2-Q8·답 Q4)	팬번역(pokeemerald-kr) — 게임 공식 아님(에메랄드 한국어판 없음)
배틀텐트	SLATEPORT_TENT_TRAINER_TAMIA	src/data/battle_frontier/battle_tent.h	trainerName	TAMIA	타미아	6	예	채택(팬번역, 친구 원 요청 2-Q8·답 Q4)	팬번역(pokeemerald-kr) — 게임 공식 아님(에메랄드 한국어판 없음)
배틀텐트	VERDANTURF_TENT_TRAINER_BRENNA	src/data/battle_frontier/battle_tent.h	trainerName	BRENNA	브레나	6	예	채택(팬번역, 친구 원 요청 2-Q8·답 Q4)	팬번역(pokeemerald-kr) — 게임 공식 아님(에메랄드 한국어판 없음)
배틀텐트	VERDANTURF_TENT_TRAINER_DILAN	src/data/battle_frontier/battle_tent.h	trainerName	DILAN	딜런	4	예	채택(팬번역, 친구 원 요청 2-Q8·답 Q4)	팬번역(pokeemerald-kr) — 게임 공식 아님(에메랄드 한국어판 없음)
배틀텐트	VERDANTURF_TENT_TRAINER_ELIANA	src/data/battle_frontier/battle_tent.h	trainerName	ELIANA	엘리아	6	예	채택(팬번역, 친구 원 요청 2-Q8·답 Q4)	팬번역(pokeemerald-kr) — 게임 공식 아님(에메랄드 한국어판 없음)
배틀텐트	VERDANTURF_TENT_TRAINER_MARKUS	src/data/battle_frontier/battle_tent.h	trainerName	MARKUS	마커스	6	예	채택(팬번역, 친구 원 요청 2-Q8·답 Q4)	팬번역(pokeemerald-kr) — 게임 공식 아님(에메랄드 한국어판 없음)
배틀텐트	VERDANTURF_TENT_TRAINER_CAITLYN	src/data/battle_frontier/battle_tent.h	trainerName	CAITLYN	케이린	6	예	채택(팬번역, 친구 원 요청 2-Q8·답 Q4)	팬번역(pokeemerald-kr) — 게임 공식 아님(에메랄드 한국어판 없음)
배틀텐트	VERDANTURF_TENT_TRAINER_DESIREE	src/data/battle_frontier/battle_tent.h	trainerName	DESIREE	데지레	6	예	채택(팬번역, 친구 원 요청 2-Q8·답 Q4)	팬번역(pokeemerald-kr) — 게임 공식 아님(에메랄드 한국어판 없음)
배틀텐트	VERDANTURF_TENT_TRAINER_RONALD	src/data/battle_frontier/battle_tent.h	trainerName	RONALD	로널드	6	예	채택(팬번역, 친구 원 요청 2-Q8·답 Q4)	팬번역(pokeemerald-kr) — 게임 공식 아님(에메랄드 한국어판 없음)
배틀텐트	VERDANTURF_TENT_TRAINER_ASHTEN	src/data/battle_frontier/battle_tent.h	trainerName	ASHTEN	애슈턴	6	예	채택(팬번역, 친구 원 요청 2-Q8·답 Q4)	팬번역(pokeemerald-kr) — 게임 공식 아님(에메랄드 한국어판 없음)
배틀텐트	VERDANTURF_TENT_TRAINER_GERARD	src/data/battle_frontier/battle_tent.h	trainerName	GERARD	제라드	6	예	채택(팬번역, 친구 원 요청 2-Q8·답 Q4)	팬번역(pokeemerald-kr) — 게임 공식 아님(에메랄드 한국어판 없음)
배틀텐트	VERDANTURF_TENT_TRAINER_BRADLY	src/data/battle_frontier/battle_tent.h	trainerName	BRADLY	브래드	6	예	채택(팬번역, 친구 원 요청 2-Q8·답 Q4)	팬번역(pokeemerald-kr) — 게임 공식 아님(에메랄드 한국어판 없음)
배틀텐트	VERDANTURF_TENT_TRAINER_DENNIS	src/data/battle_frontier/battle_tent.h	trainerName	DENNIS	데니스	6	예	채택(팬번역, 친구 원 요청 2-Q8·답 Q4)	팬번역(pokeemerald-kr) — 게임 공식 아님(에메랄드 한국어판 없음)
배틀텐트	VERDANTURF_TENT_TRAINER_PRESTIN	src/data/battle_frontier/battle_tent.h	trainerName	PRESTIN	프레스	6	예	채택(팬번역, 친구 원 요청 2-Q8·답 Q4)	팬번역(pokeemerald-kr) — 게임 공식 아님(에메랄드 한국어판 없음)
배틀텐트	VERDANTURF_TENT_TRAINER_ERNESTO	src/data/battle_frontier/battle_tent.h	trainerName	ERNESTO	에르네	6	예	채택(팬번역, 친구 원 요청 2-Q8·답 Q4)	팬번역(pokeemerald-kr) — 게임 공식 아님(에메랄드 한국어판 없음)
배틀텐트	VERDANTURF_TENT_TRAINER_NALA	src/data/battle_frontier/battle_tent.h	trainerName	NALA	날라	4	예	채택(팬번역, 친구 원 요청 2-Q8·답 Q4)	팬번역(pokeemerald-kr) — 게임 공식 아님(에메랄드 한국어판 없음)
배틀텐트	VERDANTURF_TENT_TRAINER_DARNELL	src/data/battle_frontier/battle_tent.h	trainerName	DARNELL	다넬	4	예	채택(팬번역, 친구 원 요청 2-Q8·답 Q4)	팬번역(pokeemerald-kr) — 게임 공식 아님(에메랄드 한국어판 없음)
배틀텐트	VERDANTURF_TENT_TRAINER_ASHLYN	src/data/battle_frontier/battle_tent.h	trainerName	ASHLYN	애슐린	6	예	채택(팬번역, 친구 원 요청 2-Q8·답 Q4)	팬번역(pokeemerald-kr) — 게임 공식 아님(에메랄드 한국어판 없음)
배틀텐트	VERDANTURF_TENT_TRAINER_ADDISON	src/data/battle_frontier/battle_tent.h	trainerName	ADDISON	애디슨	6	예	채택(팬번역, 친구 원 요청 2-Q8·답 Q4)	팬번역(pokeemerald-kr) — 게임 공식 아님(에메랄드 한국어판 없음)
배틀텐트	VERDANTURF_TENT_TRAINER_JUSTINE	src/data/battle_frontier/battle_tent.h	trainerName	JUSTINE	저스틴	6	예	채택(팬번역, 친구 원 요청 2-Q8·답 Q4)	팬번역(pokeemerald-kr) — 게임 공식 아님(에메랄드 한국어판 없음)
배틀텐트	VERDANTURF_TENT_TRAINER_TYSON	src/data/battle_frontier/battle_tent.h	trainerName	TYSON	타이슨	6	예	채택(팬번역, 친구 원 요청 2-Q8·답 Q4)	팬번역(pokeemerald-kr) — 게임 공식 아님(에메랄드 한국어판 없음)
배틀텐트	VERDANTURF_TENT_TRAINER_LAILA	src/data/battle_frontier/battle_tent.h	trainerName	LAILA	라일라	6	예	채택(팬번역, 친구 원 요청 2-Q8·답 Q4)	팬번역(pokeemerald-kr) — 게임 공식 아님(에메랄드 한국어판 없음)
배틀텐트	VERDANTURF_TENT_TRAINER_WAREN	src/data/battle_frontier/battle_tent.h	trainerName	WAREN	워렌	4	예	채택(팬번역, 친구 원 요청 2-Q8·답 Q4)	팬번역(pokeemerald-kr) — 게임 공식 아님(에메랄드 한국어판 없음)
배틀텐트	VERDANTURF_TENT_TRAINER_TOBIAS	src/data/battle_frontier/battle_tent.h	trainerName	TOBIAS	토비아	6	예	채택(팬번역, 친구 원 요청 2-Q8·답 Q4)	팬번역(pokeemerald-kr) — 게임 공식 아님(에메랄드 한국어판 없음)
배틀텐트	VERDANTURF_TENT_TRAINER_JOSIAH	src/data/battle_frontier/battle_tent.h	trainerName	JOSIAH	조시아	6	예	채택(팬번역, 친구 원 요청 2-Q8·답 Q4)	팬번역(pokeemerald-kr) — 게임 공식 아님(에메랄드 한국어판 없음)
배틀텐트	VERDANTURF_TENT_TRAINER_DION	src/data/battle_frontier/battle_tent.h	trainerName	DION	디온	4	예	채택(팬번역, 친구 원 요청 2-Q8·답 Q4)	팬번역(pokeemerald-kr) — 게임 공식 아님(에메랄드 한국어판 없음)
배틀텐트	VERDANTURF_TENT_TRAINER_KENZIE	src/data/battle_frontier/battle_tent.h	trainerName	KENZIE	켄지	4	예	채택(팬번역, 친구 원 요청 2-Q8·답 Q4)	팬번역(pokeemerald-kr) — 게임 공식 아님(에메랄드 한국어판 없음)
배틀텐트	VERDANTURF_TENT_TRAINER_LILLIAN	src/data/battle_frontier/battle_tent.h	trainerName	LILLIAN	릴리언	6	예	채택(팬번역, 친구 원 요청 2-Q8·답 Q4)	팬번역(pokeemerald-kr) — 게임 공식 아님(에메랄드 한국어판 없음)
배틀텐트	VERDANTURF_TENT_TRAINER_LESLEY	src/data/battle_frontier/battle_tent.h	trainerName	LESLEY	레슬리	6	예	채택(팬번역, 친구 원 요청 2-Q8·답 Q4)	팬번역(pokeemerald-kr) — 게임 공식 아님(에메랄드 한국어판 없음)
배틀텐트	VERDANTURF_TENT_TRAINER_MARQUIS	src/data/battle_frontier/battle_tent.h	trainerName	MARQUIS	마퀴스	6	예	채택(팬번역, 친구 원 요청 2-Q8·답 Q4)	팬번역(pokeemerald-kr) — 게임 공식 아님(에메랄드 한국어판 없음)
배틀텐트	VERDANTURF_TENT_TRAINER_FREDDY	src/data/battle_frontier/battle_tent.h	trainerName	FREDDY	프레디	6	예	채택(팬번역, 친구 원 요청 2-Q8·답 Q4)	팬번역(pokeemerald-kr) — 게임 공식 아님(에메랄드 한국어판 없음)
배틀텐트	VERDANTURF_TENT_TRAINER_CECILIA	src/data/battle_frontier/battle_tent.h	trainerName	CECILIA	세실리	6	예	채택(팬번역, 친구 원 요청 2-Q8·답 Q4)	팬번역(pokeemerald-kr) — 게임 공식 아님(에메랄드 한국어판 없음)
배틀텐트	FALLARBOR_TENT_TRAINER_AMBER	src/data/battle_frontier/battle_tent.h	trainerName	AMBER	앰버	4	예	채택(팬번역, 친구 원 요청 2-Q8·답 Q4)	팬번역(pokeemerald-kr) — 게임 공식 아님(에메랄드 한국어판 없음)
배틀텐트	FALLARBOR_TENT_TRAINER_JAVIER	src/data/battle_frontier/battle_tent.h	trainerName	JAVIER	하비에	6	예	채택(팬번역, 친구 원 요청 2-Q8·답 Q4)	팬번역(pokeemerald-kr) — 게임 공식 아님(에메랄드 한국어판 없음)
배틀텐트	FALLARBOR_TENT_TRAINER_NATALIA	src/data/battle_frontier/battle_tent.h	trainerName	NATALIE	나탈리	6	예	채택(팬번역, 친구 원 요청 2-Q8·답 Q4)	팬번역(pokeemerald-kr) — 게임 공식 아님(에메랄드 한국어판 없음)
배틀텐트	FALLARBOR_TENT_TRAINER_TREVE	src/data/battle_frontier/battle_tent.h	trainerName	TREVE	트레브	6	예	채택(팬번역, 친구 원 요청 2-Q8·답 Q4)	팬번역(pokeemerald-kr) — 게임 공식 아님(에메랄드 한국어판 없음)
배틀텐트	FALLARBOR_TENT_TRAINER_ARIANNA	src/data/battle_frontier/battle_tent.h	trainerName	ARIANNA	아리아	6	예	채택(팬번역, 친구 원 요청 2-Q8·답 Q4)	팬번역(pokeemerald-kr) — 게임 공식 아님(에메랄드 한국어판 없음)
배틀텐트	FALLARBOR_TENT_TRAINER_JADYN	src/data/battle_frontier/battle_tent.h	trainerName	JADYN	제이든	6	예	채택(팬번역, 친구 원 요청 2-Q8·답 Q4)	팬번역(pokeemerald-kr) — 게임 공식 아님(에메랄드 한국어판 없음)
배틀텐트	FALLARBOR_TENT_TRAINER_GERARDO	src/data/battle_frontier/battle_tent.h	trainerName	GERARDO	제라르	6	예	채택(팬번역, 친구 원 요청 2-Q8·답 Q4)	팬번역(pokeemerald-kr) — 게임 공식 아님(에메랄드 한국어판 없음)
배틀텐트	FALLARBOR_TENT_TRAINER_JONN	src/data/battle_frontier/battle_tent.h	trainerName	JONN	존	2	예	채택(팬번역, 친구 원 요청 2-Q8·답 Q4)	팬번역(pokeemerald-kr) — 게임 공식 아님(에메랄드 한국어판 없음)
배틀텐트	FALLARBOR_TENT_TRAINER_ESTEBAN	src/data/battle_frontier/battle_tent.h	trainerName	ESTEBAN	에스테	6	예	채택(팬번역, 친구 원 요청 2-Q8·답 Q4)	팬번역(pokeemerald-kr) — 게임 공식 아님(에메랄드 한국어판 없음)
배틀텐트	FALLARBOR_TENT_TRAINER_JAMESON	src/data/battle_frontier/battle_tent.h	trainerName	JAMESON	제임슨	6	예	채택(팬번역, 친구 원 요청 2-Q8·답 Q4)	팬번역(pokeemerald-kr) — 게임 공식 아님(에메랄드 한국어판 없음)
배틀텐트	FALLARBOR_TENT_TRAINER_ALANZO	src/data/battle_frontier/battle_tent.h	trainerName	ALANZO	알론조	6	예	채택(팬번역, 친구 원 요청 2-Q8·답 Q4)	팬번역(pokeemerald-kr) — 게임 공식 아님(에메랄드 한국어판 없음)
배틀텐트	FALLARBOR_TENT_TRAINER_HOWARD	src/data/battle_frontier/battle_tent.h	trainerName	HOWARD	하워드	6	예	채택(팬번역, 친구 원 요청 2-Q8·답 Q4)	팬번역(pokeemerald-kr) — 게임 공식 아님(에메랄드 한국어판 없음)
배틀텐트	FALLARBOR_TENT_TRAINER_CONRAD	src/data/battle_frontier/battle_tent.h	trainerName	CONRAD	콘래드	6	예	채택(팬번역, 친구 원 요청 2-Q8·답 Q4)	팬번역(pokeemerald-kr) — 게임 공식 아님(에메랄드 한국어판 없음)
배틀텐트	FALLARBOR_TENT_TRAINER_MAKENNA	src/data/battle_frontier/battle_tent.h	trainerName	MAKENNA	마케나	6	예	채택(팬번역, 친구 원 요청 2-Q8·답 Q4)	팬번역(pokeemerald-kr) — 게임 공식 아님(에메랄드 한국어판 없음)
배틀텐트	FALLARBOR_TENT_TRAINER_BRAYAN	src/data/battle_frontier/battle_tent.h	trainerName	BRAYAN	브라얀	6	예	채택(팬번역, 친구 원 요청 2-Q8·답 Q4)	팬번역(pokeemerald-kr) — 게임 공식 아님(에메랄드 한국어판 없음)
배틀텐트	FALLARBOR_TENT_TRAINER_MARIANA	src/data/battle_frontier/battle_tent.h	trainerName	MARIANA	마리아	6	예	채택(팬번역, 친구 원 요청 2-Q8·답 Q4)	팬번역(pokeemerald-kr) — 게임 공식 아님(에메랄드 한국어판 없음)
배틀텐트	FALLARBOR_TENT_TRAINER_SHELDON	src/data/battle_frontier/battle_tent.h	trainerName	SHELDON	셸던	4	예	채택(팬번역, 친구 원 요청 2-Q8·답 Q4)	팬번역(pokeemerald-kr) — 게임 공식 아님(에메랄드 한국어판 없음)
배틀텐트	FALLARBOR_TENT_TRAINER_GIANNA	src/data/battle_frontier/battle_tent.h	trainerName	GIANNA	지아나	6	예	채택(팬번역, 친구 원 요청 2-Q8·답 Q4)	팬번역(pokeemerald-kr) — 게임 공식 아님(에메랄드 한국어판 없음)
배틀텐트	FALLARBOR_TENT_TRAINER_YAHIR	src/data/battle_frontier/battle_tent.h	trainerName	YAHIR	야히르	6	예	채택(팬번역, 친구 원 요청 2-Q8·답 Q4)	팬번역(pokeemerald-kr) — 게임 공식 아님(에메랄드 한국어판 없음)
배틀텐트	FALLARBOR_TENT_TRAINER_BRITNEY	src/data/battle_frontier/battle_tent.h	trainerName	BRITNEY	브리트	6	예	채택(팬번역, 친구 원 요청 2-Q8·답 Q4)	팬번역(pokeemerald-kr) — 게임 공식 아님(에메랄드 한국어판 없음)
배틀텐트	FALLARBOR_TENT_TRAINER_HECTER	src/data/battle_frontier/battle_tent.h	trainerName	HECTER	헥터	4	예	채택(팬번역, 친구 원 요청 2-Q8·답 Q4)	팬번역(pokeemerald-kr) — 게임 공식 아님(에메랄드 한국어판 없음)
배틀텐트	FALLARBOR_TENT_TRAINER_TANNOR	src/data/battle_frontier/battle_tent.h	trainerName	TANNOR	태너	4	예	채택(팬번역, 친구 원 요청 2-Q8·답 Q4)	팬번역(pokeemerald-kr) — 게임 공식 아님(에메랄드 한국어판 없음)
배틀텐트	FALLARBOR_TENT_TRAINER_BENJI	src/data/battle_frontier/battle_tent.h	trainerName	BENJI	벤지	4	예	채택(팬번역, 친구 원 요청 2-Q8·답 Q4)	팬번역(pokeemerald-kr) — 게임 공식 아님(에메랄드 한국어판 없음)
배틀텐트	FALLARBOR_TENT_TRAINER_RORY	src/data/battle_frontier/battle_tent.h	trainerName	RORY	로리	4	예	채택(팬번역, 친구 원 요청 2-Q8·답 Q4)	팬번역(pokeemerald-kr) — 게임 공식 아님(에메랄드 한국어판 없음)
배틀텐트	FALLARBOR_TENT_TRAINER_ELEANOR	src/data/battle_frontier/battle_tent.h	trainerName	ELEANOR	엘레나	6	예	채택(팬번역, 친구 원 요청 2-Q8·답 Q4)	팬번역(pokeemerald-kr) — 게임 공식 아님(에메랄드 한국어판 없음)
배틀텐트	FALLARBOR_TENT_TRAINER_EVELYN	src/data/battle_frontier/battle_tent.h	trainerName	EVELYN	에블린	6	예	채택(팬번역, 친구 원 요청 2-Q8·답 Q4)	팬번역(pokeemerald-kr) — 게임 공식 아님(에메랄드 한국어판 없음)
배틀텐트	FALLARBOR_TENT_TRAINER_ARIELLE	src/data/battle_frontier/battle_tent.h	trainerName	ARIELLE	아리엘	6	예	채택(팬번역, 친구 원 요청 2-Q8·답 Q4)	팬번역(pokeemerald-kr) — 게임 공식 아님(에메랄드 한국어판 없음)
배틀텐트	FALLARBOR_TENT_TRAINER_CONNAR	src/data/battle_frontier/battle_tent.h	trainerName	CONNAR	코너	4	예	채택(팬번역, 친구 원 요청 2-Q8·답 Q4)	팬번역(pokeemerald-kr) — 게임 공식 아님(에메랄드 한국어판 없음)
배틀텐트	FALLARBOR_TENT_TRAINER_MAURICE	src/data/battle_frontier/battle_tent.h	trainerName	MAURICE	모리스	6	예	채택(팬번역, 친구 원 요청 2-Q8·답 Q4)	팬번역(pokeemerald-kr) — 게임 공식 아님(에메랄드 한국어판 없음)
배틀텐트	FALLARBOR_TENT_TRAINER_KIANNA	src/data/battle_frontier/battle_tent.h	trainerName	KIANNA	키아나	6	예	채택(팬번역, 친구 원 요청 2-Q8·답 Q4)	팬번역(pokeemerald-kr) — 게임 공식 아님(에메랄드 한국어판 없음)
견습생	gApprentices[0]	src/data/battle_frontier/apprentice.h	name[1](LANGUAGE_ENGLISH)	ALANN	알란	4	예	채택(팬번역, 친구 원 요청 2-Q8·답 Q4)	팬번역(pokeemerald-kr) — 게임 공식 아님(에메랄드 한국어판 없음)
견습생	gApprentices[1]	src/data/battle_frontier/apprentice.h	name[1](LANGUAGE_ENGLISH)	LIONEL	리오넬	6	예	채택(팬번역, 친구 원 요청 2-Q8·답 Q4)	팬번역(pokeemerald-kr) — 게임 공식 아님(에메랄드 한국어판 없음)
견습생	gApprentices[2]	src/data/battle_frontier/apprentice.h	name[1](LANGUAGE_ENGLISH)	SONNY	소니	4	예	채택(팬번역, 친구 원 요청 2-Q8·답 Q4)	팬번역(pokeemerald-kr) — 게임 공식 아님(에메랄드 한국어판 없음)
견습생	gApprentices[3]	src/data/battle_frontier/apprentice.h	name[1](LANGUAGE_ENGLISH)	LAYLA	레일라	6	예	채택(팬번역, 친구 원 요청 2-Q8·답 Q4)	팬번역(pokeemerald-kr) — 게임 공식 아님(에메랄드 한국어판 없음)
견습생	gApprentices[4]	src/data/battle_frontier/apprentice.h	name[1](LANGUAGE_ENGLISH)	MACY	메이시	6	예	채택(팬번역, 친구 원 요청 2-Q8·답 Q4)	팬번역(pokeemerald-kr) — 게임 공식 아님(에메랄드 한국어판 없음)
견습생	gApprentices[5]	src/data/battle_frontier/apprentice.h	name[1](LANGUAGE_ENGLISH)	DONTE	돈테	4	예	채택(팬번역, 친구 원 요청 2-Q8·답 Q4)	팬번역(pokeemerald-kr) — 게임 공식 아님(에메랄드 한국어판 없음)
견습생	gApprentices[6]	src/data/battle_frontier/apprentice.h	name[1](LANGUAGE_ENGLISH)	AMIRA	아미라	6	예	채택(팬번역, 친구 원 요청 2-Q8·답 Q4)	팬번역(pokeemerald-kr) — 게임 공식 아님(에메랄드 한국어판 없음)
견습생	gApprentices[7]	src/data/battle_frontier/apprentice.h	name[1](LANGUAGE_ENGLISH)	KALI	칼리	4	예	채택(팬번역, 친구 원 요청 2-Q8·답 Q4)	팬번역(pokeemerald-kr) — 게임 공식 아님(에메랄드 한국어판 없음)
견습생	gApprentices[8]	src/data/battle_frontier/apprentice.h	name[1](LANGUAGE_ENGLISH)	ANNIE	애니	4	예	채택(팬번역, 친구 원 요청 2-Q8·답 Q4)	팬번역(pokeemerald-kr) — 게임 공식 아님(에메랄드 한국어판 없음)
견습생	gApprentices[9]	src/data/battle_frontier/apprentice.h	name[1](LANGUAGE_ENGLISH)	DILLEN	딜렌	4	예	채택(팬번역, 친구 원 요청 2-Q8·답 Q4)	팬번역(pokeemerald-kr) — 게임 공식 아님(에메랄드 한국어판 없음)
견습생	gApprentices[10]	src/data/battle_frontier/apprentice.h	name[1](LANGUAGE_ENGLISH)	DALLAS	달라스	6	예	채택(팬번역, 친구 원 요청 2-Q8·답 Q4)	팬번역(pokeemerald-kr) — 게임 공식 아님(에메랄드 한국어판 없음)
견습생	gApprentices[11]	src/data/battle_frontier/apprentice.h	name[1](LANGUAGE_ENGLISH)	FRANK	프랭크	6	예	채택(팬번역, 친구 원 요청 2-Q8·답 Q4)	팬번역(pokeemerald-kr) — 게임 공식 아님(에메랄드 한국어판 없음)
견습생	gApprentices[12]	src/data/battle_frontier/apprentice.h	name[1](LANGUAGE_ENGLISH)	LAMONT	라몬트	6	예	채택(팬번역, 친구 원 요청 2-Q8·답 Q4)	팬번역(pokeemerald-kr) — 게임 공식 아님(에메랄드 한국어판 없음)
견습생	gApprentices[13]	src/data/battle_frontier/apprentice.h	name[1](LANGUAGE_ENGLISH)	TYRESE	타이리	6	예	채택(팬번역, 친구 원 요청 2-Q8·답 Q4)	팬번역(pokeemerald-kr) — 게임 공식 아님(에메랄드 한국어판 없음)
견습생	gApprentices[14]	src/data/battle_frontier/apprentice.h	name[1](LANGUAGE_ENGLISH)	DANTE	단테	4	예	채택(팬번역, 친구 원 요청 2-Q8·답 Q4)	팬번역(pokeemerald-kr) — 게임 공식 아님(에메랄드 한국어판 없음)
견습생	gApprentices[15]	src/data/battle_frontier/apprentice.h	name[1](LANGUAGE_ENGLISH)	ARTURO	아르투	6	예	채택(팬번역, 친구 원 요청 2-Q8·답 Q4)	팬번역(pokeemerald-kr) — 게임 공식 아님(에메랄드 한국어판 없음)
프런티어 브레인	TRAINER_ANABEL_BF_BRAIN_HNS	src/data/trainers_hns.party	Name	ANABEL	리라	4	예	확정	게임 공식(USUM·SM)
프런티어 브레인	TRAINER_TUCKER_BF_BRAIN_HNS	src/data/trainers_hns.party	Name	TUCKER	하인즈	6	예	채택(팬번역, 친구 Q4)	팬번역(pokeemerald-kr) — 게임 공식 아님
프런티어 브레인	TRAINER_SPENSER_BF_BRAIN_HNS	src/data/trainers_hns.party	Name	SPENSER	우근	4	예	채택(팬번역, 친구 Q4)	팬번역(pokeemerald-kr) — 게임 공식 아님
프런티어 브레인	TRAINER_GRETA_BF_BRAIN_HNS	src/data/trainers_hns.party	Name	GRETA	나리	4	예	확정(친구 Q3)	게임 공식(목록 밖: 마스터즈 EX)
프런티어 브레인	TRAINER_NOLAND_BF_BRAIN_HNS	src/data/trainers_hns.party	Name	NOLAND	다투라	6	예	확정(친구 Q3)	게임 공식(목록 밖: 마스터즈 EX)
프런티어 브레인	TRAINER_LUCY_BF_BRAIN_HNS	src/data/trainers_hns.party	Name	LUCY	다슬	4	예	확정(친구 Q3)	게임 공식(목록 밖: 마스터즈 EX)
프런티어 브레인	TRAINER_BRANDON_BF_BRAIN_HNS	src/data/trainers_hns.party	Name	BRANDON	기선	4	예	확정(친구 Q3)	게임 공식(목록 밖: 마스터즈 EX)
트레이너힐(HnS 세트, 참고)	line 376	src/data/battle_frontier/trainer_hill.h		SABINE	SABINE		-	보류(범위 밖 — 공식·팬번역 없음)	없음
트레이너힐(HnS 세트, 참고)	line 509	src/data/battle_frontier/trainer_hill.h		RYDER	RYDER		-	보류(범위 밖 — 공식·팬번역 없음)	없음
트레이너힐(HnS 세트, 참고)	line 656	src/data/battle_frontier/trainer_hill.h		DAICHI	DAICHI		-	보류(범위 밖 — 공식·팬번역 없음)	없음
트레이너힐(HnS 세트, 참고)	line 788	src/data/battle_frontier/trainer_hill.h		MIRANDA	MIRANDA		-	보류(범위 밖 — 공식·팬번역 없음)	없음
트레이너힐(HnS 세트, 참고)	line 935	src/data/battle_frontier/trainer_hill.h		TANNER	TANNER		-	보류(범위 밖 — 공식·팬번역 없음)	없음
트레이너힐(HnS 세트, 참고)	line 1067	src/data/battle_frontier/trainer_hill.h		LENORA	LENORA		-	보류(범위 밖 — 공식·팬번역 없음)	없음
트레이너힐(HnS 세트, 참고)	line 1213	src/data/battle_frontier/trainer_hill.h		MARLIN	MARLIN		-	보류(범위 밖 — 공식·팬번역 없음)	없음
트레이너힐(HnS 세트, 참고)	line 1344	src/data/battle_frontier/trainer_hill.h		LILIAN	LILIAN		-	보류(범위 밖 — 공식·팬번역 없음)	없음
트레이너힐(HnS 세트, 참고)	line 1502	src/data/battle_frontier/trainer_hill.h		REGINALD	REGINALD		-	보류(범위 밖 — 공식·팬번역 없음)	없음
트레이너힐(HnS 세트, 참고)	line 1634	src/data/battle_frontier/trainer_hill.h		MARTINA	MARTINA		-	보류(범위 밖 — 공식·팬번역 없음)	없음
트레이너힐(HnS 세트, 참고)	line 1782	src/data/battle_frontier/trainer_hill.h		FELICIA	FELICIA		-	보류(범위 밖 — 공식·팬번역 없음)	없음
트레이너힐(HnS 세트, 참고)	line 1932	src/data/battle_frontier/trainer_hill.h		GILES	GILES		-	보류(범위 밖 — 공식·팬번역 없음)	없음
트레이너힐(HnS 세트, 참고)	line 2080	src/data/battle_frontier/trainer_hill.h		PRESTON	PRESTON		-	보류(범위 밖 — 공식·팬번역 없음)	없음
트레이너힐(HnS 세트, 참고)	line 2212	src/data/battle_frontier/trainer_hill.h		CLARISSA	CLARISSA		-	보류(범위 밖 — 공식·팬번역 없음)	없음
트레이너힐(HnS 세트, 참고)	line 2359	src/data/battle_frontier/trainer_hill.h		HENRY	HENRY		-	보류(범위 밖 — 공식·팬번역 없음)	없음
트레이너힐(HnS 세트, 참고)	line 2488	src/data/battle_frontier/trainer_hill.h		ENRIC	ENRIC		-	보류(범위 밖 — 공식·팬번역 없음)	없음
트레이너힐(HnS 세트, 참고)	line 2643	src/data/battle_frontier/trainer_hill.h		CORNELIA	CORNELIA		-	보류(범위 밖 — 공식·팬번역 없음)	없음
트레이너힐(HnS 세트, 참고)	line 2775	src/data/battle_frontier/trainer_hill.h		IGNIS	IGNIS		-	보류(범위 밖 — 공식·팬번역 없음)	없음
트레이너힐(HnS 세트, 참고)	line 2922	src/data/battle_frontier/trainer_hill.h		ABRAHAM	ABRAHAM		-	보류(범위 밖 — 공식·팬번역 없음)	없음
트레이너힐(HnS 세트, 참고)	line 3054	src/data/battle_frontier/trainer_hill.h		LUCAS	LUCAS		-	보류(범위 밖 — 공식·팬번역 없음)	없음
트레이너힐(HnS 세트, 참고)	line 3202	src/data/battle_frontier/trainer_hill.h		BREYDEN	BREYDEN		-	보류(범위 밖 — 공식·팬번역 없음)	없음
트레이너힐(HnS 세트, 참고)	line 3333	src/data/battle_frontier/trainer_hill.h		ANITA	ANITA		-	보류(범위 밖 — 공식·팬번역 없음)	없음
트레이너힐(HnS 세트, 참고)	line 3480	src/data/battle_frontier/trainer_hill.h		JOHN DOE	JOHN DOE		-	보류(범위 밖 — 공식·팬번역 없음)	없음
트레이너힐(HnS 세트, 참고)	line 3609	src/data/battle_frontier/trainer_hill.h		LUCIANA	LUCIANA		-	보류(범위 밖 — 공식·팬번역 없음)	없음
트레이너힐(HnS 세트, 참고)	line 3762	src/data/battle_frontier/trainer_hill.h		DEAN	DEAN		-	보류(범위 밖 — 공식·팬번역 없음)	없음
트레이너힐(HnS 세트, 참고)	line 3894	src/data/battle_frontier/trainer_hill.h		SABER	SABER		-	보류(범위 밖 — 공식·팬번역 없음)	없음
트레이너힐(HnS 세트, 참고)	line 4041	src/data/battle_frontier/trainer_hill.h		GUTS	GUTS		-	보류(범위 밖 — 공식·팬번역 없음)	없음
트레이너힐(HnS 세트, 참고)	line 4173	src/data/battle_frontier/trainer_hill.h		ALICE	ALICE		-	보류(범위 밖 — 공식·팬번역 없음)	없음
트레이너힐(HnS 세트, 참고)	line 4320	src/data/battle_frontier/trainer_hill.h		TERRY	TERRY		-	보류(범위 밖 — 공식·팬번역 없음)	없음
트레이너힐(HnS 세트, 참고)	line 4452	src/data/battle_frontier/trainer_hill.h		CARLA	CARLA		-	보류(범위 밖 — 공식·팬번역 없음)	없음
트레이너힐(HnS 세트, 참고)	line 4599	src/data/battle_frontier/trainer_hill.h		NORI	NORI		-	보류(범위 밖 — 공식·팬번역 없음)	없음
트레이너힐(HnS 세트, 참고)	line 4732	src/data/battle_frontier/trainer_hill.h		GAVITE	GAVITE		-	보류(범위 밖 — 공식·팬번역 없음)	없음
