구분	키	현재(영문)	등장·위치	상태	보류 사유	후보(미적용)	해제 조건/필요한 결정	근거·참고
클래스명	TRAINER_CLASS_DEVELOPER_HNS	DEVELOPER	사용 0/1(배치/미배치)	보류(영문 유지)	"공식 게임·pokeemerald-kr·스페셜 어디에도 같은 클래스 없음(5~9세대 GAME FREAK=게임프리크는 다른 클래스). 사용자는 미배치 PHANTONOMY 1명뿐 → 친구 8절(미배치 변경 보류)에 따라 이번에 바꾸지 않음. 번역한다면 일반명사 후보 ""개발자""(근거 없음)"	개발자(일반명사, 근거 없음)	PHANTONOMY가 배치되면 친구 결정	src/data/trainers_hns.party: TRAINER_PHANTONOMY_UNUSED_HNS만 Class: Developer Hns ; HnS 개발자 캐릭터(PHANTONOMY, 미배치). 공식 작품에 같은 클래스 없음. 참고: 5·7세대 GAME FREAK 클래스=게임프리크(별개)
트레이너 이름	TRAINER_SAWYER_1_HNS (ID 1, Hiker Hns)	SAWYER	미배치(참조 없음)	제외(미배치 — 데이터 유지, 친구 Q8·8절)	판정 미배치 / 원작 맵 참조 없음(미배치)		맵·스크립트에서 쓰이게 되면 그때 후보 검토. 데이터는 지우지 않음(친구 Q8)	
트레이너 이름	TRAINER_ERICK_HNS (ID 65, Cooltrainer Hns)	ERICK	미배치(참조 없음)	제외(미배치 — 데이터 유지, 친구 Q8·8절)	판정 미배치 / 원작 GSC에 같은 이름 있음(위치 다름: C,GS) — 동일 인물 아님/미확인 / 맵 참조 없음(미배치)	승리 (금·은 한국어판(같은 이름·클래스·파티 데이터, 위치 없음))	맵·스크립트에서 쓰이게 되면 그때 후보 검토. 데이터는 지우지 않음(친구 Q8)	
트레이너 이름	TRAINER_ANDY_HNS (ID 66, Cooltrainer Hns)	ANDY	미배치(참조 없음)	제외(미배치 — 데이터 유지, 친구 Q8·8절)	판정 미배치 / 원작 GSC에 같은 이름 있음(위치 다름: C,GS) — 동일 인물 아님/미확인 / 맵 참조 없음(미배치)	웅비 (금·은 한국어판(같은 이름·클래스·파티 데이터, 위치 없음))	맵·스크립트에서 쓰이게 되면 그때 후보 검토. 데이터는 지우지 않음(친구 Q8)	
트레이너 이름	TRAINER_TYLER_HNS (ID 67, Cooltrainer Hns)	TYLER	미배치(참조 없음)	제외(미배치 — 데이터 유지, 친구 Q8·8절)	판정 미배치 / 원작 GSC에 같은 이름 있음(위치 다름: C,GS) — 동일 인물 아님/미확인 / 맵 참조 없음(미배치)	효지 (금·은 한국어판(같은 이름·클래스·파티 데이터, 위치 없음))	맵·스크립트에서 쓰이게 되면 그때 후보 검토. 데이터는 지우지 않음(친구 Q8)	
트레이너 이름	TRAINER_STEVE_HNS (ID 70, Cooltrainer Hns)	STEVE	미배치(참조 없음)	제외(미배치 — 데이터 유지, 친구 Q8·8절)	판정 미배치 / 원작 GSC에 같은 이름 있음(위치 다름: C,GS) — 동일 인물 아님/미확인 / 맵 참조 없음(미배치)	지웅 (금·은 한국어판(같은 이름·클래스·파티 데이터, 위치 없음))	맵·스크립트에서 쓰이게 되면 그때 후보 검토. 데이터는 지우지 않음(친구 Q8)	
트레이너 이름	TRAINER_JULIE_HNS (ID 92, Beauty Hns)	JULIE	미배치(참조 없음)	제외(미배치 — 데이터 유지, 친구 Q8·8절)	판정 미배치 / 원작 GSC에 같은 이름 있음(위치 다름: C,GS) — 동일 인물 아님/미확인 / 맵 참조 없음(미배치)	샛별 (금·은 한국어판(같은 이름·클래스·파티 데이터, 위치 없음))	맵·스크립트에서 쓰이게 되면 그때 후보 검토. 데이터는 지우지 않음(친구 Q8)	
트레이너 이름	TRAINER_JACLYN_HNS (ID 93, Beauty Hns)	JACLYN	미배치(참조 없음)	제외(미배치 — 데이터 유지, 친구 Q8·8절)	판정 미배치 / 원작 GSC에 같은 이름 있음(위치 다름: C,GS) — 동일 인물 아님/미확인 / 맵 참조 없음(미배치)	주희 (금·은 한국어판(같은 이름·클래스·파티 데이터, 위치 없음))	맵·스크립트에서 쓰이게 되면 그때 후보 검토. 데이터는 지우지 않음(친구 Q8)	
트레이너 이름	TRAINER_BRENDA_HNS (ID 94, Beauty Hns)	BRENDA	미배치(참조 없음)	제외(미배치 — 데이터 유지, 친구 Q8·8절)	판정 미배치 / 원작 GSC에 같은 이름 있음(위치 다름: C,GS) — 동일 인물 아님/미확인 / 맵 참조 없음(미배치)	미호 (금·은 한국어판(같은 이름·클래스·파티 데이터, 위치 없음))	맵·스크립트에서 쓰이게 되면 그때 후보 검토. 데이터는 지우지 않음(친구 Q8)	
트레이너 이름	TRAINER_CAROLINE_HNS (ID 96, Beauty Hns)	CAROLINE	미배치(참조 없음)	제외(미배치 — 데이터 유지, 친구 Q8·8절)	판정 미배치 / 원작 Beauty Caroline	연희 (HGSS(P1 참고 대응만))	맵·스크립트에서 쓰이게 되면 그때 후보 검토. 데이터는 지우지 않음(친구 Q8)	
트레이너 이름	TRAINER_CARLENE_HNS (ID 97, Beauty Hns)	CARLENE	미배치(참조 없음)	제외(미배치 — 데이터 유지, 친구 Q8·8절)	판정 미배치 / 원작 GSC에 같은 이름 있음(위치 다름: C,GS) — 동일 인물 아님/미확인 / 맵 참조 없음(미배치)	미진 (금·은 한국어판(같은 이름·클래스·파티 데이터, 위치 없음))	맵·스크립트에서 쓰이게 되면 그때 후보 검토. 데이터는 지우지 않음(친구 Q8)	
트레이너 이름	TRAINER_JESSICA_HNS (ID 98, Beauty Hns)	JESSICA	미배치(참조 없음)	제외(미배치 — 데이터 유지, 친구 Q8·8절)	판정 미배치 / 원작 GSC에 같은 이름 있음(위치 다름: C,GS) — 동일 인물 아님/미확인 / 맵 참조 없음(미배치)	미유 (금·은 한국어판(같은 이름·클래스·파티 데이터, 위치 없음))	맵·스크립트에서 쓰이게 되면 그때 후보 검토. 데이터는 지우지 않음(친구 Q8)	
트레이너 이름	TRAINER_RACHAEL_HNS (ID 99, Beauty Hns)	RACHAEL	미배치(참조 없음)	제외(미배치 — 데이터 유지, 친구 Q8·8절)	판정 미배치 / 원작 GSC에 같은 이름 있음(위치 다름: C,GS) — 동일 인물 아님/미확인 / 맵 참조 없음(미배치)	혜자 (금·은 한국어판(같은 이름·클래스·파티 데이터, 위치 없음))	맵·스크립트에서 쓰이게 되면 그때 후보 검토. 데이터는 지우지 않음(친구 Q8)	
트레이너 이름	TRAINER_ANGELICA_HNS (ID 100, Beauty Hns)	ANGELICA	미배치(참조 없음)	제외(미배치 — 데이터 유지, 친구 Q8·8절)	판정 미배치 / 원작 GSC에 같은 이름 있음(위치 다름: C,GS) — 동일 인물 아님/미확인 / 맵 참조 없음(미배치)	소영 (금·은 한국어판(같은 이름·클래스·파티 데이터, 위치 없음))	맵·스크립트에서 쓰이게 되면 그때 후보 검토. 데이터는 지우지 않음(친구 Q8)	
트레이너 이름	TRAINER_KENDRA_HNS (ID 101, Beauty Hns)	KENDRA	미배치(참조 없음)	제외(미배치 — 데이터 유지, 친구 Q8·8절)	판정 미배치 / 원작 GSC에 같은 이름 있음(위치 다름: C,GS) — 동일 인물 아님/미확인 / 맵 참조 없음(미배치)	미미 (금·은 한국어판(같은 이름·클래스·파티 데이터, 위치 없음))	맵·스크립트에서 쓰이게 되면 그때 후보 검토. 데이터는 지우지 않음(친구 Q8)	
트레이너 이름	TRAINER_VERONICA_HNS (ID 102, Beauty Hns)	VERONICA	미배치(참조 없음)	제외(미배치 — 데이터 유지, 친구 Q8·8절)	판정 미배치 / 원작 GSC에 같은 이름 있음(위치 다름: C,GS) — 동일 인물 아님/미확인 / 맵 참조 없음(미배치)	미혜 (금·은 한국어판(같은 이름·클래스·파티 데이터, 위치 없음))	맵·스크립트에서 쓰이게 되면 그때 후보 검토. 데이터는 지우지 않음(친구 Q8)	
트레이너 이름	TRAINER_THERESA_HNS (ID 104, Beauty Hns)	THERESA	미배치(참조 없음)	제외(미배치 — 데이터 유지, 친구 Q8·8절)	판정 미배치 / 원작 GSC에 같은 이름 있음(위치 다름: C,GS) — 동일 인물 아님/미확인 / 맵 참조 없음(미배치)	난정 (금·은 한국어판(같은 이름·클래스·파티 데이터, 위치 없음))	맵·스크립트에서 쓰이게 되면 그때 후보 검토. 데이터는 지우지 않음(친구 Q8)	
트레이너 이름	TRAINER_OLIVIA_HNS (ID 106, Beauty Hns)	OLIVIA	배치(맵 오브젝트)	보류(크리스탈 전용 — 한국어판 없음, 공식 이름 없음)	판정 원작 없음 / 원작 크리스탈 전용 / GSC 같은 맵 같은 이름: 크리스탈 BEAUTY OLIVIA @ Route38		크리스탈 한국어판이 없어 공식 이름이 생길 수 없음. 영문 유지. 클래스·그림은 Q1 표대로 크리스탈 원작 복원	
트레이너 이름	TRAINER_GRUNT_HNS (ID 119, Team Rocket Hns)	GRUNT	미배치(참조 없음)	제외(미배치 — 데이터 유지, 친구 Q8·8절)	판정 미배치 / 원작 GSC에 같은 이름 있음(위치 다름: C,GS) — 동일 인물 아님/미확인 / 맵 참조 없음(미배치)	조무래기 (HGSS 일반 명칭)	맵·스크립트에서 쓰이게 되면 그때 후보 검토. 데이터는 지우지 않음(친구 Q8)	
트레이너 이름	TRAINER_GRUNT_24_HNS (ID 142, Team Rocket Hns)	GRUNT	미배치(참조 없음)	제외(미배치 — 데이터 유지, 친구 Q8·8절)	판정 미배치 / 원작 GSC에 같은 이름 있음(위치 다름: C,GS) — 동일 인물 아님/미확인 / 맵 참조 없음(미배치)	조무래기 (HGSS 일반 명칭)	맵·스크립트에서 쓰이게 되면 그때 후보 검토. 데이터는 지우지 않음(친구 Q8)	
트레이너 이름	TRAINER_GRUNT_25_HNS (ID 143, Team Rocket Hns)	GRUNT	미배치(참조 없음)	제외(미배치 — 데이터 유지, 친구 Q8·8절)	판정 미배치 / 원작 GSC에 같은 이름 있음(위치 다름: C,GS) — 동일 인물 아님/미확인 / 맵 참조 없음(미배치)	조무래기 (HGSS 일반 명칭)	맵·스크립트에서 쓰이게 되면 그때 후보 검토. 데이터는 지우지 않음(친구 Q8)	
트레이너 이름	TRAINER_GRUNT_30_HNS (ID 148, Team Rocket Hns)	GRUNT	미배치(참조 없음)	제외(미배치 — 데이터 유지, 친구 Q8·8절)	판정 미배치 / 원작 GSC에 같은 이름 있음(위치 다름: C,GS) — 동일 인물 아님/미확인 / 맵 참조 없음(미배치)	조무래기 (HGSS 일반 명칭)	맵·스크립트에서 쓰이게 되면 그때 후보 검토. 데이터는 지우지 않음(친구 Q8)	
트레이너 이름	TRAINER_GRUNT_32_HNS (ID 150, Team Rocket Hns)	GRUNT	미배치(참조 없음)	제외(미배치 — 데이터 유지, 친구 Q8·8절)	판정 미배치 / 원작 GSC에 같은 이름 있음(위치 다름: C,GS) — 동일 인물 아님/미확인 / 맵 참조 없음(미배치)	조무래기 (HGSS 일반 명칭)	맵·스크립트에서 쓰이게 되면 그때 후보 검토. 데이터는 지우지 않음(친구 Q8)	
트레이너 이름	TRAINER_ETO_HNS (ID 152, Team Rocket Hns)	ETO	배치(맵 오브젝트)	보류(공식 이름 없음 — 영문 유지, 친구 Q7)	판정 원작 없음 / 원작 HnS 신규 이름(HGSS·GSC 같은 맵에 같은 이름 없음) / 참고: 같은 HGSS 맵의 미대응 인물 T		다른 공식 작품에 같은 인물이 확인되면 그 이름. 그 전에는 영문 유지(친구 Q7: 임의 음역·작명 금지)	HnS 고유 이름. 대사 라벨은 GSC 조무래기 자리(SlowpokeWell GruntM2·RocketHideout B3F GruntM28 등)지만 HnS가 고유 이름을 붙였으므로 조무래기로 바꾸지 않고 영문 유지(친구 Q13: 불확실한 고유 이름 임의 부여 금지)
트레이너 이름	TRAINER_ETO_2_HNS (ID 153, Team Rocket Hns)	ETO	배치(맵 오브젝트)	보류(공식 이름 없음 — 영문 유지, 친구 Q7)	판정 원작 없음 / 원작 HnS 신규 이름(HGSS·GSC 같은 맵에 같은 이름 없음) / 참고: 같은 HGSS 맵의 미대응 인물 T		다른 공식 작품에 같은 인물이 확인되면 그 이름. 그 전에는 영문 유지(친구 Q7: 임의 음역·작명 금지)	HnS 고유 이름. 대사 라벨은 GSC 조무래기 자리(SlowpokeWell GruntM2·RocketHideout B3F GruntM28 등)지만 HnS가 고유 이름을 붙였으므로 조무래기로 바꾸지 않고 영문 유지(친구 Q13: 불확실한 고유 이름 임의 부여 금지)
트레이너 이름	TRAINER_ETO_3_HNS (ID 154, Team Rocket Hns)	ETO	배치(맵 오브젝트)	보류(공식 이름 없음 — 영문 유지, 친구 Q7)	판정 원작 없음 / 원작 HnS 신규 이름(HGSS·GSC 같은 맵에 같은 이름 없음) / 참고: 같은 HGSS 맵의 미대응 인물 T		다른 공식 작품에 같은 인물이 확인되면 그 이름. 그 전에는 영문 유지(친구 Q7: 임의 음역·작명 금지)	HnS 고유 이름. 대사 라벨은 GSC 조무래기 자리(SlowpokeWell GruntM2·RocketHideout B3F GruntM28 등)지만 HnS가 고유 이름을 붙였으므로 조무래기로 바꾸지 않고 영문 유지(친구 Q13: 불확실한 고유 이름 임의 부여 금지)
트레이너 이름	TRAINER_VIRGIL_HNS (ID 158, Gentleman Hns)	VIRGIL	미배치(참조 없음)	제외(미배치 — 데이터 유지, 친구 Q8·8절)	판정 미배치 / 원작 GSC에 같은 이름 있음(위치 다름: C,GS) — 동일 인물 아님/미확인 / 맵 참조 없음(미배치)	길버트 (금·은 한국어판(같은 이름·클래스·파티 데이터, 위치 없음))	맵·스크립트에서 쓰이게 되면 그때 후보 검토. 데이터는 지우지 않음(친구 Q8)	
트레이너 이름	TRAINER_ROB_HNS (ID 166, Bug Catcher Hns)	ROB	배치(맵 오브젝트)	보류(동일 인물 근거 부족 — 추정, 친구 Q13)	판정 추정 / 원작 Bug Catcher Rob	명수 (HGSS(P1 추정 대응))	Q1/친구가 동일 인물로 확정하면 후보(HGSS 공식 이름)를 그대로 적용 가능 — 후보는 공식 원문 확인됨, 판정만 남음	[권고 A: 적용 권장, 친구 확인] 금·은(2002) ROB(gs.parties.BugCatcherGroup.2, GoldSilver/ko_msg.txt:475)과 HGSS 대응 Bug Catcher Rob(HeartGoldSoulSilver/ko_msg.txt:33299)가 일본어 이름(カズヒコ)·한국어 이름(명수)이 모두 같다 → 원작에서 같은 인물이고 공식 이름도 하나. 남은 차이: 위치(HnS ≠ HGSS 위치)
트레이너 이름	TRAINER_ED_HNS (ID 167, Bug Catcher Hns)	ED	배치(맵 오브젝트)	보류(동일 인물 근거 부족 — 추정, 친구 Q13)	판정 추정 / 원작 Bug Catcher Ed	태민 (HGSS(P1 추정 대응))	Q1/친구가 동일 인물로 확정하면 후보(HGSS 공식 이름)를 그대로 적용 가능 — 후보는 공식 원문 확인됨, 판정만 남음	[권고 A: 적용 권장, 친구 확인] 금·은(2002) ED(gs.parties.BugCatcherGroup.3, GoldSilver/ko_msg.txt:476)과 HGSS 대응 Bug Catcher Ed(HeartGoldSoulSilver/ko_msg.txt:33499)가 일본어 이름(ヨウジ)·한국어 이름(태민)이 모두 같다 → 원작에서 같은 인물이고 공식 이름도 하나. 남은 차이: 위치(HnS ≠ HGSS 위치)
트레이너 이름	TRAINER_DOUG_HNS (ID 174, Bug Catcher Hns)	DOUG	배치(맵 오브젝트)	보류(동일 인물 근거 부족 — 추정, 친구 Q13)	판정 추정 / 원작 Bug Catcher Doug	정아 (HGSS(P1 추정 대응))	Q1/친구가 동일 인물로 확정하면 후보(HGSS 공식 이름)를 그대로 적용 가능 — 후보는 공식 원문 확인됨, 판정만 남음	[권고 A: 적용 권장, 친구 확인] 금·은(2002) DOUG(gs.parties.BugCatcherGroup.12, GoldSilver/ko_msg.txt:485)과 HGSS 대응 Bug Catcher Doug(HeartGoldSoulSilver/ko_msg.txt:33391)가 일본어 이름(ミチヒコ)·한국어 이름(정아)이 모두 같다 → 원작에서 같은 인물이고 공식 이름도 하나. 남은 차이: 위치(HnS ≠ HGSS 위치)
트레이너 이름	TRAINER_WAYNE_HNS (ID 175, Bug Catcher Hns)	WAYNE	배치(맵 오브젝트)	보류(동일 인물 근거 부족 — 추정, 친구 Q13)	판정 추정 / 원작 Bug Catcher Wayne	헌일 (HGSS(P1 추정 대응))	Q1/친구가 동일 인물로 확정하면 후보(HGSS 공식 이름)를 그대로 적용 가능 — 후보는 공식 원문 확인됨, 판정만 남음	[권고 B: 친구 판단] 금·은에 없음(크리스탈 전용 배치). HnS 위치 = 크리스탈 같은 이름·같은 클래스 인물 위치이고, HGSS에는 배치 없는 데이터 항목 Bug Catcher Wayne(헌일, 일본어 ケンイチ)만 있음(그 파티 = 크리스탈 파티). P1 근거: HGSS 쪽 배치 없음(데이터만 있음), HnS 위치가 GSC 같은 이름 트레이너 위치와 같음, 영문 이름 일치, 클래스 계열 일치, 파티 종 유사도 HGSS 0.33/GSC 0.
트레이너 이름	TRAINER_SCOTT_HNS (ID 191, Fisherman Hns)	SCOTT	배치(맵 오브젝트)	보류(동일 인물 근거 부족 — 추정, 친구 Q13)	판정 추정 / 원작 Fisherman Scott	고성 (HGSS(P1 추정 대응))	Q1/친구가 동일 인물로 확정하면 후보(HGSS 공식 이름)를 그대로 적용 가능 — 후보는 공식 원문 확인됨, 판정만 남음	[권고 A: 적용 권장, 친구 확인] 금·은(2002) SCOTT(gs.parties.FisherGroup.21, GoldSilver/ko_msg.txt:508)과 HGSS 대응 Fisherman Scott(HeartGoldSoulSilver/ko_msg.txt:33664)가 일본어 이름(タカヨシ)·한국어 이름(고성)이 모두 같다 → 원작에서 같은 인물이고 공식 이름도 하나. 남은 차이: 위치(HnS ≠ HGSS 위치)
트레이너 이름	TRAINER_HAL_HNS (ID 200, Swimmer M Hns)	HAL	미배치(참조 없음)	제외(미배치 — 데이터 유지, 친구 Q8·8절)	판정 미배치 / 원작 GSC에 같은 이름 있음(위치 다름: C,GS) — 동일 인물 아님/미확인 / 맵 참조 없음(미배치)	태후 (금·은 한국어판(같은 이름·클래스·파티 데이터, 위치 없음))	맵·스크립트에서 쓰이게 되면 그때 후보 검토. 데이터는 지우지 않음(친구 Q8)	
트레이너 이름	TRAINER_PATON_HNS (ID 201, Swimmer M Hns)	PATON	미배치(참조 없음)	제외(미배치 — 데이터 유지, 친구 Q8·8절)	판정 미배치 / 원작 GSC에 같은 이름 있음(위치 다름: C,GS) — 동일 인물 아님/미확인 / 맵 참조 없음(미배치)	승준 (금·은 한국어판(같은 이름·클래스·파티 데이터, 위치 없음))	맵·스크립트에서 쓰이게 되면 그때 후보 검토. 데이터는 지우지 않음(친구 Q8)	
트레이너 이름	TRAINER_DARYL_HNS (ID 202, Swimmer M Hns)	DARYL	미배치(참조 없음)	제외(미배치 — 데이터 유지, 친구 Q8·8절)	판정 미배치 / 원작 GSC에 같은 이름 있음(위치 다름: C,GS) — 동일 인물 아님/미확인 / 맵 참조 없음(미배치)	금동 (금·은 한국어판(같은 이름·클래스·파티 데이터, 위치 없음))	맵·스크립트에서 쓰이게 되면 그때 후보 검토. 데이터는 지우지 않음(친구 Q8)	
트레이너 이름	TRAINER_WALTER_HNS (ID 203, Swimmer M Hns)	WALTER	미배치(참조 없음)	제외(미배치 — 데이터 유지, 친구 Q8·8절)	판정 미배치 / 원작 GSC에 같은 이름 있음(위치 다름: C,GS) — 동일 인물 아님/미확인 / 맵 참조 없음(미배치)	인태 (금·은 한국어판(같은 이름·클래스·파티 데이터, 위치 없음))	맵·스크립트에서 쓰이게 되면 그때 후보 검토. 데이터는 지우지 않음(친구 Q8)	
트레이너 이름	TRAINER_TONY_HNS (ID 204, Swimmer M Hns)	TONY	미배치(참조 없음)	제외(미배치 — 데이터 유지, 친구 Q8·8절)	판정 미배치 / 원작 GSC에 같은 이름 있음(위치 다름: C,GS) — 동일 인물 아님/미확인 / 맵 참조 없음(미배치)	케이시 (금·은 한국어판(같은 이름·클래스·파티 데이터, 위치 없음))	맵·스크립트에서 쓰이게 되면 그때 후보 검토. 데이터는 지우지 않음(친구 Q8)	
트레이너 이름	TRAINER_RICK_HNS (ID 207, Swimmer M Hns)	RICK	미배치(참조 없음)	제외(미배치 — 데이터 유지, 친구 Q8·8절)	판정 미배치 / 원작 GSC에 같은 이름 있음(위치 다름: C,GS) — 동일 인물 아님/미확인 / 맵 참조 없음(미배치)	준식 (금·은 한국어판(같은 이름·클래스·파티 데이터, 위치 없음))	맵·스크립트에서 쓰이게 되면 그때 후보 검토. 데이터는 지우지 않음(친구 Q8)	
트레이너 이름	TRAINER_CAMERON_HNS (ID 208, Swimmer M Hns)	CAMERON	배치(맵 오브젝트)	보류(동일 인물 근거 부족 — 추정, 친구 Q13)	판정 추정 / 원작 Swimmer♂ Frankie	승진 (HGSS(P1 추정 대응))	Q1/친구가 동일 인물로 확정하면 후보(HGSS 공식 이름)를 그대로 적용 가능 — 후보는 공식 원문 확인됨, 판정만 남음	[권고 A: 적용 권장, 친구 확인] 금·은(2002) CAMERON(gs.parties.SwimmerMGroup.17, GoldSilver/ko_msg.txt:526)과 HGSS 대응 Swimmer♂ Frankie(HeartGoldSoulSilver/ko_msg.txt:33624)가 일본어 이름(カツヤ)·한국어 이름(승진)이 모두 같다 → 원작에서 같은 인물이고 공식 이름도 하나. 남은 차이: 파티(금·은↔HGSS 파티가 다름, HnS 파티는 HGSS 쪽)
트레이너 이름	TRAINER_JAMES_HNS (ID 210, Swimmer M Hns)	JAMES	미배치(참조 없음)	제외(미배치 — 데이터 유지, 친구 Q8·8절)	판정 미배치 / 원작 GSC에 같은 이름 있음(위치 다름: C,GS) — 동일 인물 아님/미확인 / 맵 참조 없음(미배치)	찬영 (금·은 한국어판(같은 이름·클래스·파티 데이터, 위치 없음))	맵·스크립트에서 쓰이게 되면 그때 후보 검토. 데이터는 지우지 않음(친구 Q8)	
트레이너 이름	TRAINER_LEWIS_HNS (ID 211, Swimmer M Hns)	LEWIS	미배치(참조 없음)	제외(미배치 — 데이터 유지, 친구 Q8·8절)	판정 미배치 / 원작 GSC에 같은 이름 있음(위치 다름: C,GS) — 동일 인물 아님/미확인 / 맵 참조 없음(미배치)	지일 (금·은 한국어판(같은 이름·클래스·파티 데이터, 위치 없음))	맵·스크립트에서 쓰이게 되면 그때 후보 검토. 데이터는 지우지 않음(친구 Q8)	
트레이너 이름	TRAINER_LISA_HNS (ID 220, Swimmer F Hns)	LISA	미배치(참조 없음)	제외(미배치 — 데이터 유지, 친구 Q8·8절)	판정 미배치 / 원작 GSC에 같은 이름 있음(위치 다름: C,GS) — 동일 인물 아님/미확인 / 맵 참조 없음(미배치)	지은 (금·은 한국어판(같은 이름·클래스·파티 데이터, 위치 없음))	맵·스크립트에서 쓰이게 되면 그때 후보 검토. 데이터는 지우지 않음(친구 Q8)	
트레이너 이름	TRAINER_JILL_HNS (ID 221, Swimmer F Hns)	JILL	미배치(참조 없음)	제외(미배치 — 데이터 유지, 친구 Q8·8절)	판정 미배치 / 원작 GSC에 같은 이름 있음(위치 다름: C,GS) — 동일 인물 아님/미확인 / 맵 참조 없음(미배치)	이유미 (금·은 한국어판(같은 이름·클래스·파티 데이터, 위치 없음))	맵·스크립트에서 쓰이게 되면 그때 후보 검토. 데이터는 지우지 않음(친구 Q8)	
트레이너 이름	TRAINER_MARY_HNS (ID 222, Swimmer F Hns)	MARY	미배치(참조 없음)	제외(미배치 — 데이터 유지, 친구 Q8·8절)	판정 미배치 / 원작 GSC에 같은 이름 있음(위치 다름: C,GS) — 동일 인물 아님/미확인 / 맵 참조 없음(미배치)	애리 (금·은 한국어판(같은 이름·클래스·파티 데이터, 위치 없음))	맵·스크립트에서 쓰이게 되면 그때 후보 검토. 데이터는 지우지 않음(친구 Q8)	
트레이너 이름	TRAINER_KATIE_HNS (ID 223, Swimmer F Hns)	KATIE	미배치(참조 없음)	제외(미배치 — 데이터 유지, 친구 Q8·8절)	판정 미배치 / 원작 Swimmer♀ Katie	꽃순 (HGSS(P1 참고 대응만))	맵·스크립트에서 쓰이게 되면 그때 후보 검토. 데이터는 지우지 않음(친구 Q8)	
트레이너 이름	TRAINER_DAWN_HNS (ID 224, Swimmer F Hns)	DAWN	배치(맵 오브젝트)	보류(동일 인물 근거 부족 — 추정, 친구 Q13)	판정 추정 / 원작 Swimmer♀ Debbie	인화 (HGSS(P1 추정 대응))	Q1/친구가 동일 인물로 확정하면 후보(HGSS 공식 이름)를 그대로 적용 가능 — 후보는 공식 원문 확인됨, 판정만 남음	[권고 A: 적용 권장, 친구 확인] 금·은(2002) DAWN(gs.parties.SwimmerFGroup.12, GoldSilver/ko_msg.txt:542)과 HGSS 대응 Swimmer♀ Debbie(HeartGoldSoulSilver/ko_msg.txt:33542)가 일본어 이름(クミコ)·한국어 이름(인화)이 모두 같다 → 원작에서 같은 인물이고 공식 이름도 하나. 남은 차이: 파티(금·은↔HGSS 파티가 다름, HnS 파티는 HGSS 쪽)
트레이너 이름	TRAINER_TARA_HNS (ID 225, Swimmer F Hns)	TARA	미배치(참조 없음)	제외(미배치 — 데이터 유지, 친구 Q8·8절)	판정 미배치 / 원작 GSC에 같은 이름 있음(위치 다름: C,GS) — 동일 인물 아님/미확인 / 맵 참조 없음(미배치)	매향 (금·은 한국어판(같은 이름·클래스·파티 데이터, 위치 없음))	맵·스크립트에서 쓰이게 되면 그때 후보 검토. 데이터는 지우지 않음(친구 Q8)	
트레이너 이름	TRAINER_JODY_HNS (ID 228, Swimmer F Hns)	JODY	미배치(참조 없음)	제외(미배치 — 데이터 유지, 친구 Q8·8절)	판정 미배치 / 원작 GSC에 같은 이름 있음(위치 다름: C,GS) — 동일 인물 아님/미확인 / 맵 참조 없음(미배치)	미선 (금·은 한국어판(같은 이름·클래스·파티 데이터, 위치 없음))	맵·스크립트에서 쓰이게 되면 그때 후보 검토. 데이터는 지우지 않음(친구 Q8)	
트레이너 이름	TRAINER_STAN_HNS (ID 242, Super Nerd Hns)	STAN	배치(맵 오브젝트)	보류(크리스탈 전용 — 한국어판 없음, 공식 이름 없음)	판정 원작 없음 / 원작 크리스탈 전용 / GSC 같은 맵 같은 이름: 크리스탈 SUPER_NERD STAN @ RuinsOfAlph		크리스탈 한국어판이 없어 공식 이름이 생길 수 없음. 영문 유지. 클래스·그림은 Q1 표대로 크리스탈 원작 복원	
트레이너 이름	TRAINER_GREGG_HNS (ID 244, Super Nerd Hns)	GREGG	미배치(참조 없음)	제외(미배치 — 데이터 유지, 친구 Q8·8절)	판정 미배치 / 원작 GSC에 같은 이름 있음(위치 다름: C,GS) — 동일 인물 아님/미확인 / 맵 참조 없음(미배치)	등웅 (금·은 한국어판(같은 이름·클래스·파티 데이터, 위치 없음))	맵·스크립트에서 쓰이게 되면 그때 후보 검토. 데이터는 지우지 않음(친구 Q8)	
트레이너 이름	TRAINER_JAY_HNS (ID 245, Super Nerd Hns)	JAY	미배치(참조 없음)	제외(미배치 — 데이터 유지, 친구 Q8·8절)	판정 미배치 / 원작 GSC에 같은 이름 있음(위치 다름: C,GS) — 동일 인물 아님/미확인 / 맵 참조 없음(미배치)	태동 (금·은 한국어판(같은 이름·클래스·파티 데이터, 위치 없음))	맵·스크립트에서 쓰이게 되면 그때 후보 검토. 데이터는 지우지 않음(친구 Q8)	
트레이너 이름	TRAINER_DAVE_HNS (ID 246, Super Nerd Hns)	DAVE	미배치(참조 없음)	제외(미배치 — 데이터 유지, 친구 Q8·8절)	판정 미배치 / 원작 GSC에 같은 이름 있음(위치 다름: C,GS) — 동일 인물 아님/미확인 / 맵 참조 없음(미배치)	신광 (금·은 한국어판(같은 이름·클래스·파티 데이터, 위치 없음))	맵·스크립트에서 쓰이게 되면 그때 후보 검토. 데이터는 지우지 않음(친구 Q8)	
트레이너 이름	TRAINER_SHAWN_HNS (ID 250, Super Nerd Hns)	SHAWN	미배치(참조 없음)	제외(미배치 — 데이터 유지, 친구 Q8·8절)	판정 미배치 / 원작 Super Nerd Shawn	순남 (HGSS(P1 참고 대응만))	맵·스크립트에서 쓰이게 되면 그때 후보 검토. 데이터는 지우지 않음(친구 Q8)	
트레이너 이름	TRAINER_RUSS_HNS (ID 252, Super Nerd Hns)	RUSS	미배치(참조 없음)	제외(미배치 — 데이터 유지, 친구 Q8·8절)	판정 미배치 / 원작 GSC에 같은 이름 있음(위치 다름: C,GS) — 동일 인물 아님/미확인 / 맵 참조 없음(미배치)	금남 (금·은 한국어판(같은 이름·클래스·파티 데이터, 위치 없음))	맵·스크립트에서 쓰이게 되면 그때 후보 검토. 데이터는 지우지 않음(친구 Q8)	
트레이너 이름	TRAINER_NORTON_HNS (ID 253, Super Nerd Hns)	NORTON	미배치(참조 없음)	제외(미배치 — 데이터 유지, 친구 Q8·8절)	판정 미배치 / 원작 GSC에 같은 이름 있음(위치 다름: C,GS) — 동일 인물 아님/미확인 / 맵 참조 없음(미배치)	진융 (금·은 한국어판(같은 이름·클래스·파티 데이터, 위치 없음))	맵·스크립트에서 쓰이게 되면 그때 후보 검토. 데이터는 지우지 않음(친구 Q8)	
트레이너 이름	TRAINER_KAZU_HNS (ID 275, Biker Hns)	KAZU	미배치(참조 없음)	제외(미배치 — 데이터 유지, 친구 Q8·8절)	판정 미배치 / 원작 GSC에 같은 이름 있음(위치 다름: C,GS) — 동일 인물 아님/미확인 / 맵 참조 없음(미배치)	정남 (금·은 한국어판(같은 이름·클래스·파티 데이터, 위치 없음))	맵·스크립트에서 쓰이게 되면 그때 후보 검토. 데이터는 지우지 않음(친구 Q8)	
트레이너 이름	TRAINER_CHARLES_HNS (ID 279, Biker Hns)	CHARLES	배치(맵 오브젝트)	보류(동일 인물 근거 부족 — 추정, 친구 Q13)	판정 추정 / 원작 Biker Charles	철 (HGSS(P1 추정 대응))	Q1/친구가 동일 인물로 확정하면 후보(HGSS 공식 이름)를 그대로 적용 가능 — 후보는 공식 원문 확인됨, 판정만 남음	[권고 A: 적용 권장, 친구 확인] 금·은(2002) CHARLES(gs.parties.BikerGroup.6, GoldSilver/ko_msg.txt:607)과 HGSS 대응 Biker Charles(HeartGoldSoulSilver/ko_msg.txt:33563)가 일본어 이름(テツヤ)·한국어 이름(철)이 모두 같다 → 원작에서 같은 인물이고 공식 이름도 하나. 남은 차이: 위치(HnS = 금·은 위치, HGSS가 옮김)
트레이너 이름	TRAINER_RICHARDO_HNS (ID 285, Burglar Hns)	RICHARDO	배치(맵 오브젝트)	보류(동일 인물 불확실, 친구 Q5)	판정 보류(불확실) / 원작 Firebreather Ned	청명 (HGSS 같은 자리(P1 불확실))	친구 Q5: 불탄탑 위치·파티·원작 이벤트 대조 뒤 결정. Q1 비고 참고	
트레이너 이름	TRAINER_NARD_HNS (ID 286, Firebreather Hns)	NARD	배치(맵 오브젝트)	보류(동일 인물 불확실, 친구 Q5)	판정 보류(불확실) / 원작 Firebreather Richard	정덕 (HGSS 같은 자리(P1 불확실))	친구 Q5: 불탄탑 위치·파티·원작 이벤트 대조 뒤 결정. Q1 비고 참고	
트레이너 이름	TRAINER_DICK_HNS (ID 289, Firebreather Hns)	DICK	미배치(참조 없음)	제외(미배치 — 데이터 유지, 친구 Q8·8절)	판정 미배치 / 원작 GSC에 같은 이름 있음(위치 다름: C,GS) — 동일 인물 아님/미확인 / 맵 참조 없음(미배치)	정덕 (금·은 한국어판(같은 이름·클래스·파티 데이터, 위치 없음))	맵·스크립트에서 쓰이게 되면 그때 후보 검토. 데이터는 지우지 않음(친구 Q8)	
트레이너 이름	TRAINER_NED_HNS (ID 290, Firebreather Hns)	NED	미배치(참조 없음)	제외(미배치 — 데이터 유지, 친구 Q8·8절)	판정 미배치 / 원작 Firebreather Ned	청명 (HGSS(P1 참고 대응만))	맵·스크립트에서 쓰이게 되면 그때 후보 검토. 데이터는 지우지 않음(친구 Q8)	
트레이너 이름	TRAINER_RODNEY_HNS (ID 317, Psychic M Hns)	RODNEY	미배치(참조 없음)	제외(미배치 — 데이터 유지, 친구 Q8·8절)	판정 미배치 / 원작 Psychic Rodney	준평 (HGSS(P1 참고 대응만))	맵·스크립트에서 쓰이게 되면 그때 후보 검토. 데이터는 지우지 않음(친구 Q8)	
트레이너 이름	TRAINER_HARVEY_HNS (ID 339, Camper Hns)	HARVEY	미배치(참조 없음)	제외(미배치 — 데이터 유지, 친구 Q8·8절)	판정 미배치 / 원작 GSC에 같은 이름 있음(위치 다름: C,GS) — 동일 인물 아님/미확인 / 맵 참조 없음(미배치)	해효 (금·은 한국어판(같은 이름·클래스·파티 데이터, 위치 없음))	맵·스크립트에서 쓰이게 되면 그때 후보 검토. 데이터는 지우지 않음(친구 Q8)	
트레이너 이름	TRAINER_DALE_HNS (ID 340, Camper Hns)	DALE	미배치(참조 없음)	제외(미배치 — 데이터 유지, 친구 Q8·8절)	판정 미배치 / 원작 GSC에 같은 이름 있음(위치 다름: C,GS) — 동일 인물 아님/미확인 / 맵 참조 없음(미배치)	수웅 (금·은 한국어판(같은 이름·클래스·파티 데이터, 위치 없음))	맵·스크립트에서 쓰이게 되면 그때 후보 검토. 데이터는 지우지 않음(친구 Q8)	
트레이너 이름	TRAINER_THOMAS_HNS (ID 342, Camper Hns)	THOMAS	미배치(참조 없음)	제외(미배치 — 데이터 유지, 친구 Q8·8절)	판정 미배치 / 원작 GSC에 같은 이름 있음(위치 다름: C,GS) — 동일 인물 아님/미확인 / 맵 참조 없음(미배치)	황광 (금·은 한국어판(같은 이름·클래스·파티 데이터, 위치 없음))	맵·스크립트에서 쓰이게 되면 그때 후보 검토. 데이터는 지우지 않음(친구 Q8)	
트레이너 이름	TRAINER_LEROY_HNS (ID 343, Camper Hns)	LEROY	미배치(참조 없음)	제외(미배치 — 데이터 유지, 친구 Q8·8절)	판정 미배치 / 원작 GSC에 같은 이름 있음(위치 다름: C,GS) — 동일 인물 아님/미확인 / 맵 참조 없음(미배치)	오중 (금·은 한국어판(같은 이름·클래스·파티 데이터, 위치 없음))	맵·스크립트에서 쓰이게 되면 그때 후보 검토. 데이터는 지우지 않음(친구 Q8)	
트레이너 이름	TRAINER_DAVID_HNS (ID 344, Camper Hns)	DAVID	미배치(참조 없음)	제외(미배치 — 데이터 유지, 친구 Q8·8절)	판정 미배치 / 원작 GSC에 같은 이름 있음(위치 다름: C,GS) — 동일 인물 아님/미확인 / 맵 참조 없음(미배치)	지관 (금·은 한국어판(같은 이름·클래스·파티 데이터, 위치 없음))	맵·스크립트에서 쓰이게 되면 그때 후보 검토. 데이터는 지우지 않음(친구 Q8)	
트레이너 이름	TRAINER_JOHN_HNS (ID 345, Camper Hns)	JOHN	미배치(참조 없음)	제외(미배치 — 데이터 유지, 친구 Q8·8절)	판정 미배치 / 원작 GSC에 같은 이름 있음(위치 다름: C,GS) — 동일 인물 아님/미확인 / 맵 참조 없음(미배치)	용웅 (금·은 한국어판(같은 이름·클래스·파티 데이터, 위치 없음))	맵·스크립트에서 쓰이게 되면 그때 후보 검토. 데이터는 지우지 않음(친구 Q8)	
트레이너 이름	TRAINER_QUENTIN_HNS (ID 349, Camper Hns)	QUENTIN	배치(맵 오브젝트)	보류(크리스탈 전용 — 한국어판 없음, 공식 이름 없음)	판정 원작 없음 / 원작 크리스탈 전용 / GSC 같은 맵 같은 이름: 크리스탈 CAMPER QUENTIN @ Route45		크리스탈 한국어판이 없어 공식 이름이 생길 수 없음. 영문 유지. 클래스·그림은 Q1 표대로 크리스탈 원작 복원	
트레이너 이름	TRAINER_GAKU_HNS (ID 359, Sage Hns)	GAKU	미배치(참조 없음)	제외(미배치 — 데이터 유지, 친구 Q8·8절)	판정 미배치 / 원작 GSC에 같은 이름 있음(위치 다름: C) — 동일 인물 아님/미확인 / 맵 참조 없음(미배치)		맵·스크립트에서 쓰이게 되면 그때 후보 검토. 데이터는 지우지 않음(친구 Q8)	
트레이너 이름	TRAINER_MASA_HNS (ID 360, Sage Hns)	MASA	미배치(참조 없음)	제외(미배치 — 데이터 유지, 친구 Q8·8절)	판정 미배치 / 원작 GSC에 같은 이름 있음(위치 다름: C) — 동일 인물 아님/미확인 / 맵 참조 없음(미배치)		맵·스크립트에서 쓰이게 되면 그때 후보 검토. 데이터는 지우지 않음(친구 Q8)	
트레이너 이름	TRAINER_KOJI_HNS (ID 361, Hex Maniac Hns)	KOJI	미배치(참조 없음)	제외(미배치 — 데이터 유지, 친구 Q8·8절)	판정 미배치 / 원작 GSC에 같은 이름 있음(위치 다름: C) — 동일 인물 아님/미확인 / 맵 참조 없음(미배치)		맵·스크립트에서 쓰이게 되면 그때 후보 검토. 데이터는 지우지 않음(친구 Q8)	
트레이너 이름	TRAINER_BETHANY_HNS (ID 364, Hex Maniac Hns)	BETHANY	미배치(참조 없음)	제외(미배치 — 데이터 유지, 친구 Q8·8절)	판정 미배치 / 원작 Medium Bethany	문지 (HGSS(P1 참고 대응만))	맵·스크립트에서 쓰이게 되면 그때 후보 검토. 데이터는 지우지 않음(친구 Q8)	
트레이너 이름	TRAINER_MARGRET_HNS (ID 365, Hex Maniac Hns)	MARGRET	미배치(참조 없음)	제외(미배치 — 데이터 유지, 친구 Q8·8절)	판정 미배치 / 원작 GSC에 같은 이름 있음(위치 다름: C,GS) — 동일 인물 아님/미확인 / 맵 참조 없음(미배치)	은옥 (금·은 한국어판(같은 이름·클래스·파티 데이터, 위치 없음))	맵·스크립트에서 쓰이게 되면 그때 후보 검토. 데이터는 지우지 않음(친구 Q8)	
트레이너 이름	TRAINER_ETHEL_HNS (ID 366, Hex Maniac Hns)	ETHEL	미배치(참조 없음)	제외(미배치 — 데이터 유지, 친구 Q8·8절)	판정 미배치 / 원작 Medium Ethel	다미 (HGSS(P1 참고 대응만))	맵·스크립트에서 쓰이게 되면 그때 후보 검토. 데이터는 지우지 않음(친구 Q8)	
트레이너 이름	TRAINER_JEREMY_HNS (ID 379, Pokefan Hns)	JEREMY	미배치(참조 없음)	제외(미배치 — 데이터 유지, 친구 Q8·8절)	판정 미배치 / 원작 Pokéfan Jeremy	수장 (HGSS(P1 참고 대응만))	맵·스크립트에서 쓰이게 되면 그때 후보 검토. 데이터는 지우지 않음(친구 Q8)	
트레이너 이름	TRAINER_REX_HNS (ID 382, Pokefan Hns)	REX	배치(맵 오브젝트)	보류(동일 인물 근거 부족 — 추정, 친구 Q13)	판정 추정 / 원작 Pokéfan Rex	수비 (HGSS(P1 추정 대응))	Q1/친구가 동일 인물로 확정하면 후보(HGSS 공식 이름)를 그대로 적용 가능 — 후보는 공식 원문 확인됨, 판정만 남음	[권고 B: 친구 판단] 금·은에 없음(크리스탈 전용 배치). HnS 위치 = 크리스탈 같은 이름·같은 클래스 인물 위치이고, HGSS에는 배치 없는 데이터 항목 Pokéfan Rex(수비, 일본어 ヒロキ)만 있음(그 파티 = 크리스탈 파티). P1 근거: HGSS 쪽 배치 없음(데이터만 있음), HnS 위치가 GSC 같은 이름 트레이너 위치와 같음, 영문 이름 일치, 클래스 계열 일치, 파티 종 유사도 HGSS 0.0·평균 레벨 차
트레이너 이름	TRAINER_ALLAN_HNS (ID 383, Camper HnS)	ALLAN	배치(맵 오브젝트)	보류(크리스탈 전용 — 한국어판 없음, 공식 이름 없음)	판정 확정(크리스탈 원작, HGSS 없음) / 원작 크리스탈 전용 / GSC 같은 맵 같은 이름: 크리스탈 POKEFANM ALLAN @ Route6 / 참고:		크리스탈 한국어판이 없어 공식 이름이 생길 수 없음. 영문 유지. 클래스·그림은 Q1 표대로 크리스탈 원작 복원	Q1: 크리스탈 원작 확정(HGSS 없음). 클래스는 크리스탈 원작(애호가클럽)으로 복원 대상, 이름은 영문 유지
트레이너 이름	TRAINER_ANN_AND_ANNE_HNS (ID 390, Twins Hns)	ANN&ANNE	배치(맵 오브젝트)	보류(동일 인물 근거 부족 — 추정, 친구 Q13)	판정 추정 / 원작 Twins Tori & Til	미령&아령 (HGSS(P1 추정 대응))	Q1/친구가 동일 인물로 확정하면 후보(HGSS 공식 이름)를 그대로 적용 가능 — 후보는 공식 원문 확인됨, 판정만 남음	"[권고 C: 보류 유지] 금·은 같은 이름 인물 ANN & ANNE(마나와카나, 일본어 マナとカナ)과 HGSS 같은 자리 Twins Tori & Til(미령&아령, 일본어 オトとナル)가 다른 인물. P1 근거: 위치 일치, GSC 같은 자리 이름 일치(GS TWINS ANNANDANNE1 ""ANN & ANNE"" @ Route37, GSC↔HGSS 파티 유사도 0.0), 클래스 계열 일치,"
트레이너 이름	TRAINER_GEORGIA_HNS (ID 396, Parasol Lady Hns)	GEORGIA	미배치(참조 없음)	제외(미배치 — 데이터 유지, 친구 Q8·8절)	판정 미배치 / 원작 Pokéfan Georgia	차연 (HGSS(P1 참고 대응만))	맵·스크립트에서 쓰이게 되면 그때 후보 검토. 데이터는 지우지 않음(친구 Q8)	
트레이너 이름	TRAINER_JAMIE_HNS (ID 397, Parasol Lady Hns)	JAIME	배치(맵 오브젝트)	보류(크리스탈 전용 — 한국어판 없음, 공식 이름 없음)	판정 확정(크리스탈 원작, HGSS 없음) / 원작 크리스탈 전용 / GSC 같은 맵 같은 이름: 크리스탈 POKEFANF JAIME @ Route39		크리스탈 한국어판이 없어 공식 이름이 생길 수 없음. 영문 유지. 클래스·그림은 Q1 표대로 크리스탈 원작 복원	Q1: 크리스탈 원작 확정(HGSS 없음). 클래스는 크리스탈 원작(애호가클럽)으로 복원 대상, 이름은 영문 유지
트레이너 이름	TRAINER_BLUE_2_HNS (ID 432, Leader Kanto Hns)	BLUE	미배치(참조 없음)	제외(미배치 — 데이터 유지, 친구 Q8·8절)	판정 미배치(Q1 정정) / 원작 Leader Blue	그린 (HGSS 같은 인물(P1))	맵·스크립트에서 쓰이게 되면 그때 후보 검토. 데이터는 지우지 않음(친구 Q8)	Q1 정정: 같은 인물의 다른 항목은 배치, 이 항목은 참조 없음
트레이너 이름	TRAINER_ARCHER_1_HNS (ID 470, Rocket Admin Hns)	ARCHER	미배치(참조 없음)	제외(미배치 — 데이터 유지, 친구 Q8·8절)	판정 미배치(Q1 정정) / 원작 Executive Archer	아폴로 (HGSS 같은 인물(P1))	맵·스크립트에서 쓰이게 되면 그때 후보 검토. 데이터는 지우지 않음(친구 Q8)	Q1 정정: 같은 인물의 다른 항목은 배치, 이 항목은 참조 없음
트레이너 이름	TRAINER_ARCHER_4_HNS (ID 471, Rocket Admin Hns)	ARCHER	미배치(참조 없음)	제외(미배치 — 데이터 유지, 친구 Q8·8절)	판정 미배치(Q1 정정) / 원작 Executive Archer	아폴로 (HGSS 같은 인물(P1))	맵·스크립트에서 쓰이게 되면 그때 후보 검토. 데이터는 지우지 않음(친구 Q8)	Q1 정정: 같은 인물의 다른 항목은 배치, 이 항목은 참조 없음
트레이너 이름	TRAINER_ARCHER_5_HNS (ID 472, Rocket Admin Hns)	ARCHER	미배치(참조 없음)	제외(미배치 — 데이터 유지, 친구 Q8·8절)	판정 미배치(Q1 정정) / 원작 Executive Archer	아폴로 (HGSS 같은 인물(P1))	맵·스크립트에서 쓰이게 되면 그때 후보 검토. 데이터는 지우지 않음(친구 Q8)	Q1 정정: 같은 인물의 다른 항목은 배치, 이 항목은 참조 없음
트레이너 이름	TRAINER_LANCE_3_HNS (ID 560, Champion Hns)	LANCE	미배치(디버그 전용)	제외(미배치 — 데이터 유지, 친구 Q8·8절)	판정 미배치(Q1 정정) / 원작 Champion Lance	목호 (HGSS 같은 인물(P1))	맵·스크립트에서 쓰이게 되면 그때 후보 검토. 데이터는 지우지 않음(친구 Q8)	Q1 정정: 같은 인물의 다른 항목은 배치, 이 항목은 참조 없음
트레이너 이름	TRAINER_CLAIR_3_HNS (ID 561, Leader Hns)	CLAIR	미배치(디버그 전용)	제외(미배치 — 데이터 유지, 친구 Q8·8절)	판정 미배치(Q1 정정) / 원작 Leader Clair	이향 (HGSS 같은 인물(P1))	맵·스크립트에서 쓰이게 되면 그때 후보 검토. 데이터는 지우지 않음(친구 Q8)	Q1 정정: 같은 인물의 다른 항목은 배치, 이 항목은 참조 없음
트레이너 이름	TRAINER_ROB_2_HNS (ID 575, Bug Catcher Hns)	ROB	배치(재전 표)	보류(동일 인물 근거 부족 — 추정, 친구 Q13)	판정 추정 / 원작 Bug Catcher Rob	명수 (HGSS(P1 추정 대응))	Q1/친구가 동일 인물로 확정하면 후보(HGSS 공식 이름)를 그대로 적용 가능 — 후보는 공식 원문 확인됨, 판정만 남음	[권고 A: 적용 권장, 친구 확인] 금·은(2002) ROB(gs.parties.BugCatcherGroup.2, GoldSilver/ko_msg.txt:475)과 HGSS 대응 Bug Catcher Rob(HeartGoldSoulSilver/ko_msg.txt:33876)가 일본어 이름(カズヒコ)·한국어 이름(명수)이 모두 같다 → 원작에서 같은 인물이고 공식 이름도 하나. 남은 차이: 위치(HnS ≠ HGSS 위치)
트레이너 이름	TRAINER_ROB_3_HNS (ID 576, Bug Catcher Hns)	ROB	배치(재전 표)	보류(동일 인물 근거 부족 — 추정, 친구 Q13)	판정 추정 / 원작 Bug Catcher Rob	명수 (HGSS(P1 추정 대응))	Q1/친구가 동일 인물로 확정하면 후보(HGSS 공식 이름)를 그대로 적용 가능 — 후보는 공식 원문 확인됨, 판정만 남음	[권고 A: 적용 권장, 친구 확인] 금·은(2002) ROB(gs.parties.BugCatcherGroup.2, GoldSilver/ko_msg.txt:475)과 HGSS 대응 Bug Catcher Rob(HeartGoldSoulSilver/ko_msg.txt:33877)가 일본어 이름(カズヒコ)·한국어 이름(명수)이 모두 같다 → 원작에서 같은 인물이고 공식 이름도 하나. 남은 차이: 위치(HnS ≠ HGSS 위치)
트레이너 이름	TRAINER_CHARLES_2_HNS (ID 585, Biker Hns)	CHARLES	배치(재전 표)	보류(동일 인물 근거 부족 — 추정, 친구 Q13)	판정 추정 / 원작 Biker Charles	철 (HGSS(P1 추정 대응))	Q1/친구가 동일 인물로 확정하면 후보(HGSS 공식 이름)를 그대로 적용 가능 — 후보는 공식 원문 확인됨, 판정만 남음	[권고 A: 적용 권장, 친구 확인] 금·은(2002) CHARLES(gs.parties.BikerGroup.6, GoldSilver/ko_msg.txt:607)과 HGSS 대응 Biker Charles(HeartGoldSoulSilver/ko_msg.txt:33563)가 일본어 이름(テツヤ)·한국어 이름(철)이 모두 같다 → 원작에서 같은 인물이고 공식 이름도 하나. 남은 차이: 위치(HnS = 금·은 위치, HGSS가 옮김)
트레이너 이름	TRAINER_CHARLES_3_HNS (ID 586, Biker Hns)	CHARLES	배치(재전 표)	보류(동일 인물 근거 부족 — 추정, 친구 Q13)	판정 추정 / 원작 Biker Charles	철 (HGSS(P1 추정 대응))	Q1/친구가 동일 인물로 확정하면 후보(HGSS 공식 이름)를 그대로 적용 가능 — 후보는 공식 원문 확인됨, 판정만 남음	[권고 A: 적용 권장, 친구 확인] 금·은(2002) CHARLES(gs.parties.BikerGroup.6, GoldSilver/ko_msg.txt:607)과 HGSS 대응 Biker Charles(HeartGoldSoulSilver/ko_msg.txt:33563)가 일본어 이름(テツヤ)·한국어 이름(철)이 모두 같다 → 원작에서 같은 인물이고 공식 이름도 하나. 남은 차이: 위치(HnS = 금·은 위치, HGSS가 옮김)
트레이너 이름	TRAINER_PHANTONOMY_UNUSED_HNS (ID 588, Developer Hns)	PHANTONOMY	미배치(참조 없음)	제외(미배치 — 데이터 유지, 친구 Q8·8절)	판정 미배치 / 원작 맵 참조 없음(미배치)		맵·스크립트에서 쓰이게 되면 그때 후보 검토. 데이터는 지우지 않음(친구 Q8)	
트레이너 이름	TRAINER_MELEMELE_SWIMMER_1_HNS (ID 589, Swimmer F Hns)	MIA	배치(맵 오브젝트)	보류(공식 이름 없음 — 영문 유지, 친구 Q7)	판정 원작 없음 / 원작 알로라(멜레멜레섬)		다른 공식 작품에 같은 인물이 확인되면 그 이름. 그 전에는 영문 유지(친구 Q7: 임의 음역·작명 금지)	
트레이너 이름	TRAINER_MELEMELE_SWIMMER_2_HNS (ID 590, Swimmer M Hns)	JIMMY	배치(맵 오브젝트)	보류(공식 이름 없음 — 영문 유지, 친구 Q7)	판정 원작 없음 / 원작 알로라(바다)		다른 공식 작품에 같은 인물이 확인되면 그 이름. 그 전에는 영문 유지(친구 Q7: 임의 음역·작명 금지)	
트레이너 이름	TRAINER_AKALA_SWIMMER_1_HNS (ID 591, Swimmer F Hns)	KELSIE	배치(맵 오브젝트)	보류(공식 이름 없음 — 영문 유지, 친구 Q7)	판정 원작 없음 / 원작 알로라(아칼라섬)		다른 공식 작품에 같은 인물이 확인되면 그 이름. 그 전에는 영문 유지(친구 Q7: 임의 음역·작명 금지)	
트레이너 이름	TRAINER_AKALA_SWIMMER_2_HNS (ID 592, Swimmer F Hns)	PORTIA	배치(맵 오브젝트)	보류(공식 이름 없음 — 영문 유지, 친구 Q7)	판정 원작 없음 / 원작 알로라(아칼라섬)		다른 공식 작품에 같은 인물이 확인되면 그 이름. 그 전에는 영문 유지(친구 Q7: 임의 음역·작명 금지)	
트레이너 이름	TRAINER_PONI_SWIMMER_1_HNS (ID 593, Swimmer F Hns)	JADE	배치(맵 오브젝트)	보류(공식 이름 없음 — 영문 유지, 친구 Q7)	판정 원작 없음 / 원작 알로라(포니섬)		다른 공식 작품에 같은 인물이 확인되면 그 이름. 그 전에는 영문 유지(친구 Q7: 임의 음역·작명 금지)	
트레이너 이름	TRAINER_PONI_SWIMMER_2_HNS (ID 594, Tuber M)	RODDY	배치(맵 오브젝트)	보류(공식 이름 없음 — 영문 유지, 친구 Q7)	판정 원작 없음 / 원작 알로라(포니섬)		다른 공식 작품에 같은 인물이 확인되면 그 이름. 그 전에는 영문 유지(친구 Q7: 임의 음역·작명 금지)	
트레이너 이름	TRAINER_AKALA_HIKER_HNS (ID 595, Hiker Hns)	IAN	배치(맵 오브젝트)	보류(공식 이름 없음 — 영문 유지, 친구 Q7)	판정 원작 없음 / 원작 알로라(아칼라섬)		다른 공식 작품에 같은 인물이 확인되면 그 이름. 그 전에는 영문 유지(친구 Q7: 임의 음역·작명 금지)	
트레이너 이름	TRAINER_AKALA_PICNICKER_HNS (ID 596, Picnicker Hns)	TATIANA	배치(맵 오브젝트)	보류(공식 이름 없음 — 영문 유지, 친구 Q7)	판정 원작 없음 / 원작 알로라(아칼라섬)		다른 공식 작품에 같은 인물이 확인되면 그 이름. 그 전에는 영문 유지(친구 Q7: 임의 음역·작명 금지)	
트레이너 이름	TRAINER_AKALA_CAMPER_HNS (ID 597, Camper Hns)	OLIVER	배치(맵 오브젝트)	보류(공식 이름 없음 — 영문 유지, 친구 Q7)	판정 원작 없음 / 원작 알로라(아칼라섬)		다른 공식 작품에 같은 인물이 확인되면 그 이름. 그 전에는 영문 유지(친구 Q7: 임의 음역·작명 금지)	
트레이너 이름	TRAINER_AKALA_FOREST_BUGCATCHER_1_HNS (ID 598, Bug Catcher Hns)	STANLEY	배치(맵 오브젝트)	보류(공식 이름 없음 — 영문 유지, 친구 Q7)	판정 원작 없음 / 원작 알로라(아칼라 숲)		다른 공식 작품에 같은 인물이 확인되면 그 이름. 그 전에는 영문 유지(친구 Q7: 임의 음역·작명 금지)	
트레이너 이름	TRAINER_AKALA_FOREST_BUGCATCHER_2_HNS (ID 599, Bug Catcher Hns)	SCOTTY	배치(맵 오브젝트)	보류(공식 이름 없음 — 영문 유지, 친구 Q7)	판정 원작 없음 / 원작 알로라(아칼라 숲)		다른 공식 작품에 같은 인물이 확인되면 그 이름. 그 전에는 영문 유지(친구 Q7: 임의 음역·작명 금지)	
트레이너 이름	TRAINER_AKALA_CAVE_PICNICKER_HNS (ID 600, Picnicker Hns)	MELISSA	배치(맵 오브젝트)	보류(공식 이름 없음 — 영문 유지, 친구 Q7)	판정 원작 없음 / 원작 알로라(아칼라 동굴)		다른 공식 작품에 같은 인물이 확인되면 그 이름. 그 전에는 영문 유지(친구 Q7: 임의 음역·작명 금지)	
트레이너 이름	TRAINER_AKALA_CAVE_CAMPER_HNS (ID 601, Camper Hns)	RONNY	배치(맵 오브젝트)	보류(공식 이름 없음 — 영문 유지, 친구 Q7)	판정 원작 없음 / 원작 알로라(아칼라 동굴)		다른 공식 작품에 같은 인물이 확인되면 그 이름. 그 전에는 영문 유지(친구 Q7: 임의 음역·작명 금지)	
트레이너 이름	TRAINER_AKALA_CAVE_HIKER_HNS (ID 602, Hiker Hns)	FRANK	배치(맵 오브젝트)	보류(공식 이름 없음 — 영문 유지, 친구 Q7)	판정 원작 없음 / 원작 알로라(아칼라 동굴)		다른 공식 작품에 같은 인물이 확인되면 그 이름. 그 전에는 영문 유지(친구 Q7: 임의 음역·작명 금지)	
트레이너 이름	TRAINER_ULAULA_PICNICKER_HNS (ID 603, Picnicker Hns)	MELISSA	배치(맵 오브젝트)	보류(공식 이름 없음 — 영문 유지, 친구 Q7)	판정 원작 없음 / 원작 알로라(울라울라섬)		다른 공식 작품에 같은 인물이 확인되면 그 이름. 그 전에는 영문 유지(친구 Q7: 임의 음역·작명 금지)	
트레이너 이름	TRAINER_ULAULA_YOUNGSTER_HNS (ID 604, Youngster Hns)	JOEY	배치(맵 오브젝트)	보류(공식 이름 없음 — 영문 유지, 친구 Q7)	판정 원작 없음 / 원작 알로라(울라울라섬)		다른 공식 작품에 같은 인물이 확인되면 그 이름. 그 전에는 영문 유지(친구 Q7: 임의 음역·작명 금지)	
트레이너 이름	TRAINER_ULAULA_HIKER_HNS (ID 605, Hiker Hns)	FRANK	배치(맵 오브젝트)	보류(공식 이름 없음 — 영문 유지, 친구 Q7)	판정 원작 없음 / 원작 알로라(울라울라섬)		다른 공식 작품에 같은 인물이 확인되면 그 이름. 그 전에는 영문 유지(친구 Q7: 임의 음역·작명 금지)	
트레이너 이름	TRAINER_ULAULA_COOLTRAINER_HNS (ID 606, Cooltrainer Hns)	LOIS	배치(맵 오브젝트)	보류(공식 이름 없음 — 영문 유지, 친구 Q7)	판정 원작 없음 / 원작 알로라(울라울라섬)		다른 공식 작품에 같은 인물이 확인되면 그 이름. 그 전에는 영문 유지(친구 Q7: 임의 음역·작명 금지)	
트레이너 이름	TRAINER_AKALA_SWIMMER_3_HNS (ID 607, Swimmer M Hns)	GEOFF	배치(맵 오브젝트)	보류(공식 이름 없음 — 영문 유지, 친구 Q7)	판정 원작 없음 / 원작 알로라(아칼라섬)		다른 공식 작품에 같은 인물이 확인되면 그 이름. 그 전에는 영문 유지(친구 Q7: 임의 음역·작명 금지)	
트레이너 이름	TRAINER_MILKMAN_HNS (ID 608, Officer Hns)	MILKMAN	배치(맵 오브젝트)	보류(공식 이름 없음 — 영문 유지, 친구 Q7)	판정 원작 없음 / 원작 HnS 신규(NewSinjoh)		다른 공식 작품에 같은 인물이 확인되면 그 이름. 그 전에는 영문 유지(친구 Q7: 임의 음역·작명 금지)	
트레이너 이름	TRAINER_MIHARU_HNS (ID 609, Kimono Girl Hns)	MIHARU	배치(맵 오브젝트)	보류(공식 이름 없음 — 영문 유지, 친구 Q7)	판정 원작 없음 / 원작 HnS 신규(NewSinjoh_KimonoHideout)		다른 공식 작품에 같은 인물이 확인되면 그 이름. 그 전에는 영문 유지(친구 Q7: 임의 음역·작명 금지)	
트레이너 이름	TRAINER_YOUKO_HNS (ID 610, Kimono Girl Hns)	YOUKO	배치(맵 오브젝트)	보류(공식 이름 없음 — 영문 유지, 친구 Q7)	판정 원작 없음 / 원작 HnS 신규(NewSinjoh_KimonoHideout)		다른 공식 작품에 같은 인물이 확인되면 그 이름. 그 전에는 영문 유지(친구 Q7: 임의 음역·작명 금지)	
트레이너 이름	TRAINER_SHIZUKO_HNS (ID 611, Kimono Girl Hns)	SHIZUKO	배치(맵 오브젝트)	보류(공식 이름 없음 — 영문 유지, 친구 Q7)	판정 원작 없음 / 원작 HnS 신규(NewSinjoh_KimonoHideout)		다른 공식 작품에 같은 인물이 확인되면 그 이름. 그 전에는 영문 유지(친구 Q7: 임의 음역·작명 금지)	
트레이너 이름	TRAINER_FINLEY_HNS (ID 613, Sage Hns)	FINLEY	배치(맵 오브젝트)	보류(공식 이름 없음 — 영문 유지, 친구 Q7)	판정 원작 없음 / 원작 HnS 신규(Route50)		다른 공식 작품에 같은 인물이 확인되면 그 이름. 그 전에는 영문 유지(친구 Q7: 임의 음역·작명 금지)	
트레이너 이름	TRAINER_MUALANI_HNS (ID 614, Swimmer F Hns)	MUALANI	배치(맵 오브젝트)	보류(공식 이름 없음 — 영문 유지, 친구 Q7)	판정 원작 없음 / 원작 HnS 신규(NewSinjoh_HotSprings)		다른 공식 작품에 같은 인물이 확인되면 그 이름. 그 전에는 영문 유지(친구 Q7: 임의 음역·작명 금지)	
트레이너 이름	TRAINER_WESSEL_HNS (ID 615, Super Nerd Hns)	WESSEL	배치(맵 오브젝트)	보류(공식 이름 없음 — 영문 유지, 친구 Q7)	판정 원작 없음 / 원작 HnS 신규(Route50)		다른 공식 작품에 같은 인물이 확인되면 그 이름. 그 전에는 영문 유지(친구 Q7: 임의 음역·작명 금지)	
트레이너 이름	TRAINER_SKYLAR_HNS (ID 616, Skier Hns)	SKYLAR	배치(맵 오브젝트)	보류(공식 이름 없음 — 영문 유지, 친구 Q7)	판정 원작 없음 / 원작 HnS 신규(Route49)		다른 공식 작품에 같은 인물이 확인되면 그 이름. 그 전에는 영문 유지(친구 Q7: 임의 음역·작명 금지)	
프런티어계 이름	FRONTIER_TRAINER_LEADER_BROCK_HNS (프런티어 일반)	BROCK	src/data/battle_frontier/battle_frontier_trainers.h:2408	제외(디버그 전용 — 친구 Q8)	ID 300~319: GetRandomScaledFrontierTrainerId 범위(0~299, src/frontier_util.c:834-856) 밖, 참조는 data/scripts/debug.inc:241(BROCK)뿐 → 일반 진행에서 안 나옴. 이름 자체는 공식 확정(적용 시 그대로 사용)	웅 (게임 공식(HGSS))	일반 진행에서 나오게 되면 공식 이름 그대로 적용	HeartGoldSoulSilver/ko_msg.txt:33504 (hgss.729.253), Leader Brock
프런티어계 이름	FRONTIER_TRAINER_LEADER_CHUCK_HNS (프런티어 일반)	CHUCK	src/data/battle_frontier/battle_frontier_trainers.h:2416	제외(디버그 전용 — 친구 Q8)	ID 300~319: GetRandomScaledFrontierTrainerId 범위(0~299, src/frontier_util.c:834-856) 밖, 참조는 data/scripts/debug.inc:241(BROCK)뿐 → 일반 진행에서 안 나옴. 이름 자체는 공식 확정(적용 시 그대로 사용)	사도 (게임 공식(HGSS))	일반 진행에서 나오게 되면 공식 이름 그대로 적용	HeartGoldSoulSilver/ko_msg.txt:33285 (hgss.729.34), Leader Chuck
프런티어계 이름	FRONTIER_TRAINER_LEADER_LT_SURGE_HNS (프런티어 일반)	LTSURGE	src/data/battle_frontier/battle_frontier_trainers.h:2424	제외(디버그 전용 — 친구 Q8)	ID 300~319: GetRandomScaledFrontierTrainerId 범위(0~299, src/frontier_util.c:834-856) 밖, 참조는 data/scripts/debug.inc:241(BROCK)뿐 → 일반 진행에서 안 나옴. 이름 자체는 공식 확정(적용 시 그대로 사용)	마티스 (게임 공식(HGSS))	일반 진행에서 나오게 되면 공식 이름 그대로 적용	HeartGoldSoulSilver/ko_msg.txt:33506 (hgss.729.255), Leader Lt. Surge
프런티어계 이름	FRONTIER_TRAINER_LEADER_BLAINE_HNS (프런티어 일반)	BLAINE	src/data/battle_frontier/battle_frontier_trainers.h:2432	제외(디버그 전용 — 친구 Q8)	ID 300~319: GetRandomScaledFrontierTrainerId 범위(0~299, src/frontier_util.c:834-856) 밖, 참조는 data/scripts/debug.inc:241(BROCK)뿐 → 일반 진행에서 안 나옴. 이름 자체는 공식 확정(적용 시 그대로 사용)	강연 (게임 공식(HGSS))	일반 진행에서 나오게 되면 공식 이름 그대로 적용	HeartGoldSoulSilver/ko_msg.txt:33510 (hgss.729.259), Leader Blaine
프런티어계 이름	FRONTIER_TRAINER_LEADER_WHITNEY_HNS (프런티어 일반)	WHITNEY	src/data/battle_frontier/battle_frontier_trainers.h:2440	제외(디버그 전용 — 친구 Q8)	ID 300~319: GetRandomScaledFrontierTrainerId 범위(0~299, src/frontier_util.c:834-856) 밖, 참조는 data/scripts/debug.inc:241(BROCK)뿐 → 일반 진행에서 안 나옴. 이름 자체는 공식 확정(적용 시 그대로 사용)	꼭두 (게임 공식(HGSS))	일반 진행에서 나오게 되면 공식 이름 그대로 적용	HeartGoldSoulSilver/ko_msg.txt:33281 (hgss.729.30), Leader Whitney
프런티어계 이름	FRONTIER_TRAINER_LEADER_FALKNER_HNS (프런티어 일반)	FALKNER	src/data/battle_frontier/battle_frontier_trainers.h:2448	제외(디버그 전용 — 친구 Q8)	ID 300~319: GetRandomScaledFrontierTrainerId 범위(0~299, src/frontier_util.c:834-856) 밖, 참조는 data/scripts/debug.inc:241(BROCK)뿐 → 일반 진행에서 안 나옴. 이름 자체는 공식 확정(적용 시 그대로 사용)	비상 (게임 공식(HGSS))	일반 진행에서 나오게 되면 공식 이름 그대로 적용	HeartGoldSoulSilver/ko_msg.txt:33271 (hgss.729.20), Leader Falkner
프런티어계 이름	FRONTIER_TRAINER_LEADER_SABRINA_HNS (프런티어 일반)	SABRINA	src/data/battle_frontier/battle_frontier_trainers.h:2456	제외(디버그 전용 — 친구 Q8)	ID 300~319: GetRandomScaledFrontierTrainerId 범위(0~299, src/frontier_util.c:834-856) 밖, 참조는 data/scripts/debug.inc:241(BROCK)뿐 → 일반 진행에서 안 나옴. 이름 자체는 공식 확정(적용 시 그대로 사용)	초련 (게임 공식(HGSS))	일반 진행에서 나오게 되면 공식 이름 그대로 적용	HeartGoldSoulSilver/ko_msg.txt:33509 (hgss.729.258), Leader Sabrina
프런티어계 이름	FRONTIER_TRAINER_LEADER_JANINE_HNS (프런티어 일반)	JANINE	src/data/battle_frontier/battle_frontier_trainers.h:2464	제외(디버그 전용 — 친구 Q8)	ID 300~319: GetRandomScaledFrontierTrainerId 범위(0~299, src/frontier_util.c:834-856) 밖, 참조는 data/scripts/debug.inc:241(BROCK)뿐 → 일반 진행에서 안 나옴. 이름 자체는 공식 확정(적용 시 그대로 사용)	도희 (게임 공식(HGSS))	일반 진행에서 나오게 되면 공식 이름 그대로 적용	HeartGoldSoulSilver/ko_msg.txt:33508 (hgss.729.257), Leader Janine
프런티어계 이름	FRONTIER_TRAINER_LEADER_MISTY_HNS (프런티어 일반)	MISTY	src/data/battle_frontier/battle_frontier_trainers.h:2472	제외(디버그 전용 — 친구 Q8)	ID 300~319: GetRandomScaledFrontierTrainerId 범위(0~299, src/frontier_util.c:834-856) 밖, 참조는 data/scripts/debug.inc:241(BROCK)뿐 → 일반 진행에서 안 나옴. 이름 자체는 공식 확정(적용 시 그대로 사용)	이슬 (게임 공식(HGSS))	일반 진행에서 나오게 되면 공식 이름 그대로 적용	HeartGoldSoulSilver/ko_msg.txt:33505 (hgss.729.254), Leader Misty
프런티어계 이름	FRONTIER_TRAINER_LEADER_BUGSY_HNS (프런티어 일반)	BUGSY	src/data/battle_frontier/battle_frontier_trainers.h:2480	제외(디버그 전용 — 친구 Q8)	ID 300~319: GetRandomScaledFrontierTrainerId 범위(0~299, src/frontier_util.c:834-856) 밖, 참조는 data/scripts/debug.inc:241(BROCK)뿐 → 일반 진행에서 안 나옴. 이름 자체는 공식 확정(적용 시 그대로 사용)	호일 (게임 공식(HGSS))	일반 진행에서 나오게 되면 공식 이름 그대로 적용	HeartGoldSoulSilver/ko_msg.txt:33272 (hgss.729.21), Leader Bugsy
프런티어계 이름	FRONTIER_TRAINER_LEADER_JASMINE_HNS (프런티어 일반)	JASMINE	src/data/battle_frontier/battle_frontier_trainers.h:2488	제외(디버그 전용 — 친구 Q8)	ID 300~319: GetRandomScaledFrontierTrainerId 범위(0~299, src/frontier_util.c:834-856) 밖, 참조는 data/scripts/debug.inc:241(BROCK)뿐 → 일반 진행에서 안 나옴. 이름 자체는 공식 확정(적용 시 그대로 사용)	규리 (게임 공식(HGSS))	일반 진행에서 나오게 되면 공식 이름 그대로 적용	HeartGoldSoulSilver/ko_msg.txt:33284 (hgss.729.33), Leader Jasmine
프런티어계 이름	FRONTIER_TRAINER_LEADER_RED_HNS (프런티어 일반)	RED	src/data/battle_frontier/battle_frontier_trainers.h:2496	제외(디버그 전용 — 친구 Q8)	ID 300~319: GetRandomScaledFrontierTrainerId 범위(0~299, src/frontier_util.c:834-856) 밖, 참조는 data/scripts/debug.inc:241(BROCK)뿐 → 일반 진행에서 안 나옴. 이름 자체는 공식 확정(적용 시 그대로 사용)	레드 (게임 공식(HGSS))	일반 진행에서 나오게 되면 공식 이름 그대로 적용	HeartGoldSoulSilver/ko_msg.txt:33511 (hgss.729.260), ⒆⒇ Trainer Red
프런티어계 이름	FRONTIER_TRAINER_LEADER_LEAF_HNS (프런티어 일반)	LEAF	src/data/battle_frontier/battle_frontier_trainers.h:2504	제외(디버그 전용 — 친구 Q8)	ID 300~319: GetRandomScaledFrontierTrainerId 범위(0~299, src/frontier_util.c:834-856) 밖, 참조는 data/scripts/debug.inc:241(BROCK)뿐 → 일반 진행에서 안 나옴. 이름 자체는 공식 확정(적용 시 그대로 사용)	리프 (게임 공식(마스터즈 EX, 우선순위 목록 밖))	일반 진행에서 나오게 되면 공식 이름 그대로 적용	masters:trainer_name_ko.json#ch0017
프런티어계 이름	FRONTIER_TRAINER_LEADER_BLUE_HNS (프런티어 일반)	BLUE	src/data/battle_frontier/battle_frontier_trainers.h:2512	제외(디버그 전용 — 친구 Q8)	ID 300~319: GetRandomScaledFrontierTrainerId 범위(0~299, src/frontier_util.c:834-856) 밖, 참조는 data/scripts/debug.inc:241(BROCK)뿐 → 일반 진행에서 안 나옴. 이름 자체는 공식 확정(적용 시 그대로 사용)	그린 (게임 공식(HGSS))	일반 진행에서 나오게 되면 공식 이름 그대로 적용	HeartGoldSoulSilver/ko_msg.txt:33512 (hgss.729.261), Leader Blue
프런티어계 이름	FRONTIER_TRAINER_LEADER_ERIKA_HNS (프런티어 일반)	ERIKA	src/data/battle_frontier/battle_frontier_trainers.h:2520	제외(디버그 전용 — 친구 Q8)	ID 300~319: GetRandomScaledFrontierTrainerId 범위(0~299, src/frontier_util.c:834-856) 밖, 참조는 data/scripts/debug.inc:241(BROCK)뿐 → 일반 진행에서 안 나옴. 이름 자체는 공식 확정(적용 시 그대로 사용)	민화 (게임 공식(HGSS))	일반 진행에서 나오게 되면 공식 이름 그대로 적용	HeartGoldSoulSilver/ko_msg.txt:33507 (hgss.729.256), Leader Erika
프런티어계 이름	FRONTIER_TRAINER_LEADER_PRYCE_HNS (프런티어 일반)	PRYCE	src/data/battle_frontier/battle_frontier_trainers.h:2528	제외(디버그 전용 — 친구 Q8)	ID 300~319: GetRandomScaledFrontierTrainerId 범위(0~299, src/frontier_util.c:834-856) 밖, 참조는 data/scripts/debug.inc:241(BROCK)뿐 → 일반 진행에서 안 나옴. 이름 자체는 공식 확정(적용 시 그대로 사용)	류옹 (게임 공식(HGSS))	일반 진행에서 나오게 되면 공식 이름 그대로 적용	HeartGoldSoulSilver/ko_msg.txt:33283 (hgss.729.32), Leader Pryce
프런티어계 이름	FRONTIER_TRAINER_LEADER_MORTY_HNS (프런티어 일반)	MORTY	src/data/battle_frontier/battle_frontier_trainers.h:2536	제외(디버그 전용 — 친구 Q8)	ID 300~319: GetRandomScaledFrontierTrainerId 범위(0~299, src/frontier_util.c:834-856) 밖, 참조는 data/scripts/debug.inc:241(BROCK)뿐 → 일반 진행에서 안 나옴. 이름 자체는 공식 확정(적용 시 그대로 사용)	유빈 (게임 공식(HGSS))	일반 진행에서 나오게 되면 공식 이름 그대로 적용	HeartGoldSoulSilver/ko_msg.txt:33282 (hgss.729.31), Leader Morty
프런티어계 이름	FRONTIER_TRAINER_LEADER_CLAIR_HNS (프런티어 일반)	CLAIR	src/data/battle_frontier/battle_frontier_trainers.h:2544	제외(디버그 전용 — 친구 Q8)	ID 300~319: GetRandomScaledFrontierTrainerId 범위(0~299, src/frontier_util.c:834-856) 밖, 참조는 data/scripts/debug.inc:241(BROCK)뿐 → 일반 진행에서 안 나옴. 이름 자체는 공식 확정(적용 시 그대로 사용)	이향 (게임 공식(HGSS))	일반 진행에서 나오게 되면 공식 이름 그대로 적용	HeartGoldSoulSilver/ko_msg.txt:33286 (hgss.729.35), Leader Clair
프런티어계 이름	FRONTIER_TRAINER_CHAMPION_LANCE_HNS (프런티어 일반)	LANCE	src/data/battle_frontier/battle_frontier_trainers.h:2552	제외(디버그 전용 — 친구 Q8)	ID 300~319: GetRandomScaledFrontierTrainerId 범위(0~299, src/frontier_util.c:834-856) 밖, 참조는 data/scripts/debug.inc:241(BROCK)뿐 → 일반 진행에서 안 나옴. 이름 자체는 공식 확정(적용 시 그대로 사용)	목호 (게임 공식(HGSS))	일반 진행에서 나오게 되면 공식 이름 그대로 적용	HeartGoldSoulSilver/ko_msg.txt:33495 (hgss.729.244), Champion Lance
프런티어계 이름	FRONTIER_TRAINER_CHAMPION_STEVEN_HNS (프런티어 일반)	STEVEN	src/data/battle_frontier/battle_frontier_trainers.h:2560	제외(디버그 전용 — 친구 Q8)	ID 300~319: GetRandomScaledFrontierTrainerId 범위(0~299, src/frontier_util.c:834-856) 밖, 참조는 data/scripts/debug.inc:241(BROCK)뿐 → 일반 진행에서 안 나옴. 이름 자체는 공식 확정(적용 시 그대로 사용)	성호 (게임 공식(ORAS))	일반 진행에서 나오게 되면 공식 이름 그대로 적용	OmegaRubyAlphaSapphire/ko_common.txt:8299 (oras.common.22.557); 마스터즈 EX ch0090=성호
프런티어계 이름	line 376 (트레이너힐(HnS 세트, 참고))	SABINE	src/data/battle_frontier/trainer_hill.h:376	보류(범위 밖 — 공식·팬번역 없음)	이번 P2 범위(프런티어·텐트·견습생·브레인) 밖. pokeemerald-kr 트레이너힐은 다른 세트(일본어판 이름)		트레이너힐 이름 범위를 정하면 검토(공식·팬번역 없음)	
프런티어계 이름	line 509 (트레이너힐(HnS 세트, 참고))	RYDER	src/data/battle_frontier/trainer_hill.h:509	보류(범위 밖 — 공식·팬번역 없음)	이번 P2 범위(프런티어·텐트·견습생·브레인) 밖. pokeemerald-kr 트레이너힐은 다른 세트(일본어판 이름)		트레이너힐 이름 범위를 정하면 검토(공식·팬번역 없음)	
프런티어계 이름	line 656 (트레이너힐(HnS 세트, 참고))	DAICHI	src/data/battle_frontier/trainer_hill.h:656	보류(범위 밖 — 공식·팬번역 없음)	이번 P2 범위(프런티어·텐트·견습생·브레인) 밖. pokeemerald-kr 트레이너힐은 다른 세트(일본어판 이름)		트레이너힐 이름 범위를 정하면 검토(공식·팬번역 없음)	
프런티어계 이름	line 788 (트레이너힐(HnS 세트, 참고))	MIRANDA	src/data/battle_frontier/trainer_hill.h:788	보류(범위 밖 — 공식·팬번역 없음)	이번 P2 범위(프런티어·텐트·견습생·브레인) 밖. pokeemerald-kr 트레이너힐은 다른 세트(일본어판 이름)		트레이너힐 이름 범위를 정하면 검토(공식·팬번역 없음)	
프런티어계 이름	line 935 (트레이너힐(HnS 세트, 참고))	TANNER	src/data/battle_frontier/trainer_hill.h:935	보류(범위 밖 — 공식·팬번역 없음)	이번 P2 범위(프런티어·텐트·견습생·브레인) 밖. pokeemerald-kr 트레이너힐은 다른 세트(일본어판 이름)		트레이너힐 이름 범위를 정하면 검토(공식·팬번역 없음)	
프런티어계 이름	line 1067 (트레이너힐(HnS 세트, 참고))	LENORA	src/data/battle_frontier/trainer_hill.h:1067	보류(범위 밖 — 공식·팬번역 없음)	이번 P2 범위(프런티어·텐트·견습생·브레인) 밖. pokeemerald-kr 트레이너힐은 다른 세트(일본어판 이름)		트레이너힐 이름 범위를 정하면 검토(공식·팬번역 없음)	
프런티어계 이름	line 1213 (트레이너힐(HnS 세트, 참고))	MARLIN	src/data/battle_frontier/trainer_hill.h:1213	보류(범위 밖 — 공식·팬번역 없음)	이번 P2 범위(프런티어·텐트·견습생·브레인) 밖. pokeemerald-kr 트레이너힐은 다른 세트(일본어판 이름)		트레이너힐 이름 범위를 정하면 검토(공식·팬번역 없음)	
프런티어계 이름	line 1344 (트레이너힐(HnS 세트, 참고))	LILIAN	src/data/battle_frontier/trainer_hill.h:1344	보류(범위 밖 — 공식·팬번역 없음)	이번 P2 범위(프런티어·텐트·견습생·브레인) 밖. pokeemerald-kr 트레이너힐은 다른 세트(일본어판 이름)		트레이너힐 이름 범위를 정하면 검토(공식·팬번역 없음)	
프런티어계 이름	line 1502 (트레이너힐(HnS 세트, 참고))	REGINALD	src/data/battle_frontier/trainer_hill.h:1502	보류(범위 밖 — 공식·팬번역 없음)	이번 P2 범위(프런티어·텐트·견습생·브레인) 밖. pokeemerald-kr 트레이너힐은 다른 세트(일본어판 이름)		트레이너힐 이름 범위를 정하면 검토(공식·팬번역 없음)	
프런티어계 이름	line 1634 (트레이너힐(HnS 세트, 참고))	MARTINA	src/data/battle_frontier/trainer_hill.h:1634	보류(범위 밖 — 공식·팬번역 없음)	이번 P2 범위(프런티어·텐트·견습생·브레인) 밖. pokeemerald-kr 트레이너힐은 다른 세트(일본어판 이름)		트레이너힐 이름 범위를 정하면 검토(공식·팬번역 없음)	
프런티어계 이름	line 1782 (트레이너힐(HnS 세트, 참고))	FELICIA	src/data/battle_frontier/trainer_hill.h:1782	보류(범위 밖 — 공식·팬번역 없음)	이번 P2 범위(프런티어·텐트·견습생·브레인) 밖. pokeemerald-kr 트레이너힐은 다른 세트(일본어판 이름)		트레이너힐 이름 범위를 정하면 검토(공식·팬번역 없음)	
프런티어계 이름	line 1932 (트레이너힐(HnS 세트, 참고))	GILES	src/data/battle_frontier/trainer_hill.h:1932	보류(범위 밖 — 공식·팬번역 없음)	이번 P2 범위(프런티어·텐트·견습생·브레인) 밖. pokeemerald-kr 트레이너힐은 다른 세트(일본어판 이름)		트레이너힐 이름 범위를 정하면 검토(공식·팬번역 없음)	
프런티어계 이름	line 2080 (트레이너힐(HnS 세트, 참고))	PRESTON	src/data/battle_frontier/trainer_hill.h:2080	보류(범위 밖 — 공식·팬번역 없음)	이번 P2 범위(프런티어·텐트·견습생·브레인) 밖. pokeemerald-kr 트레이너힐은 다른 세트(일본어판 이름)		트레이너힐 이름 범위를 정하면 검토(공식·팬번역 없음)	
프런티어계 이름	line 2212 (트레이너힐(HnS 세트, 참고))	CLARISSA	src/data/battle_frontier/trainer_hill.h:2212	보류(범위 밖 — 공식·팬번역 없음)	이번 P2 범위(프런티어·텐트·견습생·브레인) 밖. pokeemerald-kr 트레이너힐은 다른 세트(일본어판 이름)		트레이너힐 이름 범위를 정하면 검토(공식·팬번역 없음)	
프런티어계 이름	line 2359 (트레이너힐(HnS 세트, 참고))	HENRY	src/data/battle_frontier/trainer_hill.h:2359	보류(범위 밖 — 공식·팬번역 없음)	이번 P2 범위(프런티어·텐트·견습생·브레인) 밖. pokeemerald-kr 트레이너힐은 다른 세트(일본어판 이름)		트레이너힐 이름 범위를 정하면 검토(공식·팬번역 없음)	
프런티어계 이름	line 2488 (트레이너힐(HnS 세트, 참고))	ENRIC	src/data/battle_frontier/trainer_hill.h:2488	보류(범위 밖 — 공식·팬번역 없음)	이번 P2 범위(프런티어·텐트·견습생·브레인) 밖. pokeemerald-kr 트레이너힐은 다른 세트(일본어판 이름)		트레이너힐 이름 범위를 정하면 검토(공식·팬번역 없음)	
프런티어계 이름	line 2643 (트레이너힐(HnS 세트, 참고))	CORNELIA	src/data/battle_frontier/trainer_hill.h:2643	보류(범위 밖 — 공식·팬번역 없음)	이번 P2 범위(프런티어·텐트·견습생·브레인) 밖. pokeemerald-kr 트레이너힐은 다른 세트(일본어판 이름)		트레이너힐 이름 범위를 정하면 검토(공식·팬번역 없음)	
프런티어계 이름	line 2775 (트레이너힐(HnS 세트, 참고))	IGNIS	src/data/battle_frontier/trainer_hill.h:2775	보류(범위 밖 — 공식·팬번역 없음)	이번 P2 범위(프런티어·텐트·견습생·브레인) 밖. pokeemerald-kr 트레이너힐은 다른 세트(일본어판 이름)		트레이너힐 이름 범위를 정하면 검토(공식·팬번역 없음)	
프런티어계 이름	line 2922 (트레이너힐(HnS 세트, 참고))	ABRAHAM	src/data/battle_frontier/trainer_hill.h:2922	보류(범위 밖 — 공식·팬번역 없음)	이번 P2 범위(프런티어·텐트·견습생·브레인) 밖. pokeemerald-kr 트레이너힐은 다른 세트(일본어판 이름)		트레이너힐 이름 범위를 정하면 검토(공식·팬번역 없음)	
프런티어계 이름	line 3054 (트레이너힐(HnS 세트, 참고))	LUCAS	src/data/battle_frontier/trainer_hill.h:3054	보류(범위 밖 — 공식·팬번역 없음)	이번 P2 범위(프런티어·텐트·견습생·브레인) 밖. pokeemerald-kr 트레이너힐은 다른 세트(일본어판 이름)		트레이너힐 이름 범위를 정하면 검토(공식·팬번역 없음)	
프런티어계 이름	line 3202 (트레이너힐(HnS 세트, 참고))	BREYDEN	src/data/battle_frontier/trainer_hill.h:3202	보류(범위 밖 — 공식·팬번역 없음)	이번 P2 범위(프런티어·텐트·견습생·브레인) 밖. pokeemerald-kr 트레이너힐은 다른 세트(일본어판 이름)		트레이너힐 이름 범위를 정하면 검토(공식·팬번역 없음)	
프런티어계 이름	line 3333 (트레이너힐(HnS 세트, 참고))	ANITA	src/data/battle_frontier/trainer_hill.h:3333	보류(범위 밖 — 공식·팬번역 없음)	이번 P2 범위(프런티어·텐트·견습생·브레인) 밖. pokeemerald-kr 트레이너힐은 다른 세트(일본어판 이름)		트레이너힐 이름 범위를 정하면 검토(공식·팬번역 없음)	
프런티어계 이름	line 3480 (트레이너힐(HnS 세트, 참고))	JOHN DOE	src/data/battle_frontier/trainer_hill.h:3480	보류(범위 밖 — 공식·팬번역 없음)	이번 P2 범위(프런티어·텐트·견습생·브레인) 밖. pokeemerald-kr 트레이너힐은 다른 세트(일본어판 이름)		트레이너힐 이름 범위를 정하면 검토(공식·팬번역 없음)	
프런티어계 이름	line 3609 (트레이너힐(HnS 세트, 참고))	LUCIANA	src/data/battle_frontier/trainer_hill.h:3609	보류(범위 밖 — 공식·팬번역 없음)	이번 P2 범위(프런티어·텐트·견습생·브레인) 밖. pokeemerald-kr 트레이너힐은 다른 세트(일본어판 이름)		트레이너힐 이름 범위를 정하면 검토(공식·팬번역 없음)	
프런티어계 이름	line 3762 (트레이너힐(HnS 세트, 참고))	DEAN	src/data/battle_frontier/trainer_hill.h:3762	보류(범위 밖 — 공식·팬번역 없음)	이번 P2 범위(프런티어·텐트·견습생·브레인) 밖. pokeemerald-kr 트레이너힐은 다른 세트(일본어판 이름)		트레이너힐 이름 범위를 정하면 검토(공식·팬번역 없음)	
프런티어계 이름	line 3894 (트레이너힐(HnS 세트, 참고))	SABER	src/data/battle_frontier/trainer_hill.h:3894	보류(범위 밖 — 공식·팬번역 없음)	이번 P2 범위(프런티어·텐트·견습생·브레인) 밖. pokeemerald-kr 트레이너힐은 다른 세트(일본어판 이름)		트레이너힐 이름 범위를 정하면 검토(공식·팬번역 없음)	
프런티어계 이름	line 4041 (트레이너힐(HnS 세트, 참고))	GUTS	src/data/battle_frontier/trainer_hill.h:4041	보류(범위 밖 — 공식·팬번역 없음)	이번 P2 범위(프런티어·텐트·견습생·브레인) 밖. pokeemerald-kr 트레이너힐은 다른 세트(일본어판 이름)		트레이너힐 이름 범위를 정하면 검토(공식·팬번역 없음)	
프런티어계 이름	line 4173 (트레이너힐(HnS 세트, 참고))	ALICE	src/data/battle_frontier/trainer_hill.h:4173	보류(범위 밖 — 공식·팬번역 없음)	이번 P2 범위(프런티어·텐트·견습생·브레인) 밖. pokeemerald-kr 트레이너힐은 다른 세트(일본어판 이름)		트레이너힐 이름 범위를 정하면 검토(공식·팬번역 없음)	
프런티어계 이름	line 4320 (트레이너힐(HnS 세트, 참고))	TERRY	src/data/battle_frontier/trainer_hill.h:4320	보류(범위 밖 — 공식·팬번역 없음)	이번 P2 범위(프런티어·텐트·견습생·브레인) 밖. pokeemerald-kr 트레이너힐은 다른 세트(일본어판 이름)		트레이너힐 이름 범위를 정하면 검토(공식·팬번역 없음)	
프런티어계 이름	line 4452 (트레이너힐(HnS 세트, 참고))	CARLA	src/data/battle_frontier/trainer_hill.h:4452	보류(범위 밖 — 공식·팬번역 없음)	이번 P2 범위(프런티어·텐트·견습생·브레인) 밖. pokeemerald-kr 트레이너힐은 다른 세트(일본어판 이름)		트레이너힐 이름 범위를 정하면 검토(공식·팬번역 없음)	
프런티어계 이름	line 4599 (트레이너힐(HnS 세트, 참고))	NORI	src/data/battle_frontier/trainer_hill.h:4599	보류(범위 밖 — 공식·팬번역 없음)	이번 P2 범위(프런티어·텐트·견습생·브레인) 밖. pokeemerald-kr 트레이너힐은 다른 세트(일본어판 이름)		트레이너힐 이름 범위를 정하면 검토(공식·팬번역 없음)	
프런티어계 이름	line 4732 (트레이너힐(HnS 세트, 참고))	GAVITE	src/data/battle_frontier/trainer_hill.h:4732	보류(범위 밖 — 공식·팬번역 없음)	이번 P2 범위(프런티어·텐트·견습생·브레인) 밖. pokeemerald-kr 트레이너힐은 다른 세트(일본어판 이름)		트레이너힐 이름 범위를 정하면 검토(공식·팬번역 없음)	
