묶음	HGSS 오버월드(원작)	원작 그림 참고	GSC 오버월드(참고)	트레이너(같은 오브젝트 항목)	HnS 맵 #오브젝트 (x,y)	현재 graphics_id → PNG	현재 graphics_id의 다른 사용처(전체 수, 이 오브젝트 포함)	기존 HnS 그림으로 대체	대체 graphics_id의 기존 사용처(바뀌지 않음)	새 그림 필요	공개 에셋(허가·크레딧·일치·규격)	새 graphics_id 등록 시 영향	제안
포켓몬 매니아(우선 3종)	SPRITE_MANIA	Bulbapedia Poké_Maniac_IV_OD.png(32x32, SHA1 18fe1975) — 검은 머리·흰 셔츠·초록 하의	SPRITE_SUPER_NERD(금은·크리스탈) — HnS는 GSC를 따른 것	LARRY	UnionCave_1F_hns #7 (7,31)	SUPER_NERD_HNS → super_nerd_hns.png	스토리맵 37(트레이너 18)·프런티어계 맵 9·C src/battle_pike.c:422, src/battle_tower.c:82, src/battle_tower.c:88, src/battle_tower.c:103	-	-	예(원작과 같은 HnS 그림 없음. SUPER_NERD_HNS는 머리·흰 셔츠가 비슷하나 안경·하의 색 다름, 에메랄드 maniac.png·FRLG poke_maniac_frlg.png도 원작 아님)	Delta231 "poke_maniac.png"(TAH /Overworld Trainer Sprites/Delta231s Collaborative HGSS Resource/Delta231/, 원 스레드 https://www.pokecommunity.com/showthread.php?t=408123 "HGSS Overworld Sprite in FR Style" 2018-04-24) — 허가 원문 "You are allowed to use any OW from this thread but remember to credit this resource." + TAH 기본 "free to use and edit" → 사용 가능(크레딧: Delta231·스레드). 원작 일치: 부분(공룡 옷 머리를 씀 — 배틀 그림 기준, HGSS 오버월드는 머리 안 씀). 규격 160x32 RGB 불투명 13색(10프레임 16x32) → 인덱스화·프레임 순서 확인, FR 화풍	새 ID를 목록 끝(현재 547 다음)에 추가하고 이 오브젝트들의 map.json graphics_id만 바꾸면 다른 NPC·프런티어 대응표(src/battle_tower.c IS_HNS 표)·배틀파이크 NPC는 바뀌지 않음. 기존 PNG를 덮어쓰면 왼쪽 "다른 사용처"가 모두 바뀌므로 금지. 주의: OBJ_EVENT_GFX_VARS = NUM_OBJ_EVENT_GFX+1이라 ID를 늘리면 VAR 번호도 밀림(지금까지 HnS 추가분과 같은 방식, 세이브 영향은 구현 때 확인) → 영향은 매니아 12오브젝트뿐	보류: 새 그림(공개 에셋 Delta231 또는 친구 제작) 결정 전까지 현재 유지
포켓몬 매니아(우선 3종)	SPRITE_MANIA	Bulbapedia Poké_Maniac_IV_OD.png(32x32, SHA1 18fe1975) — 검은 머리·흰 셔츠·초록 하의	SPRITE_SUPER_NERD(금은·크리스탈) — HnS는 GSC를 따른 것	ANDREW	UnionCave_B1F_hns #7 (3,44)	SUPER_NERD_HNS → super_nerd_hns.png	스토리맵 37(트레이너 18)·프런티어계 맵 9·C src/battle_pike.c:422, src/battle_tower.c:82, src/battle_tower.c:88, src/battle_tower.c:103	-	-	예(원작과 같은 HnS 그림 없음. SUPER_NERD_HNS는 머리·흰 셔츠가 비슷하나 안경·하의 색 다름, 에메랄드 maniac.png·FRLG poke_maniac_frlg.png도 원작 아님)	Delta231 "poke_maniac.png"(TAH /Overworld Trainer Sprites/Delta231s Collaborative HGSS Resource/Delta231/, 원 스레드 https://www.pokecommunity.com/showthread.php?t=408123 "HGSS Overworld Sprite in FR Style" 2018-04-24) — 허가 원문 "You are allowed to use any OW from this thread but remember to credit this resource." + TAH 기본 "free to use and edit" → 사용 가능(크레딧: Delta231·스레드). 원작 일치: 부분(공룡 옷 머리를 씀 — 배틀 그림 기준, HGSS 오버월드는 머리 안 씀). 규격 160x32 RGB 불투명 13색(10프레임 16x32) → 인덱스화·프레임 순서 확인, FR 화풍	새 ID를 목록 끝(현재 547 다음)에 추가하고 이 오브젝트들의 map.json graphics_id만 바꾸면 다른 NPC·프런티어 대응표(src/battle_tower.c IS_HNS 표)·배틀파이크 NPC는 바뀌지 않음. 기존 PNG를 덮어쓰면 왼쪽 "다른 사용처"가 모두 바뀌므로 금지. 주의: OBJ_EVENT_GFX_VARS = NUM_OBJ_EVENT_GFX+1이라 ID를 늘리면 VAR 번호도 밀림(지금까지 HnS 추가분과 같은 방식, 세이브 영향은 구현 때 확인) → 영향은 매니아 12오브젝트뿐	보류: 새 그림(공개 에셋 Delta231 또는 친구 제작) 결정 전까지 현재 유지
포켓몬 매니아(우선 3종)	SPRITE_MANIA	Bulbapedia Poké_Maniac_IV_OD.png(32x32, SHA1 18fe1975) — 검은 머리·흰 셔츠·초록 하의	SPRITE_SUPER_NERD(금은·크리스탈) — HnS는 GSC를 따른 것	CALVIN	UnionCave_B1F_hns #6 (20,39)	SUPER_NERD_HNS → super_nerd_hns.png	스토리맵 37(트레이너 18)·프런티어계 맵 9·C src/battle_pike.c:422, src/battle_tower.c:82, src/battle_tower.c:88, src/battle_tower.c:103	-	-	예(원작과 같은 HnS 그림 없음. SUPER_NERD_HNS는 머리·흰 셔츠가 비슷하나 안경·하의 색 다름, 에메랄드 maniac.png·FRLG poke_maniac_frlg.png도 원작 아님)	Delta231 "poke_maniac.png"(TAH /Overworld Trainer Sprites/Delta231s Collaborative HGSS Resource/Delta231/, 원 스레드 https://www.pokecommunity.com/showthread.php?t=408123 "HGSS Overworld Sprite in FR Style" 2018-04-24) — 허가 원문 "You are allowed to use any OW from this thread but remember to credit this resource." + TAH 기본 "free to use and edit" → 사용 가능(크레딧: Delta231·스레드). 원작 일치: 부분(공룡 옷 머리를 씀 — 배틀 그림 기준, HGSS 오버월드는 머리 안 씀). 규격 160x32 RGB 불투명 13색(10프레임 16x32) → 인덱스화·프레임 순서 확인, FR 화풍	새 ID를 목록 끝(현재 547 다음)에 추가하고 이 오브젝트들의 map.json graphics_id만 바꾸면 다른 NPC·프런티어 대응표(src/battle_tower.c IS_HNS 표)·배틀파이크 NPC는 바뀌지 않음. 기존 PNG를 덮어쓰면 왼쪽 "다른 사용처"가 모두 바뀌므로 금지. 주의: OBJ_EVENT_GFX_VARS = NUM_OBJ_EVENT_GFX+1이라 ID를 늘리면 VAR 번호도 밀림(지금까지 HnS 추가분과 같은 방식, 세이브 영향은 구현 때 확인) → 영향은 매니아 12오브젝트뿐	보류: 새 그림(공개 에셋 Delta231 또는 친구 제작) 결정 전까지 현재 유지
포켓몬 매니아(우선 3종)	SPRITE_MANIA	Bulbapedia Poké_Maniac_IV_OD.png(32x32, SHA1 18fe1975) — 검은 머리·흰 셔츠·초록 하의	SPRITE_SUPER_NERD(금은·크리스탈) — HnS는 GSC를 따른 것	SHANE	Route42_hns #5 (77,11)	SUPER_NERD_HNS → super_nerd_hns.png	스토리맵 37(트레이너 18)·프런티어계 맵 9·C src/battle_pike.c:422, src/battle_tower.c:82, src/battle_tower.c:88, src/battle_tower.c:103	-	-	예(원작과 같은 HnS 그림 없음. SUPER_NERD_HNS는 머리·흰 셔츠가 비슷하나 안경·하의 색 다름, 에메랄드 maniac.png·FRLG poke_maniac_frlg.png도 원작 아님)	Delta231 "poke_maniac.png"(TAH /Overworld Trainer Sprites/Delta231s Collaborative HGSS Resource/Delta231/, 원 스레드 https://www.pokecommunity.com/showthread.php?t=408123 "HGSS Overworld Sprite in FR Style" 2018-04-24) — 허가 원문 "You are allowed to use any OW from this thread but remember to credit this resource." + TAH 기본 "free to use and edit" → 사용 가능(크레딧: Delta231·스레드). 원작 일치: 부분(공룡 옷 머리를 씀 — 배틀 그림 기준, HGSS 오버월드는 머리 안 씀). 규격 160x32 RGB 불투명 13색(10프레임 16x32) → 인덱스화·프레임 순서 확인, FR 화풍	새 ID를 목록 끝(현재 547 다음)에 추가하고 이 오브젝트들의 map.json graphics_id만 바꾸면 다른 NPC·프런티어 대응표(src/battle_tower.c IS_HNS 표)·배틀파이크 NPC는 바뀌지 않음. 기존 PNG를 덮어쓰면 왼쪽 "다른 사용처"가 모두 바뀌므로 금지. 주의: OBJ_EVENT_GFX_VARS = NUM_OBJ_EVENT_GFX+1이라 ID를 늘리면 VAR 번호도 밀림(지금까지 HnS 추가분과 같은 방식, 세이브 영향은 구현 때 확인) → 영향은 매니아 12오브젝트뿐	보류: 새 그림(공개 에셋 Delta231 또는 친구 제작) 결정 전까지 현재 유지
포켓몬 매니아(우선 3종)	SPRITE_MANIA	Bulbapedia Poké_Maniac_IV_OD.png(32x32, SHA1 18fe1975) — 검은 머리·흰 셔츠·초록 하의	SPRITE_SUPER_NERD(금은·크리스탈) — HnS는 GSC를 따른 것	BEN	Route43_hns #3 (16,16)	FAT_MAN_HNS → fat_man_hns.png	스토리맵 37(트레이너 2)·프런티어계 맵 12·C src/battle_pike.c:292	-	-	예(원작과 같은 HnS 그림 없음. SUPER_NERD_HNS는 머리·흰 셔츠가 비슷하나 안경·하의 색 다름, 에메랄드 maniac.png·FRLG poke_maniac_frlg.png도 원작 아님)	Delta231 "poke_maniac.png"(TAH /Overworld Trainer Sprites/Delta231s Collaborative HGSS Resource/Delta231/, 원 스레드 https://www.pokecommunity.com/showthread.php?t=408123 "HGSS Overworld Sprite in FR Style" 2018-04-24) — 허가 원문 "You are allowed to use any OW from this thread but remember to credit this resource." + TAH 기본 "free to use and edit" → 사용 가능(크레딧: Delta231·스레드). 원작 일치: 부분(공룡 옷 머리를 씀 — 배틀 그림 기준, HGSS 오버월드는 머리 안 씀). 규격 160x32 RGB 불투명 13색(10프레임 16x32) → 인덱스화·프레임 순서 확인, FR 화풍	새 ID를 목록 끝(현재 547 다음)에 추가하고 이 오브젝트들의 map.json graphics_id만 바꾸면 다른 NPC·프런티어 대응표(src/battle_tower.c IS_HNS 표)·배틀파이크 NPC는 바뀌지 않음. 기존 PNG를 덮어쓰면 왼쪽 "다른 사용처"가 모두 바뀌므로 금지. 주의: OBJ_EVENT_GFX_VARS = NUM_OBJ_EVENT_GFX+1이라 ID를 늘리면 VAR 번호도 밀림(지금까지 HnS 추가분과 같은 방식, 세이브 영향은 구현 때 확인) → 영향은 매니아 12오브젝트뿐	보류: 새 그림(공개 에셋 Delta231 또는 친구 제작) 결정 전까지 현재 유지
포켓몬 매니아(우선 3종)	SPRITE_MANIA	Bulbapedia Poké_Maniac_IV_OD.png(32x32, SHA1 18fe1975) — 검은 머리·흰 셔츠·초록 하의	SPRITE_SUPER_NERD(금은·크리스탈) — HnS는 GSC를 따른 것	BRENT, BRENT_2~4	Route43_hns #18 (23,20)	SUPER_NERD_HNS → super_nerd_hns.png	스토리맵 37(트레이너 18)·프런티어계 맵 9·C src/battle_pike.c:422, src/battle_tower.c:82, src/battle_tower.c:88, src/battle_tower.c:103	-	-	예(원작과 같은 HnS 그림 없음. SUPER_NERD_HNS는 머리·흰 셔츠가 비슷하나 안경·하의 색 다름, 에메랄드 maniac.png·FRLG poke_maniac_frlg.png도 원작 아님)	Delta231 "poke_maniac.png"(TAH /Overworld Trainer Sprites/Delta231s Collaborative HGSS Resource/Delta231/, 원 스레드 https://www.pokecommunity.com/showthread.php?t=408123 "HGSS Overworld Sprite in FR Style" 2018-04-24) — 허가 원문 "You are allowed to use any OW from this thread but remember to credit this resource." + TAH 기본 "free to use and edit" → 사용 가능(크레딧: Delta231·스레드). 원작 일치: 부분(공룡 옷 머리를 씀 — 배틀 그림 기준, HGSS 오버월드는 머리 안 씀). 규격 160x32 RGB 불투명 13색(10프레임 16x32) → 인덱스화·프레임 순서 확인, FR 화풍	새 ID를 목록 끝(현재 547 다음)에 추가하고 이 오브젝트들의 map.json graphics_id만 바꾸면 다른 NPC·프런티어 대응표(src/battle_tower.c IS_HNS 표)·배틀파이크 NPC는 바뀌지 않음. 기존 PNG를 덮어쓰면 왼쪽 "다른 사용처"가 모두 바뀌므로 금지. 주의: OBJ_EVENT_GFX_VARS = NUM_OBJ_EVENT_GFX+1이라 ID를 늘리면 VAR 번호도 밀림(지금까지 HnS 추가분과 같은 방식, 세이브 영향은 구현 때 확인) → 영향은 매니아 12오브젝트뿐	보류: 새 그림(공개 에셋 Delta231 또는 친구 제작) 결정 전까지 현재 유지
포켓몬 매니아(우선 3종)	SPRITE_MANIA	Bulbapedia Poké_Maniac_IV_OD.png(32x32, SHA1 18fe1975) — 검은 머리·흰 셔츠·초록 하의	SPRITE_SUPER_NERD(금은·크리스탈) — HnS는 GSC를 따른 것	RON	Route43_hns #17 (25,24)	SUPER_NERD_HNS → super_nerd_hns.png	스토리맵 37(트레이너 18)·프런티어계 맵 9·C src/battle_pike.c:422, src/battle_tower.c:82, src/battle_tower.c:88, src/battle_tower.c:103	-	-	예(원작과 같은 HnS 그림 없음. SUPER_NERD_HNS는 머리·흰 셔츠가 비슷하나 안경·하의 색 다름, 에메랄드 maniac.png·FRLG poke_maniac_frlg.png도 원작 아님)	Delta231 "poke_maniac.png"(TAH /Overworld Trainer Sprites/Delta231s Collaborative HGSS Resource/Delta231/, 원 스레드 https://www.pokecommunity.com/showthread.php?t=408123 "HGSS Overworld Sprite in FR Style" 2018-04-24) — 허가 원문 "You are allowed to use any OW from this thread but remember to credit this resource." + TAH 기본 "free to use and edit" → 사용 가능(크레딧: Delta231·스레드). 원작 일치: 부분(공룡 옷 머리를 씀 — 배틀 그림 기준, HGSS 오버월드는 머리 안 씀). 규격 160x32 RGB 불투명 13색(10프레임 16x32) → 인덱스화·프레임 순서 확인, FR 화풍	새 ID를 목록 끝(현재 547 다음)에 추가하고 이 오브젝트들의 map.json graphics_id만 바꾸면 다른 NPC·프런티어 대응표(src/battle_tower.c IS_HNS 표)·배틀파이크 NPC는 바뀌지 않음. 기존 PNG를 덮어쓰면 왼쪽 "다른 사용처"가 모두 바뀌므로 금지. 주의: OBJ_EVENT_GFX_VARS = NUM_OBJ_EVENT_GFX+1이라 ID를 늘리면 VAR 번호도 밀림(지금까지 HnS 추가분과 같은 방식, 세이브 영향은 구현 때 확인) → 영향은 매니아 12오브젝트뿐	보류: 새 그림(공개 에셋 Delta231 또는 친구 제작) 결정 전까지 현재 유지
포켓몬 매니아(우선 3종)	SPRITE_MANIA	Bulbapedia Poké_Maniac_IV_OD.png(32x32, SHA1 18fe1975) — 검은 머리·흰 셔츠·초록 하의	SPRITE_SUPER_NERD(금은·크리스탈) — HnS는 GSC를 따른 것	ETHAN	SSAqua_RoomNE_hns #2 (4,2)	SUPER_NERD_HNS → super_nerd_hns.png	스토리맵 37(트레이너 18)·프런티어계 맵 9·C src/battle_pike.c:422, src/battle_tower.c:82, src/battle_tower.c:88, src/battle_tower.c:103	-	-	예(원작과 같은 HnS 그림 없음. SUPER_NERD_HNS는 머리·흰 셔츠가 비슷하나 안경·하의 색 다름, 에메랄드 maniac.png·FRLG poke_maniac_frlg.png도 원작 아님)	Delta231 "poke_maniac.png"(TAH /Overworld Trainer Sprites/Delta231s Collaborative HGSS Resource/Delta231/, 원 스레드 https://www.pokecommunity.com/showthread.php?t=408123 "HGSS Overworld Sprite in FR Style" 2018-04-24) — 허가 원문 "You are allowed to use any OW from this thread but remember to credit this resource." + TAH 기본 "free to use and edit" → 사용 가능(크레딧: Delta231·스레드). 원작 일치: 부분(공룡 옷 머리를 씀 — 배틀 그림 기준, HGSS 오버월드는 머리 안 씀). 규격 160x32 RGB 불투명 13색(10프레임 16x32) → 인덱스화·프레임 순서 확인, FR 화풍	새 ID를 목록 끝(현재 547 다음)에 추가하고 이 오브젝트들의 map.json graphics_id만 바꾸면 다른 NPC·프런티어 대응표(src/battle_tower.c IS_HNS 표)·배틀파이크 NPC는 바뀌지 않음. 기존 PNG를 덮어쓰면 왼쪽 "다른 사용처"가 모두 바뀌므로 금지. 주의: OBJ_EVENT_GFX_VARS = NUM_OBJ_EVENT_GFX+1이라 ID를 늘리면 VAR 번호도 밀림(지금까지 HnS 추가분과 같은 방식, 세이브 영향은 구현 때 확인) → 영향은 매니아 12오브젝트뿐	보류: 새 그림(공개 에셋 Delta231 또는 친구 제작) 결정 전까지 현재 유지
포켓몬 매니아(우선 3종)	SPRITE_MANIA	Bulbapedia Poké_Maniac_IV_OD.png(32x32, SHA1 18fe1975) — 검은 머리·흰 셔츠·초록 하의	SPRITE_SUPER_NERD(금은·크리스탈) — HnS는 GSC를 따른 것	ISSAC	GoldenrodCity_UndergroundTunnel_hns #1 (4,30)	SUPER_NERD_HNS → super_nerd_hns.png	스토리맵 37(트레이너 18)·프런티어계 맵 9·C src/battle_pike.c:422, src/battle_tower.c:82, src/battle_tower.c:88, src/battle_tower.c:103	-	-	예(원작과 같은 HnS 그림 없음. SUPER_NERD_HNS는 머리·흰 셔츠가 비슷하나 안경·하의 색 다름, 에메랄드 maniac.png·FRLG poke_maniac_frlg.png도 원작 아님)	Delta231 "poke_maniac.png"(TAH /Overworld Trainer Sprites/Delta231s Collaborative HGSS Resource/Delta231/, 원 스레드 https://www.pokecommunity.com/showthread.php?t=408123 "HGSS Overworld Sprite in FR Style" 2018-04-24) — 허가 원문 "You are allowed to use any OW from this thread but remember to credit this resource." + TAH 기본 "free to use and edit" → 사용 가능(크레딧: Delta231·스레드). 원작 일치: 부분(공룡 옷 머리를 씀 — 배틀 그림 기준, HGSS 오버월드는 머리 안 씀). 규격 160x32 RGB 불투명 13색(10프레임 16x32) → 인덱스화·프레임 순서 확인, FR 화풍	새 ID를 목록 끝(현재 547 다음)에 추가하고 이 오브젝트들의 map.json graphics_id만 바꾸면 다른 NPC·프런티어 대응표(src/battle_tower.c IS_HNS 표)·배틀파이크 NPC는 바뀌지 않음. 기존 PNG를 덮어쓰면 왼쪽 "다른 사용처"가 모두 바뀌므로 금지. 주의: OBJ_EVENT_GFX_VARS = NUM_OBJ_EVENT_GFX+1이라 ID를 늘리면 VAR 번호도 밀림(지금까지 HnS 추가분과 같은 방식, 세이브 영향은 구현 때 확인) → 영향은 매니아 12오브젝트뿐	보류: 새 그림(공개 에셋 Delta231 또는 친구 제작) 결정 전까지 현재 유지
포켓몬 매니아(우선 3종)	SPRITE_MANIA	Bulbapedia Poké_Maniac_IV_OD.png(32x32, SHA1 18fe1975) — 검은 머리·흰 셔츠·초록 하의	SPRITE_SUPER_NERD(금은·크리스탈) — HnS는 GSC를 따른 것	DONALD	GoldenrodCity_UndergroundTunnel_hns #7 (1,27)	SUPER_NERD_HNS → super_nerd_hns.png	스토리맵 37(트레이너 18)·프런티어계 맵 9·C src/battle_pike.c:422, src/battle_tower.c:82, src/battle_tower.c:88, src/battle_tower.c:103	-	-	예(원작과 같은 HnS 그림 없음. SUPER_NERD_HNS는 머리·흰 셔츠가 비슷하나 안경·하의 색 다름, 에메랄드 maniac.png·FRLG poke_maniac_frlg.png도 원작 아님)	Delta231 "poke_maniac.png"(TAH /Overworld Trainer Sprites/Delta231s Collaborative HGSS Resource/Delta231/, 원 스레드 https://www.pokecommunity.com/showthread.php?t=408123 "HGSS Overworld Sprite in FR Style" 2018-04-24) — 허가 원문 "You are allowed to use any OW from this thread but remember to credit this resource." + TAH 기본 "free to use and edit" → 사용 가능(크레딧: Delta231·스레드). 원작 일치: 부분(공룡 옷 머리를 씀 — 배틀 그림 기준, HGSS 오버월드는 머리 안 씀). 규격 160x32 RGB 불투명 13색(10프레임 16x32) → 인덱스화·프레임 순서 확인, FR 화풍	새 ID를 목록 끝(현재 547 다음)에 추가하고 이 오브젝트들의 map.json graphics_id만 바꾸면 다른 NPC·프런티어 대응표(src/battle_tower.c IS_HNS 표)·배틀파이크 NPC는 바뀌지 않음. 기존 PNG를 덮어쓰면 왼쪽 "다른 사용처"가 모두 바뀌므로 금지. 주의: OBJ_EVENT_GFX_VARS = NUM_OBJ_EVENT_GFX+1이라 ID를 늘리면 VAR 번호도 밀림(지금까지 HnS 추가분과 같은 방식, 세이브 영향은 구현 때 확인) → 영향은 매니아 12오브젝트뿐	보류: 새 그림(공개 에셋 Delta231 또는 친구 제작) 결정 전까지 현재 유지
포켓몬 매니아(우선 3종)	SPRITE_MANIA	Bulbapedia Poké_Maniac_IV_OD.png(32x32, SHA1 18fe1975) — 검은 머리·흰 셔츠·초록 하의	SPRITE_SUPER_NERD(금은·크리스탈) — HnS는 GSC를 따른 것	ZACH	Route44_hns #4 (49,3)	SUPER_NERD_HNS → super_nerd_hns.png	스토리맵 37(트레이너 18)·프런티어계 맵 9·C src/battle_pike.c:422, src/battle_tower.c:82, src/battle_tower.c:88, src/battle_tower.c:103	-	-	예(원작과 같은 HnS 그림 없음. SUPER_NERD_HNS는 머리·흰 셔츠가 비슷하나 안경·하의 색 다름, 에메랄드 maniac.png·FRLG poke_maniac_frlg.png도 원작 아님)	Delta231 "poke_maniac.png"(TAH /Overworld Trainer Sprites/Delta231s Collaborative HGSS Resource/Delta231/, 원 스레드 https://www.pokecommunity.com/showthread.php?t=408123 "HGSS Overworld Sprite in FR Style" 2018-04-24) — 허가 원문 "You are allowed to use any OW from this thread but remember to credit this resource." + TAH 기본 "free to use and edit" → 사용 가능(크레딧: Delta231·스레드). 원작 일치: 부분(공룡 옷 머리를 씀 — 배틀 그림 기준, HGSS 오버월드는 머리 안 씀). 규격 160x32 RGB 불투명 13색(10프레임 16x32) → 인덱스화·프레임 순서 확인, FR 화풍	새 ID를 목록 끝(현재 547 다음)에 추가하고 이 오브젝트들의 map.json graphics_id만 바꾸면 다른 NPC·프런티어 대응표(src/battle_tower.c IS_HNS 표)·배틀파이크 NPC는 바뀌지 않음. 기존 PNG를 덮어쓰면 왼쪽 "다른 사용처"가 모두 바뀌므로 금지. 주의: OBJ_EVENT_GFX_VARS = NUM_OBJ_EVENT_GFX+1이라 ID를 늘리면 VAR 번호도 밀림(지금까지 HnS 추가분과 같은 방식, 세이브 영향은 구현 때 확인) → 영향은 매니아 12오브젝트뿐	보류: 새 그림(공개 에셋 Delta231 또는 친구 제작) 결정 전까지 현재 유지
포켓몬 매니아(우선 3종)	SPRITE_MANIA	Bulbapedia Poké_Maniac_IV_OD.png(32x32, SHA1 18fe1975) — 검은 머리·흰 셔츠·초록 하의	SPRITE_SUPER_NERD(금은·크리스탈) — HnS는 GSC를 따른 것	MILLER	MtMortar_1F_North_hns #9 (51,63)	FAT_MAN_HNS → fat_man_hns.png	스토리맵 37(트레이너 2)·프런티어계 맵 12·C src/battle_pike.c:292	-	-	예(원작과 같은 HnS 그림 없음. SUPER_NERD_HNS는 머리·흰 셔츠가 비슷하나 안경·하의 색 다름, 에메랄드 maniac.png·FRLG poke_maniac_frlg.png도 원작 아님)	Delta231 "poke_maniac.png"(TAH /Overworld Trainer Sprites/Delta231s Collaborative HGSS Resource/Delta231/, 원 스레드 https://www.pokecommunity.com/showthread.php?t=408123 "HGSS Overworld Sprite in FR Style" 2018-04-24) — 허가 원문 "You are allowed to use any OW from this thread but remember to credit this resource." + TAH 기본 "free to use and edit" → 사용 가능(크레딧: Delta231·스레드). 원작 일치: 부분(공룡 옷 머리를 씀 — 배틀 그림 기준, HGSS 오버월드는 머리 안 씀). 규격 160x32 RGB 불투명 13색(10프레임 16x32) → 인덱스화·프레임 순서 확인, FR 화풍	새 ID를 목록 끝(현재 547 다음)에 추가하고 이 오브젝트들의 map.json graphics_id만 바꾸면 다른 NPC·프런티어 대응표(src/battle_tower.c IS_HNS 표)·배틀파이크 NPC는 바뀌지 않음. 기존 PNG를 덮어쓰면 왼쪽 "다른 사용처"가 모두 바뀌므로 금지. 주의: OBJ_EVENT_GFX_VARS = NUM_OBJ_EVENT_GFX+1이라 ID를 늘리면 VAR 번호도 밀림(지금까지 HnS 추가분과 같은 방식, 세이브 영향은 구현 때 확인) → 영향은 매니아 12오브젝트뿐	보류: 새 그림(공개 에셋 Delta231 또는 친구 제작) 결정 전까지 현재 유지
중년 여성(선생님·애호가클럽♀, 우선 3종)	SPRITE_MIDDLEWOMAN1	Bulbapedia Pokéfan_f_IV_OD.png(SHA1 2aebb84c, 선생님·애호가클럽 문서가 4세대 오버월드로 같은 파일 사용) — 갈색 곱슬머리·빨간 옷·흰 앞치마	SPRITE_TEACHER	COLETTE(선생님)	Route15_hns #6 (36,6)	WOMAN_2_HNS → woman_2_hns.png	스토리맵 32(트레이너 5)·프런티어계 맵 7·C src/battle_pike.c:362, src/battle_tower.c:112, src/battle_tower.c:116, src/battle_tower.c:129	POKEFAN_F	스토리맵 0(트레이너 0)·프런티어계 맵 0·C src/vs_seeker.c:666, src/battle_pike.c:274, src/battle_tower.c:178, src/data/contest_opponents.h:343, src/data/contest_opponents.h:1039, src/data/contest_opponents.h:1532, src/data/contest_opponents.h:1706, src/data/contest_opponents.h:2431	예(HnS 전용 *_hns 그림 없음). 기존 에메랄드 OBJ_EVENT_GFX_POKEFAN_F(pokefan_f.png)는 같은 계열 디자인이지만 RSE 화풍 — HnS 스토리·HnS 프런티어에서 안 씀(에메랄드 맵·컨테스트·vs_seeker·#else 쪽만)	spilledpizza "DP_pokefan_f.png"(TAH /Overworld Trainer Sprites/spilledpizza/graphics/object_events/pics/people/, 2025-07-21) — TAH 기본 "free to use and edit", README 크레딧 "spilledpizza(myself) TheWiggliestJiggliest RichardPT robloxmaster376 The Spriters Resource ..." → 사용 가능. 원작 일치: 4세대 애호가클럽♀ 오버월드 변환(=HGSS 중년 여성과 같은 계열). 규격 144x32 P 15색(9프레임 16x32, 0번 투명) → 그대로 가능. 그 밖: Young-Dante teacher(TAH, HGSS 선생님 배틀 그림 기반 창작·약 28x40 프레임 → 원작 OW 불일치·규격 변환 큼), hyo pokefan_f(TAH, RSE 애호가♀의 FRLG풍 리드로)	새 ID를 목록 끝(현재 547 다음)에 추가하고 이 오브젝트들의 map.json graphics_id만 바꾸면 다른 NPC·프런티어 대응표(src/battle_tower.c IS_HNS 표)·배틀파이크 NPC는 바뀌지 않음. 기존 PNG를 덮어쓰면 왼쪽 "다른 사용처"가 모두 바뀌므로 금지. 주의: OBJ_EVENT_GFX_VARS = NUM_OBJ_EVENT_GFX+1이라 ID를 늘리면 VAR 번호도 밀림(지금까지 HnS 추가분과 같은 방식, 세이브 영향은 구현 때 확인) → 영향은 이 6오브젝트(JAIME 포함)뿐. 기존 POKEFAN_F를 참조만 하면 새 ID도 필요 없음	친구 선택: (a) spilledpizza 판을 새 ID로(사용 가능, 크레딧) (b) 기존 POKEFAN_F 참조(바로 가능, 화풍 다름) (c) 현재 유지
중년 여성(선생님·애호가클럽♀, 우선 3종)	SPRITE_MIDDLEWOMAN1	Bulbapedia Pokéfan_f_IV_OD.png(SHA1 2aebb84c, 선생님·애호가클럽 문서가 4세대 오버월드로 같은 파일 사용) — 갈색 곱슬머리·빨간 옷·흰 앞치마	SPRITE_TEACHER	HILLARY, HILLARY_2·3(선생님)	Route15_hns #4 (52,13)	WOMAN_1_HNS → woman_1_hns.png	스토리맵 29(트레이너 4)·프런티어계 맵 18·C src/battle_pike.c:272, src/battle_tower.c:120	POKEFAN_F	스토리맵 0(트레이너 0)·프런티어계 맵 0·C src/vs_seeker.c:666, src/battle_pike.c:274, src/battle_tower.c:178, src/data/contest_opponents.h:343, src/data/contest_opponents.h:1039, src/data/contest_opponents.h:1532, src/data/contest_opponents.h:1706, src/data/contest_opponents.h:2431	예(HnS 전용 *_hns 그림 없음). 기존 에메랄드 OBJ_EVENT_GFX_POKEFAN_F(pokefan_f.png)는 같은 계열 디자인이지만 RSE 화풍 — HnS 스토리·HnS 프런티어에서 안 씀(에메랄드 맵·컨테스트·vs_seeker·#else 쪽만)	spilledpizza "DP_pokefan_f.png"(TAH /Overworld Trainer Sprites/spilledpizza/graphics/object_events/pics/people/, 2025-07-21) — TAH 기본 "free to use and edit", README 크레딧 "spilledpizza(myself) TheWiggliestJiggliest RichardPT robloxmaster376 The Spriters Resource ..." → 사용 가능. 원작 일치: 4세대 애호가클럽♀ 오버월드 변환(=HGSS 중년 여성과 같은 계열). 규격 144x32 P 15색(9프레임 16x32, 0번 투명) → 그대로 가능. 그 밖: Young-Dante teacher(TAH, HGSS 선생님 배틀 그림 기반 창작·약 28x40 프레임 → 원작 OW 불일치·규격 변환 큼), hyo pokefan_f(TAH, RSE 애호가♀의 FRLG풍 리드로)	새 ID를 목록 끝(현재 547 다음)에 추가하고 이 오브젝트들의 map.json graphics_id만 바꾸면 다른 NPC·프런티어 대응표(src/battle_tower.c IS_HNS 표)·배틀파이크 NPC는 바뀌지 않음. 기존 PNG를 덮어쓰면 왼쪽 "다른 사용처"가 모두 바뀌므로 금지. 주의: OBJ_EVENT_GFX_VARS = NUM_OBJ_EVENT_GFX+1이라 ID를 늘리면 VAR 번호도 밀림(지금까지 HnS 추가분과 같은 방식, 세이브 영향은 구현 때 확인) → 영향은 이 6오브젝트(JAIME 포함)뿐. 기존 POKEFAN_F를 참조만 하면 새 ID도 필요 없음	친구 선택: (a) spilledpizza 판을 새 ID로(사용 가능, 크레딧) (b) 기존 POKEFAN_F 참조(바로 가능, 화풍 다름) (c) 현재 유지
중년 여성(선생님·애호가클럽♀, 우선 3종)	SPRITE_MIDDLEWOMAN1	Bulbapedia Pokéfan_f_IV_OD.png(SHA1 2aebb84c, 선생님·애호가클럽 문서가 4세대 오버월드로 같은 파일 사용) — 갈색 곱슬머리·빨간 옷·흰 앞치마	SPRITE_TEACHER	SHIRLEY(선생님)	SSAqua_B1F_hns #3 (7,11)	WOMAN_3_HNS → woman_3_hns.png	스토리맵 24(트레이너 1)·프런티어계 맵 3·C src/battle_pike.c:452, src/battle_tower.c:126	POKEFAN_F	스토리맵 0(트레이너 0)·프런티어계 맵 0·C src/vs_seeker.c:666, src/battle_pike.c:274, src/battle_tower.c:178, src/data/contest_opponents.h:343, src/data/contest_opponents.h:1039, src/data/contest_opponents.h:1532, src/data/contest_opponents.h:1706, src/data/contest_opponents.h:2431	예(HnS 전용 *_hns 그림 없음). 기존 에메랄드 OBJ_EVENT_GFX_POKEFAN_F(pokefan_f.png)는 같은 계열 디자인이지만 RSE 화풍 — HnS 스토리·HnS 프런티어에서 안 씀(에메랄드 맵·컨테스트·vs_seeker·#else 쪽만)	spilledpizza "DP_pokefan_f.png"(TAH /Overworld Trainer Sprites/spilledpizza/graphics/object_events/pics/people/, 2025-07-21) — TAH 기본 "free to use and edit", README 크레딧 "spilledpizza(myself) TheWiggliestJiggliest RichardPT robloxmaster376 The Spriters Resource ..." → 사용 가능. 원작 일치: 4세대 애호가클럽♀ 오버월드 변환(=HGSS 중년 여성과 같은 계열). 규격 144x32 P 15색(9프레임 16x32, 0번 투명) → 그대로 가능. 그 밖: Young-Dante teacher(TAH, HGSS 선생님 배틀 그림 기반 창작·약 28x40 프레임 → 원작 OW 불일치·규격 변환 큼), hyo pokefan_f(TAH, RSE 애호가♀의 FRLG풍 리드로)	새 ID를 목록 끝(현재 547 다음)에 추가하고 이 오브젝트들의 map.json graphics_id만 바꾸면 다른 NPC·프런티어 대응표(src/battle_tower.c IS_HNS 표)·배틀파이크 NPC는 바뀌지 않음. 기존 PNG를 덮어쓰면 왼쪽 "다른 사용처"가 모두 바뀌므로 금지. 주의: OBJ_EVENT_GFX_VARS = NUM_OBJ_EVENT_GFX+1이라 ID를 늘리면 VAR 번호도 밀림(지금까지 HnS 추가분과 같은 방식, 세이브 영향은 구현 때 확인) → 영향은 이 6오브젝트(JAIME 포함)뿐. 기존 POKEFAN_F를 참조만 하면 새 ID도 필요 없음	친구 선택: (a) spilledpizza 판을 새 ID로(사용 가능, 크레딧) (b) 기존 POKEFAN_F 참조(바로 가능, 화풍 다름) (c) 현재 유지
중년 여성(선생님·애호가클럽♀, 우선 3종)	SPRITE_MIDDLEWOMAN1	Bulbapedia Pokéfan_f_IV_OD.png(SHA1 2aebb84c, 선생님·애호가클럽 문서가 4세대 오버월드로 같은 파일 사용) — 갈색 곱슬머리·빨간 옷·흰 앞치마	SPRITE_POKEFAN_F	BEVERLY, BEVERLY_2~5(애호가클럽♀)	NationalPark_Normal_hns #6 (11,27)	BEAUTY_HNS → beauty_hns.png	스토리맵 20(트레이너 4)·프런티어계 맵 3·C src/battle_tower.c:117	POKEFAN_F	스토리맵 0(트레이너 0)·프런티어계 맵 0·C src/vs_seeker.c:666, src/battle_pike.c:274, src/battle_tower.c:178, src/data/contest_opponents.h:343, src/data/contest_opponents.h:1039, src/data/contest_opponents.h:1532, src/data/contest_opponents.h:1706, src/data/contest_opponents.h:2431	예(HnS 전용 *_hns 그림 없음). 기존 에메랄드 OBJ_EVENT_GFX_POKEFAN_F(pokefan_f.png)는 같은 계열 디자인이지만 RSE 화풍 — HnS 스토리·HnS 프런티어에서 안 씀(에메랄드 맵·컨테스트·vs_seeker·#else 쪽만)	spilledpizza "DP_pokefan_f.png"(TAH /Overworld Trainer Sprites/spilledpizza/graphics/object_events/pics/people/, 2025-07-21) — TAH 기본 "free to use and edit", README 크레딧 "spilledpizza(myself) TheWiggliestJiggliest RichardPT robloxmaster376 The Spriters Resource ..." → 사용 가능. 원작 일치: 4세대 애호가클럽♀ 오버월드 변환(=HGSS 중년 여성과 같은 계열). 규격 144x32 P 15색(9프레임 16x32, 0번 투명) → 그대로 가능. 그 밖: Young-Dante teacher(TAH, HGSS 선생님 배틀 그림 기반 창작·약 28x40 프레임 → 원작 OW 불일치·규격 변환 큼), hyo pokefan_f(TAH, RSE 애호가♀의 FRLG풍 리드로)	새 ID를 목록 끝(현재 547 다음)에 추가하고 이 오브젝트들의 map.json graphics_id만 바꾸면 다른 NPC·프런티어 대응표(src/battle_tower.c IS_HNS 표)·배틀파이크 NPC는 바뀌지 않음. 기존 PNG를 덮어쓰면 왼쪽 "다른 사용처"가 모두 바뀌므로 금지. 주의: OBJ_EVENT_GFX_VARS = NUM_OBJ_EVENT_GFX+1이라 ID를 늘리면 VAR 번호도 밀림(지금까지 HnS 추가분과 같은 방식, 세이브 영향은 구현 때 확인) → 영향은 이 6오브젝트(JAIME 포함)뿐. 기존 POKEFAN_F를 참조만 하면 새 ID도 필요 없음	친구 선택: (a) spilledpizza 판을 새 ID로(사용 가능, 크레딧) (b) 기존 POKEFAN_F 참조(바로 가능, 화풍 다름) (c) 현재 유지
중년 여성(선생님·애호가클럽♀, 우선 3종)	SPRITE_MIDDLEWOMAN1	Bulbapedia Pokéfan_f_IV_OD.png(SHA1 2aebb84c, 선생님·애호가클럽 문서가 4세대 오버월드로 같은 파일 사용) — 갈색 곱슬머리·빨간 옷·흰 앞치마	SPRITE_POKEFAN_F	RUTH(애호가클럽♀)	Route39_hns #3 (22,38)	WOMAN_1_HNS → woman_1_hns.png	스토리맵 29(트레이너 4)·프런티어계 맵 18·C src/battle_pike.c:272, src/battle_tower.c:120	POKEFAN_F	스토리맵 0(트레이너 0)·프런티어계 맵 0·C src/vs_seeker.c:666, src/battle_pike.c:274, src/battle_tower.c:178, src/data/contest_opponents.h:343, src/data/contest_opponents.h:1039, src/data/contest_opponents.h:1532, src/data/contest_opponents.h:1706, src/data/contest_opponents.h:2431	예(HnS 전용 *_hns 그림 없음). 기존 에메랄드 OBJ_EVENT_GFX_POKEFAN_F(pokefan_f.png)는 같은 계열 디자인이지만 RSE 화풍 — HnS 스토리·HnS 프런티어에서 안 씀(에메랄드 맵·컨테스트·vs_seeker·#else 쪽만)	spilledpizza "DP_pokefan_f.png"(TAH /Overworld Trainer Sprites/spilledpizza/graphics/object_events/pics/people/, 2025-07-21) — TAH 기본 "free to use and edit", README 크레딧 "spilledpizza(myself) TheWiggliestJiggliest RichardPT robloxmaster376 The Spriters Resource ..." → 사용 가능. 원작 일치: 4세대 애호가클럽♀ 오버월드 변환(=HGSS 중년 여성과 같은 계열). 규격 144x32 P 15색(9프레임 16x32, 0번 투명) → 그대로 가능. 그 밖: Young-Dante teacher(TAH, HGSS 선생님 배틀 그림 기반 창작·약 28x40 프레임 → 원작 OW 불일치·규격 변환 큼), hyo pokefan_f(TAH, RSE 애호가♀의 FRLG풍 리드로)	새 ID를 목록 끝(현재 547 다음)에 추가하고 이 오브젝트들의 map.json graphics_id만 바꾸면 다른 NPC·프런티어 대응표(src/battle_tower.c IS_HNS 표)·배틀파이크 NPC는 바뀌지 않음. 기존 PNG를 덮어쓰면 왼쪽 "다른 사용처"가 모두 바뀌므로 금지. 주의: OBJ_EVENT_GFX_VARS = NUM_OBJ_EVENT_GFX+1이라 ID를 늘리면 VAR 번호도 밀림(지금까지 HnS 추가분과 같은 방식, 세이브 영향은 구현 때 확인) → 영향은 이 6오브젝트(JAIME 포함)뿐. 기존 POKEFAN_F를 참조만 하면 새 ID도 필요 없음	친구 선택: (a) spilledpizza 판을 새 ID로(사용 가능, 크레딧) (b) 기존 POKEFAN_F 참조(바로 가능, 화풍 다름) (c) 현재 유지
중년 여성(크리스탈 애호가클럽♀, Q6)	(HGSS에 없음 — 크리스탈 전용)	GSC: Bulbapedia Pokéfan_f_II_OD.png	SPRITE_POKEFAN_F(크리스탈 39번도로)	JAIME(상수 TRAINER_JAMIE_HNS)	Route39_hns #18 (16,45)	WOMAN_2_HNS → woman_2_hns.png	스토리맵 32(트레이너 5)·프런티어계 맵 7·C src/battle_pike.c:362, src/battle_tower.c:112, src/battle_tower.c:116, src/battle_tower.c:129	POKEFAN_F	스토리맵 0(트레이너 0)·프런티어계 맵 0·C src/vs_seeker.c:666, src/battle_pike.c:274, src/battle_tower.c:178, src/data/contest_opponents.h:343, src/data/contest_opponents.h:1039, src/data/contest_opponents.h:1532, src/data/contest_opponents.h:1706, src/data/contest_opponents.h:2431	위와 같음	spilledpizza "DP_pokefan_f.png"(TAH /Overworld Trainer Sprites/spilledpizza/graphics/object_events/pics/people/, 2025-07-21) — TAH 기본 "free to use and edit", README 크레딧 "spilledpizza(myself) TheWiggliestJiggliest RichardPT robloxmaster376 The Spriters Resource ..." → 사용 가능. 원작 일치: 4세대 애호가클럽♀ 오버월드 변환(=HGSS 중년 여성과 같은 계열). 규격 144x32 P 15색(9프레임 16x32, 0번 투명) → 그대로 가능. 그 밖: Young-Dante teacher(TAH, HGSS 선생님 배틀 그림 기반 창작·약 28x40 프레임 → 원작 OW 불일치·규격 변환 큼), hyo pokefan_f(TAH, RSE 애호가♀의 FRLG풍 리드로)	위와 같음	Q6 결정(크리스탈 애호가클럽♀ 복원)과 함께 위 묶음과 같은 그림으로
보더(우선 3종)	SPRITE_BOARDER	Bulbapedia Boarder_OD.png(32x32, SHA1 17b6b258) — 흰 비니(초록 띠)·주황 옷·초록 바지	SPRITE_ROCKER(금은·크리스탈)	RONALD	MahoganyTown_Gym_hns #3 (17,23)	SKIER_M_HNS → skier_m_hns.png	스토리맵 7(트레이너 3)·프런티어계 맵 0	-	-	예(SKIER_M_HNS는 보라 모자·주황 옷 스키어 — 주황 옷만 비슷)	원작 일치 공개 에셋 없음. aveontrainer skier_m·etique skier_m(TAH Delta231 자료)·spilledpizza DP_skier_m은 DP 스키어♂(파란 옷) — 보더와 다름	새 ID를 목록 끝(현재 547 다음)에 추가하고 이 오브젝트들의 map.json graphics_id만 바꾸면 다른 NPC·프런티어 대응표(src/battle_tower.c IS_HNS 표)·배틀파이크 NPC는 바뀌지 않음. 기존 PNG를 덮어쓰면 왼쪽 "다른 사용처"가 모두 바뀌므로 금지. 주의: OBJ_EVENT_GFX_VARS = NUM_OBJ_EVENT_GFX+1이라 ID를 늘리면 VAR 번호도 밀림(지금까지 HnS 추가분과 같은 방식, 세이브 영향은 구현 때 확인) → 영향은 보더 3오브젝트뿐(SKIER_M_HNS는 NewSinjoh 3·Route49 1오브젝트가 계속 사용)	보류: 현재 유지, 새 그림은 친구 제작 시
보더(우선 3종)	SPRITE_BOARDER	Bulbapedia Boarder_OD.png(32x32, SHA1 17b6b258) — 흰 비니(초록 띠)·주황 옷·초록 바지	SPRITE_ROCKER(금은·크리스탈)	BRAD	MahoganyTown_Gym_hns #2 (17,9)	SKIER_M_HNS → skier_m_hns.png	스토리맵 7(트레이너 3)·프런티어계 맵 0	-	-	예(SKIER_M_HNS는 보라 모자·주황 옷 스키어 — 주황 옷만 비슷)	원작 일치 공개 에셋 없음. aveontrainer skier_m·etique skier_m(TAH Delta231 자료)·spilledpizza DP_skier_m은 DP 스키어♂(파란 옷) — 보더와 다름	새 ID를 목록 끝(현재 547 다음)에 추가하고 이 오브젝트들의 map.json graphics_id만 바꾸면 다른 NPC·프런티어 대응표(src/battle_tower.c IS_HNS 표)·배틀파이크 NPC는 바뀌지 않음. 기존 PNG를 덮어쓰면 왼쪽 "다른 사용처"가 모두 바뀌므로 금지. 주의: OBJ_EVENT_GFX_VARS = NUM_OBJ_EVENT_GFX+1이라 ID를 늘리면 VAR 번호도 밀림(지금까지 HnS 추가분과 같은 방식, 세이브 영향은 구현 때 확인) → 영향은 보더 3오브젝트뿐(SKIER_M_HNS는 NewSinjoh 3·Route49 1오브젝트가 계속 사용)	보류: 현재 유지, 새 그림은 친구 제작 시
보더(우선 3종)	SPRITE_BOARDER	Bulbapedia Boarder_OD.png(32x32, SHA1 17b6b258) — 흰 비니(초록 띠)·주황 옷·초록 바지	SPRITE_ROCKER(금은·크리스탈)	DOUGLAS	MahoganyTown_Gym_hns #4 (5,8)	SKIER_M_HNS → skier_m_hns.png	스토리맵 7(트레이너 3)·프런티어계 맵 0	-	-	예(SKIER_M_HNS는 보라 모자·주황 옷 스키어 — 주황 옷만 비슷)	원작 일치 공개 에셋 없음. aveontrainer skier_m·etique skier_m(TAH Delta231 자료)·spilledpizza DP_skier_m은 DP 스키어♂(파란 옷) — 보더와 다름	새 ID를 목록 끝(현재 547 다음)에 추가하고 이 오브젝트들의 map.json graphics_id만 바꾸면 다른 NPC·프런티어 대응표(src/battle_tower.c IS_HNS 표)·배틀파이크 NPC는 바뀌지 않음. 기존 PNG를 덮어쓰면 왼쪽 "다른 사용처"가 모두 바뀌므로 금지. 주의: OBJ_EVENT_GFX_VARS = NUM_OBJ_EVENT_GFX+1이라 ID를 늘리면 VAR 번호도 밀림(지금까지 HnS 추가분과 같은 방식, 세이브 영향은 구현 때 확인) → 영향은 보더 3오브젝트뿐(SKIER_M_HNS는 NewSinjoh 3·Route49 1오브젝트가 계속 사용)	보류: 현재 유지, 새 그림은 친구 제작 시
애호가클럽♂(ALEX — 원작 오버월드 대조)	SPRITE_GSMIDDLEMAN1(MAP_ROUTE_13)	Bulbapedia Pokéfan_HGSS_OD.png(32x32, SHA1 5ee42ea1) — 머리 벗어진 중년 남자·올리브색 옷	SPRITE_POKEFAN_M(금은·크리스탈 13번도로, Bulbapedia PokéFan_II_OD.png)	ALEX, ALEX_2·3	Route13_hns #5 (62,22)	BATTLE_GIRL_HNS → battle_girl_hns.png	스토리맵 27(트레이너 2)·프런티어계 맵 2·C src/battle_tower.c:125	BALDING_MAN_HNS	스토리맵 33(트레이너 8)·프런티어계 맵 2·C src/battle_tower.c:92	아니오 — BALDING_MAN_HNS(머리 벗어진 중년 남자·흰 셔츠, 색만 다름). HGSS GSMIDDLEMAN1인 HnS 애호가클럽♂ 7명(WILLIAM·DEREK·ROBERT·JOSHUA·CARTER·BRANDON·COLIN)이 이미 사용, 프런티어 POKEFAN_M도 사용	불필요	새 ID 불필요. 이 오브젝트 graphics_id만 바꾸면 BATTLE_GIRL_HNS 다른 사용처(배틀걸 등)는 그대로. 바로 옆 #4 (61,22) JOSHUA도 BALDING_MAN_HNS — HGSS도 둘 다 같은 그림	바로 가능(클래스·배틀 그림 복원과 함께). 지금은 여성 배틀걸 그림이라 원작과 성별부터 다름
애호가클럽♂	SPRITE_GSMIDDLEMAN1(MAP_ROUTE_14)	Bulbapedia Pokéfan_HGSS_OD.png(32x32, SHA1 5ee42ea1) — 머리 벗어진 중년 남자·올리브색 옷	SPRITE_POKEFAN_M	TREVOR, TREVOR_2·3	Route14_hns #8 (11,21)	JUGGLER_HNS → juggler_hns.png	스토리맵 10(트레이너 5)·프런티어계 맵 0	BALDING_MAN_HNS	스토리맵 33(트레이너 8)·프런티어계 맵 2·C src/battle_tower.c:92	아니오(위와 같음)	불필요	새 ID 불필요. JUGGLER_HNS 다른 사용처는 그대로	바로 가능
애호가클럽♂(크리스탈, Q6)	(HGSS에 없음 — 크리스탈 전용)	GSC: PokéFan_II_OD.png	SPRITE_POKEFAN_M(크리스탈 6번도로)	ALLAN	Route6_hns #1 (41,25)	CAMPER_HNS → camper_hns.png	스토리맵 19(트레이너 15)·프런티어계 맵 4·C src/battle_tower.c:87, src/battle_tower.c:105	BALDING_MAN_HNS	스토리맵 33(트레이너 8)·프런티어계 맵 2·C src/battle_tower.c:92	아니오	불필요	새 ID 불필요	Q6로 크리스탈 애호가클럽♂ 복원 시 함께
기존 그림으로 대체 가능	SPRITE_GSMAN2	HGSS 3D 모델 — 그림 대조 안 함(같은 HGSS sprite를 쓰는 HnS 트레이너의 통상 graphics_id로 판단, P1 ow_equiv)	SPRITE_YOUNGSTER	ROY(새 조련사)	Route14_hns #4 (18,19)	BIKER_HNS → biker_hns.png	스토리맵 8(트레이너 8)·프런티어계 맵 0·C src/battle_pike.c:372, src/battle_tower.c:96	ROCKER_HNS	스토리맵 24(트레이너 16)·프런티어계 맵 3·C src/battle_tower.c:85, src/battle_tower.c:100	아니오 — HGSS 새 조련사 13명·기타리스트 2명이 HnS에서 ROCKER_HNS	불필요	새 ID 불필요. 이 오브젝트 graphics_id만 바꿈(현재·대체 그림의 다른 사용처는 그대로)	바로 가능
기존 그림으로 대체 가능	SPRITE_GSMAN2	HGSS 3D 모델 — 그림 대조 안 함(같은 HGSS sprite를 쓰는 HnS 트레이너의 통상 graphics_id로 판단, P1 ow_equiv)	SPRITE_YOUNGSTER	BRET(새 조련사)	Route13_hns #2 (23,22)	JUGGLER_HNS → juggler_hns.png	스토리맵 10(트레이너 5)·프런티어계 맵 0	ROCKER_HNS	스토리맵 24(트레이너 16)·프런티어계 맵 3·C src/battle_tower.c:85, src/battle_tower.c:100	아니오 — 위와 같음	불필요	새 ID 불필요. 이 오브젝트 graphics_id만 바꿈(현재·대체 그림의 다른 사용처는 그대로)	바로 가능
기존 그림으로 대체 가능	SPRITE_SEAMAN_2	HGSS 3D 모델 — 그림 대조 안 함(같은 HGSS sprite를 쓰는 HnS 트레이너의 통상 graphics_id로 판단, P1 ow_equiv)	SPRITE_SWIMMER_GUY	PARKER(선원)	CeruleanCity_Gym_hns #2 (9,13)	SWIMMER_M_HNS → swimmer_m_hns.png	스토리맵 15(트레이너 15)·프런티어계 맵 0·C src/battle_tower.c:83, src/battle_tower.c:98	SAILOR_HNS	스토리맵 26(트레이너 10)·프런티어계 맵 4·C src/battle_tower.c:102	아니오 — HGSS가 PARKER를 선원으로 바꿈(블루 체육관에 서 있음). 클래스 복원과 함께	불필요	새 ID 불필요. 이 오브젝트 graphics_id만 바꿈(현재·대체 그림의 다른 사용처는 그대로)	바로 가능
기존 그림으로 대체 가능	SPRITE_GSGIRL1	HGSS 3D 모델 — 그림 대조 안 함(같은 HGSS sprite를 쓰는 HnS 트레이너의 통상 graphics_id로 판단, P1 ow_equiv)	SPRITE_LASS	CARRIE(짧은 치마)	GoldenrodCity_Gym_hns #2 (7,7)	WOMAN_1_HNS → woman_1_hns.png	스토리맵 29(트레이너 4)·프런티어계 맵 18·C src/battle_pike.c:272, src/battle_tower.c:120	LASS_HNS	스토리맵 37(트레이너 4)·프런티어계 맵 7·C src/battle_pike.c:412, src/battle_tower.c:131	아니오 — 클래스는 이미 같음 — 선택	불필요	새 ID 불필요. 이 오브젝트 graphics_id만 바꿈(현재·대체 그림의 다른 사용처는 그대로)	선택(원작 대응 맞추기)
기존 그림으로 대체 가능	SPRITE_GSGIRL1	HGSS 3D 모델 — 그림 대조 안 함(같은 HGSS sprite를 쓰는 HnS 트레이너의 통상 graphics_id로 판단, P1 ow_equiv)	SPRITE_LASS	BRIDGET(짧은 치마)	GoldenrodCity_Gym_hns #6 (16,11)	GIRL_1_HNS → girl_1_hns.png	스토리맵 9(트레이너 1)·프런티어계 맵 15·C src/battle_pike.c:352, src/battle_tower.c:119	LASS_HNS	스토리맵 37(트레이너 4)·프런티어계 맵 7·C src/battle_pike.c:412, src/battle_tower.c:131	아니오 — 선택	불필요	새 ID 불필요. 이 오브젝트 graphics_id만 바꿈(현재·대체 그림의 다른 사용처는 그대로)	선택(원작 대응 맞추기)
기존 그림으로 대체 가능	SPRITE_GSGIRL1	HGSS 3D 모델 — 그림 대조 안 함(같은 HGSS sprite를 쓰는 HnS 트레이너의 통상 graphics_id로 판단, P1 ow_equiv)	SPRITE_LASS	CONNIE(짧은 치마)	OlivineCity_Lighthouse_hns #9 (101,14)	COOLTRAINER_F_HNS → cooltrainer_f_hns.png	스토리맵 31(트레이너 21)·프런티어계 맵 7·C src/battle_pike.c:502, src/battle_tower.c:114, src/battle_tower.c:121, src/battle_tower.c:122, src/battle_tower.c:123	LASS_HNS	스토리맵 37(트레이너 4)·프런티어계 맵 7·C src/battle_pike.c:412, src/battle_tower.c:131	아니오 — 선택	불필요	새 ID 불필요. 이 오브젝트 graphics_id만 바꿈(현재·대체 그림의 다른 사용처는 그대로)	선택(원작 대응 맞추기)
기존 그림으로 대체 가능	SPRITE_GSGIRL1	HGSS 3D 모델 — 그림 대조 안 함(같은 HGSS sprite를 쓰는 HnS 트레이너의 통상 graphics_id로 판단, P1 ow_equiv)	SPRITE_LASS	LAURA(짧은 치마)	Route25_hns #4 (48,14)	COOLTRAINER_F_HNS → cooltrainer_f_hns.png	스토리맵 31(트레이너 21)·프런티어계 맵 7·C src/battle_pike.c:502, src/battle_tower.c:114, src/battle_tower.c:121, src/battle_tower.c:122, src/battle_tower.c:123	LASS_HNS	스토리맵 37(트레이너 4)·프런티어계 맵 7·C src/battle_pike.c:412, src/battle_tower.c:131	아니오 — 선택	불필요	새 ID 불필요. 이 오브젝트 graphics_id만 바꿈(현재·대체 그림의 다른 사용처는 그대로)	선택(원작 대응 맞추기)
기존 그림으로 대체 가능	SPRITE_GSGIRL1	HGSS 3D 모델 — 그림 대조 안 함(같은 HGSS sprite를 쓰는 HnS 트레이너의 통상 graphics_id로 판단, P1 ow_equiv)	SPRITE_LASS	ELLEN(짧은 치마)	Route25_hns #6 (34,23)	WOMAN_1_HNS → woman_1_hns.png	스토리맵 29(트레이너 4)·프런티어계 맵 18·C src/battle_pike.c:272, src/battle_tower.c:120	LASS_HNS	스토리맵 37(트레이너 4)·프런티어계 맵 7·C src/battle_pike.c:412, src/battle_tower.c:131	아니오 — 선택	불필요	새 ID 불필요. 이 오브젝트 graphics_id만 바꿈(현재·대체 그림의 다른 사용처는 그대로)	선택(원작 대응 맞추기)
기존 그림으로 대체 가능	SPRITE_GSBOY1	HGSS 3D 모델 — 그림 대조 안 함(같은 HGSS sprite를 쓰는 HnS 트레이너의 통상 graphics_id로 판단, P1 ow_equiv)	SPRITE_YOUNGSTER	JOHNNY(학원 끝난 아이)	Route15_hns #3 (42,14)	BOY_2_HNS → boy_2_hns.png	스토리맵 28(트레이너 1)·프런티어계 맵 10·C src/battle_tower.c:81	LITTLE_BOY_HNS	스토리맵 33(트레이너 10)·프런티어계 맵 10·C src/battle_pike.c:462, src/battle_tower.c:101	아니오 — 선택	불필요	새 ID 불필요. 이 오브젝트 graphics_id만 바꿈(현재·대체 그림의 다른 사용처는 그대로)	선택(원작 대응 맞추기)
기존 그림으로 대체 가능	SPRITE_GSBOY1	HGSS 3D 모델 — 그림 대조 안 함(같은 HGSS sprite를 쓰는 HnS 트레이너의 통상 graphics_id로 판단, P1 ow_equiv)	SPRITE_YOUNGSTER	JOE(학원 끝난 아이)	Route25_hns #3 (48,23)	YOUNGSTER_HNS → youngster_hns.png	스토리맵 37(트레이너 12)·프런티어계 맵 30·C src/frontier_util.c:3011, src/frontier_util.c:3018, src/frontier_util.c:3025, src/frontier_util.c:3087, src/frontier_util.c:3407, src/battle_pike.c:392, src/battle_tower.c:91, src/battle_tower.c:94	LITTLE_BOY_HNS	스토리맵 33(트레이너 10)·프런티어계 맵 10·C src/battle_pike.c:462, src/battle_tower.c:101	아니오 — 선택	불필요	새 ID 불필요. 이 오브젝트 graphics_id만 바꿈(현재·대체 그림의 다른 사용처는 그대로)	선택(원작 대응 맞추기)
기존 그림으로 대체 가능	SPRITE_GSWOMAN2	HGSS 3D 모델 — 그림 대조 안 함(같은 HGSS sprite를 쓰는 HnS 트레이너의 통상 graphics_id로 판단, P1 ow_equiv)	SPRITE_BEAUTY	VICTORIA(아가씨)	GoldenrodCity_Gym_hns #3 (15,18)	WOMAN_2_HNS → woman_2_hns.png	스토리맵 32(트레이너 5)·프런티어계 맵 7·C src/battle_pike.c:362, src/battle_tower.c:112, src/battle_tower.c:116, src/battle_tower.c:129	BEAUTY_HNS	스토리맵 20(트레이너 4)·프런티어계 맵 3·C src/battle_tower.c:117	아니오 — 선택	불필요	새 ID 불필요. 이 오브젝트 graphics_id만 바꿈(현재·대체 그림의 다른 사용처는 그대로)	선택(원작 대응 맞추기)
기존 그림으로 대체 가능	SPRITE_GSWOMAN2	HGSS 3D 모델 — 그림 대조 안 함(같은 HGSS sprite를 쓰는 HnS 트레이너의 통상 graphics_id로 판단, P1 ow_equiv)	SPRITE_BEAUTY	CASSIE(아가씨)	SSAqua_RoomSW_hns #1 (1,4)	WOMAN_2_HNS → woman_2_hns.png	스토리맵 32(트레이너 5)·프런티어계 맵 7·C src/battle_pike.c:362, src/battle_tower.c:112, src/battle_tower.c:116, src/battle_tower.c:129	BEAUTY_HNS	스토리맵 20(트레이너 4)·프런티어계 맵 3·C src/battle_tower.c:117	아니오 — 선택	불필요	새 ID 불필요. 이 오브젝트 graphics_id만 바꿈(현재·대체 그림의 다른 사용처는 그대로)	선택(원작 대응 맞추기)
기존 그림으로 대체 가능	SPRITE_GSMAN3	HGSS 3D 모델 — 그림 대조 안 함(같은 HGSS sprite를 쓰는 HnS 트레이너의 통상 graphics_id로 판단, P1 ow_equiv)	SPRITE_COOLTRAINER_M	RYAN(엘리트 트레이너♂)	Route45_hns #2 (37,25)	ROCKER_HNS → rocker_hns.png	스토리맵 24(트레이너 16)·프런티어계 맵 3·C src/battle_tower.c:85, src/battle_tower.c:100	COOLTRAINER_M_HNS	스토리맵 28(트레이너 14)·프런티어계 맵 3·C src/battle_pike.c:312, src/battle_pike.c:432, src/battle_tower.c:80, src/battle_tower.c:93, src/battle_tower.c:97	아니오 — 선택	불필요	새 ID 불필요. 이 오브젝트 graphics_id만 바꿈(현재·대체 그림의 다른 사용처는 그대로)	선택(원작 대응 맞추기)
기존 그림으로 대체 가능	SPRITE_GSWOMAN3	HGSS 3D 모델 — 그림 대조 안 함(같은 HGSS sprite를 쓰는 HnS 트레이너의 통상 graphics_id로 판단, P1 ow_equiv)	SPRITE_COOLTRAINER_F	KELLY(엘리트 트레이너♀)	Route45_hns #6 (30,14)	BATTLE_GIRL_HNS → battle_girl_hns.png	스토리맵 27(트레이너 2)·프런티어계 맵 2·C src/battle_tower.c:125	COOLTRAINER_F_HNS	스토리맵 31(트레이너 21)·프런티어계 맵 7·C src/battle_pike.c:502, src/battle_tower.c:114, src/battle_tower.c:121, src/battle_tower.c:122, src/battle_tower.c:123	아니오 — 선택	불필요	새 ID 불필요. 이 오브젝트 graphics_id만 바꿈(현재·대체 그림의 다른 사용처는 그대로)	선택(원작 대응 맞추기)
기존 그림으로 대체 가능	SPRITE_GSMAN2	HGSS 3D 모델 — 그림 대조 안 함(같은 HGSS sprite를 쓰는 HnS 트레이너의 통상 graphics_id로 판단, P1 ow_equiv)	-	DUFF & EDA(러브러브커플, 남)	Route47_hns #8 (57,15)	WORKER_M_HNS → worker_m_hns.png	스토리맵 18(트레이너 1)·프런티어계 맵 19·C src/battle_tower.c:104	ROCKER_HNS	스토리맵 24(트레이너 16)·프런티어계 맵 3·C src/battle_tower.c:85, src/battle_tower.c:100	아니오 — 선택(HGSS는 일반 남녀 그림)	불필요	새 ID 불필요. 이 오브젝트 graphics_id만 바꿈(현재·대체 그림의 다른 사용처는 그대로)	선택(원작 대응 맞추기)
기존 그림으로 대체 가능	SPRITE_GSWOMAN2	HGSS 3D 모델 — 그림 대조 안 함(같은 HGSS sprite를 쓰는 HnS 트레이너의 통상 graphics_id로 판단, P1 ow_equiv)	-	DUFF & EDA(러브러브커플, 여)	Route47_hns #9 (58,15)	WORKER_F_HNS → worker_f_hns.png	스토리맵 8(트레이너 1)·프런티어계 맵 24	BEAUTY_HNS	스토리맵 20(트레이너 4)·프런티어계 맵 3·C src/battle_tower.c:117	아니오 — 선택	불필요	새 ID 불필요. 이 오브젝트 graphics_id만 바꿈(현재·대체 그림의 다른 사용처는 그대로)	선택(원작 대응 맞추기)
변경 불필요	SPRITE_GSMAN3 + SPRITE_GSWOMAN3	-	-	THOM & KAE(엘리트 콤비, 여)	Route47_hns #4 (86,29)	COOLTRAINER_F_HNS → cooltrainer_f_hns.png	스토리맵 31(트레이너 21)·프런티어계 맵 7·C src/battle_pike.c:502, src/battle_tower.c:114, src/battle_tower.c:121, src/battle_tower.c:122, src/battle_tower.c:123	-	-	아니오 — 남녀 엘리트 트레이너 그림 한 쌍으로 원작과 같은 구성(P1 "다름"은 두 오브젝트 순서 대조 탓)	불필요	-	변경 없음
변경 불필요	SPRITE_GSMAN3 + SPRITE_GSWOMAN3	-	-	THOM & KAE(엘리트 콤비, 남)	Route47_hns #5 (86,30)	COOLTRAINER_M_HNS → cooltrainer_m_hns.png	스토리맵 28(트레이너 14)·프런티어계 맵 3·C src/battle_pike.c:312, src/battle_pike.c:432, src/battle_tower.c:80, src/battle_tower.c:93, src/battle_tower.c:97	-	-	아니오 — 남녀 엘리트 트레이너 그림 한 쌍으로 원작과 같은 구성(P1 "다름"은 두 오브젝트 순서 대조 탓)	불필요	-	변경 없음
