원작 클래스(그림)	Q1 대상 항목 수	현재 HnS 그림(공유)	후보	원 제작자·변환자	공개 출처 URL	게시일 / 확인일	허가 문구(원문)	사용·수정·재배포	필요한 크레딧	원작 HGSS 일치	규격(받은 파일)	64×64·16색 변환	판정	받은 파일(q3/web/, 데이터로만)	비고
학원 끝난 아이 #60 Spr_HGSS_School_Kid	26	school_kid_m.png(에메랄드, 프런티어 공유)	없음(원작 일치 공개 에셋 못 찾음)	-	-	-/2026-10-10	-	-	-	-	-	-	공개 에셋 없음 → 친구 제작 또는 보류	-	참고: Rizon "DP Schoolkid Male"(스레드 308798, imgur rgnGBJE)·spilledpizza DP_School_Kid_M(TAH)·Rubire4는 DP 디자인이라 HGSS 학원 끝난 아이와 다름. Just A Remixer 스레드(422071, 2019)에 "School Boy/Girl [Pt HGSS]" 목록만 있고 "Download: Not yet"(중단).
피크닉걸 #5 Spr_DP_Picnicker(HGSS 공용)	26	picnicker.png(에메랄드, 프런티어 공유)	Pawkkie "picnicker_f_hgss.png"	Pawkkie(HGSS/DP 원본 축소)	https://github.com/TeamAquasHideout/Team-Aquas-Asset-Repo (main 92686187, 2026-09-25) /Trainer Front Sprites/Pawkkie/HGSS Resized to 64 x 64/	2023-10-01(재정리 커밋 1b6e7844) / 2026-10-10	"This is a collection of free to use assets ... All assets are both free to use and edit by default, but if any assets specifically mention not being free to edit, please respect the author's wishes." (저장소 README) 폴더 README "Various HGSS Resizes - Trainer front sprite - Pawkkie"	사용·수정 허용(저장소 기본), 재배포 = 핵에 포함 허용으로 봄	Pawkkie, Team Aqua's Asset Repo	일치(DP=HGSS 그림, 축소)	64x64 P 16색(배경 0번)	그대로 가능	사용 가능	tah/files/FR__Pawkkie_HGSS_Resized_to_64_x_64_picnicker_f_hgss.png	대안: Sky High(Xencleamas) "Gen IV Picknicker"(스레드 308798, imgur TuaG333, "You may use it for free if you want.", 64x64 P) — 사용 가능. spilledpizza DP_Picnicker(TAH)·Rubire4 r0c5·kaedearagaki "Girl scout hgss"(잘라냄)도 있음. picnicker.png는 프런티어 공유라 새 Pic ID 필요.
피크닉걸(대안)			Sky High "Gen IV Picknicker"	Sky High(=Xencleamas)	https://www.pokecommunity.com/threads/the-ds-style-64x64-trainer-sprite-resource.308798/ (2쪽, 2016-02-06 글)	2016-02-06 / 2026-10-10	"Also, before anyone asks, you ARE allowed to use these for your hack, this is the entire point of the resource! Just make sure you credit this thread if you do use any of the sprites." (MrDollSteak 첫 글) + 게시글 "Here are more stuff I've been keeping. You may use it for free if you want."	사용 허용(핵), 수정 명시 없음	스레드 링크 + Sky High	일치(축소)	64x64 P 16색	그대로 가능	사용 가능	pc308798/img/gen4_picnicker.png	첫 글 목록·크레딧에 등재
엘리트 트레이너♀ #25 Spr_HGSS_Ace_Trainer_F	21	cooltrainer_f.png(에메랄드, 프런티어 공유)	MrDollSteak "HGSS Ace Trainer Female"	MrDollSteak	https://www.pokecommunity.com/threads/the-ds-style-64x64-trainer-sprite-resource.308798/ (imgur 4gqWEH0)	2016-02-05 / 2026-10-10(Wayback 2026-07-31 사본(본 사이트는 Cloudflare 차단))	"Also, before anyone asks, you ARE allowed to use these for your hack, this is the entire point of the resource! Just make sure you credit this thread if you do use any of the sprites." (MrDollSteak 첫 글)	사용 허용(핵), 수정 명시 없음	스레드 링크 + MrDollSteak	일치(축소)	64x64 RGB, 불투명 15색 + 초록 배경	무손실 인덱스화만(배경→0번)	사용 가능	pc308798/img/hgss_ace_trainer_f.png	cooltrainer_f.png는 프런티어 공유 → 새 Pic ID
엘리트 트레이너♂ #24 Spr_HGSS_Ace_Trainer_M	16(엘리트♂ 12 + 드래곤 조련사→엘리트 4)	cooltrainer_m.png×12·dragon_tamer.png×4(둘 다 프런티어 공유)	Rizon(Falsever) "HGSS Ace Trainer Male"	Rizon/Falsever	https://www.pokecommunity.com/threads/the-ds-style-64x64-trainer-sprite-resource.308798/ (imgur iD8pJxY)	2013-09 / 2026-10-10(Wayback 2026-07-31 사본(본 사이트는 Cloudflare 차단))	"Also, before anyone asks, you ARE allowed to use these for your hack, this is the entire point of the resource! Just make sure you credit this thread if you do use any of the sprites." (MrDollSteak 첫 글) 크레딧 목록 "*Rizon/Falsever - ... HGSS Male Ace Trainer ..."	사용 허용(핵), 수정 명시 없음	스레드 링크 + Rizon/Falsever	일치(축소)	64x64 RGB, 불투명 15색 + 초록 배경	무손실 인덱스화만	사용 가능	pc308798/img/hgss_ace_trainer_m.png	새 Pic ID
엘리트 콤비 #121 Spr_HGSS_Double_Team	1(THOM & KAE)	young_couple.png	MrDollSteak "HGSS Double Team"	MrDollSteak	https://www.pokecommunity.com/threads/the-ds-style-64x64-trainer-sprite-resource.308798/ (imgur fmJk0yH)	2016-02-05 / 2026-10-10(Wayback 2026-07-31 사본(본 사이트는 Cloudflare 차단))	"Also, before anyone asks, you ARE allowed to use these for your hack, this is the entire point of the resource! Just make sure you credit this thread if you do use any of the sprites." (MrDollSteak 첫 글)	사용 허용(핵), 수정 명시 없음	스레드 링크 + MrDollSteak	일치(축소)	64x64 RGB, 불투명 30색	감색 필요(30→15) = 그림 수정	허가 필요(감색 수정)	pc308798/img/hgss_double_team.png	원본 그대로는 GBA 16색 불가. 감색해도 되는지 친구 판단 또는 제작자 문의. spilledpizza DP_Ace_Trainer_DoubleTeam은 DP 디자인(불일치)
새 조련사 #69 Spr_HGSS_Bird_Keeper	19(17 + ROY·BRET)	bird_keeper.png(에메랄드)×17, biker_hns·juggler_hns	BonkersRider "Bird Keeper from HeartGold (indexed to the Bird Keeper from R/S/E)"	BonkersRider	https://www.pokecommunity.com/threads/the-ds-style-64x64-trainer-sprite-resource.308798/ (1쪽 2013-09-25 글, imgur xVLBdQe)	2013-09-25 / 2026-10-10	게시글 "Good looking resized sprites can difficult to come by. So I'll offer up some other resized ones I've made." — 사용 허가 문구 없음. 스레드 관리자(Falsever) 답 "I'm not accepting your sprites. You didn't resize the Bird Keeper, and I don't want RSE palette."	명시 없음(스레드 미채택)	-	불일치: HGSS 자세지만 RSE 회색 팔레트로 바꿈	64x64 P 11색	그대로 가능하나 색이 원작과 다름	허가 필요 / 원작 불일치(색)	pc308798/img/hgss_bird_keeper_bonkers.png	HGSS 새 조련사는 DP 그림과 자세가 달라(외곽 IoU 0.40) DP 변환본(spilledpizza DP_Bird_Keeper·Rubire4)은 불일치. 원작 일치 공개 에셋 없음 → 친구 제작 또는 보류
포켓몬 매니아 #68 Spr_HGSS_Poké_Maniac	15	pokemaniac.png(에메랄드, 프런티어 공유)	없음(원작 일치 공개 에셋 못 찾음)	-	-	-/2026-10-10	-	-	-	-	-	-	공개 에셋 없음 → 친구 제작 또는 보류	-	참고: Ringloom "GSC Pokemaniac GEN3"(TAH, "Give credits to Ringloom if used.")는 금은 디자인(보라 코트) — HGSS 공룡 옷 그림과 불일치. kaedearagaki 팩 "Pokemaniac hgss indexed"는 이름만 그렇고 다른 인물(안경 남자) — 불일치
폭주족 #65 Spr_HGSS_Biker	14	biker_hns.png(HnS 제작, 스토리 전용)	없음	-	-	-/2026-10-10	-	-	-	-	-	-	공개 에셋 없음 → 친구 제작 또는 보류	-	참고: MrDollSteak "Biker (Gen 5)"(imgur doc84Ur)는 BW 그림 — 불일치. TAH Delta231 자료의 M.vit "biker"는 오버월드뿐
수영팬티소년 #42 Spr_HGSS_Swimmer_M	12	swimmer_m.png(에메랄드, 프런티어 공유)	없음	-	-	-/2026-10-10	-	-	-	-	-	-	공개 에셋 없음 → 친구 제작 또는 보류	-	참고: Rizon "Swimmer Male"(Gen V, imgur QGci1MC)·spilledpizza DP_Swimmer_M·Rubire4는 BW/DP 자세 — HGSS와 다름
태권왕 #14 Spr_HGSS_Black_Belt	8	black_belt.png(에메랄드, 프런티어 공유)	없음	-	-	-/2026-10-10	-	-	-	-	-	-	공개 에셋 없음 → 친구 제작 또는 보류	-	참고: *Luxio//Hacks* DP 태권왕(imgur iuKqKgF)·spilledpizza DP_Black_Belt·Rubire4 r1c4는 DP 그림(HGSS는 별도 그림) — 불일치. Just A Remixer 목록의 "Black Belt [HGSS]"는 배포 안 됨
쌍둥이 #8 Spr_HGSS_Twins	5	twins_hns.png(HnS 제작, 스토리 전용)	Pawkkie "twins_hgss.png"	Pawkkie(HGSS 원본 축소)	https://github.com/TeamAquasHideout/Team-Aquas-Asset-Repo (main 92686187, 2026-09-25) /Trainer Front Sprites/Pawkkie/HGSS Resized to 64 x 64/	2023-10-01 / 2026-10-10	"This is a collection of free to use assets ... All assets are both free to use and edit by default, but if any assets specifically mention not being free to edit, please respect the author's wishes." (저장소 README)	사용·수정 허용(저장소 기본)	Pawkkie, Team Aqua's Asset Repo	일치(축소)	64x64 P 16색(배경 0번)	그대로 가능	사용 가능	tah/files/FR__Pawkkie_HGSS_Resized_to_64_x_64_twins_hgss.png	twins_hns.png는 스토리 전용이라 교체해도 스토리만 바뀜(교체 전 파일 보존). 대안 kaedearagaki "Twins HGSS"(잘라냄, 크레딧 조건)
보더 #115 Spr_HGSS_Boarder	3	skier_m_hns.png(HnS, 스토리 전용)	玉虫エリカ "Boarder (HGSS)"	玉虫エリカ	https://www.pokecommunity.com/threads/the-ds-style-64x64-trainer-sprite-resource.308798/ (3쪽 2025-08-20 글, imgur 7fpQBkd)	2025-08-20 / 2026-10-10(Wayback 2026-07-31 사본(본 사이트는 Cloudflare 차단))	게시글 "Skier (HGSS) Boarder (HGSS) Unless I'm blind, I didn't see either of these in this thread..." — 본인 허가 문구 없음, 첫 글 목록·크레딧 미등재	명시 없음	(쓰게 되면) 스레드 링크 + 玉虫エリカ	일치(축소)	64x64 RGB, 불투명 15색 + 배경	무손실 인덱스화만	허가 필요	pc308798/img/hgss_boarder.png	스레드 전체 허가 문구가 첫 글 목록 밖 기여물에도 미치는지 불명확 → 제작자 확인 필요
러브러브커플 #122 Spr_HGSS_Young_Couple(=DP 그림)	1(DUFF & EDA)	young_couple.png(에메랄드)	spilledpizza "DP_Young_Couple.png"	spilledpizza 외(README 크레딧 목록)	https://github.com/TeamAquasHideout/Team-Aquas-Asset-Repo (main 92686187, 2026-09-25) /Overworld Trainer Sprites/spilledpizza/graphics/trainers/front_pics/	2025-07-21(커밋 81a372f3) / 2026-10-10	"This is a collection of free to use assets ... All assets are both free to use and edit by default, but if any assets specifically mention not being free to edit, please respect the author's wishes." (저장소 README) README "Credits: spilledpizza(myself) TheWiggliestJiggliest RichardPT robloxmaster376 The Spriters Resource The Radiant Quartz/Prismatic Platinum team for their support"	사용·수정 허용(저장소 기본)	spilledpizza, TheWiggliestJiggliest, RichardPT, robloxmaster376(+Team Aqua's Asset Repo)	일치: HGSS와 DP 원본이 같은 그림(외곽 IoU 1.00, 색 93% 같음)	64x64 P 16색(배경 0번)	그대로 가능	사용 가능	tah/files/FR__spilledpizza_DP_Young_Couple.png	대안: Rubire4 시트 r2c3(TAH, README "Please credit Rubire4 for use", 그림 안 문구 "No credits needed.") — 사용 가능(크레딧 권장), kaedearagaki "Couples hgss"(잘라냄)
초능력자♂ #49 Spr_DP_Psychic_M(HGSS 공용) — Q1 추가	11	psychic_m_hns.png(HnS)	Rubire4 시트 r4c9 "DP Psychic M"	Rubire4	https://github.com/TeamAquasHideout/Team-Aquas-Asset-Repo (main 92686187, 2026-09-25) /Trainer Front Sprites/Rubire4/adapted_trainer_fronts.png	2024-05-07(커밋 10d03315) / 2026-10-10	"This is a collection of free to use assets ... All assets are both free to use and edit by default, but if any assets specifically mention not being free to edit, please respect the author's wishes." (저장소 README) README "## Rescaled HGSS sprites - Please credit Rubire4 for use" / 그림 안 "Adapted sprites to GBA by Rubire4. No credits needed."	사용·수정 허용(저장소 기본)	Rubire4(README 요청) + Team Aqua's Asset Repo	일치(DP=HGSS 그림, 축소)	시트에서 64x64 칸 잘라냄, RGBA 불투명 15색	칸 잘라내기 + 인덱스화	사용 가능	tah/files/rubire4_cells/r4c9.png	친구 지시로 SoulGold psychic_m.png는 이번에 안 씀. 참고: SoulGold psychic_m.png는 스레드 308798의 "Gen V Psychic Male"(*Luxio//Hacks*, imgur dAMWRmg)과 픽셀까지 같음 = BW 그림(P1의 "DP·HGSS와 비슷" 정정). kaedearagaki "Psychic indexed"는 DP 원본 잘라냄(크레딧 조건)
(SoulGold 가져올 것) 로켓단 조무래기♂·♀	27(조무래기)	rocket_grunt_m_hns·_f_hns.png	SoulGold rocket_grunt_m.png·rocket_grunt_f.png	MrDollSteak(스레드 308798)	https://www.pokecommunity.com/threads/the-ds-style-64x64-trainer-sprite-resource.308798/ (imgur lRrrII8·T3P0PUr)	2013-09-22 / 2026-10-10	"Also, before anyone asks, you ARE allowed to use these for your hack, this is the entire point of the resource! Just make sure you credit this thread if you do use any of the sprites." (MrDollSteak 첫 글) 크레딧 "*MrDollSteak - Male Rocket Grunt, Female Rocket Grunt, Proton, Petrel and Giovanni."	사용 허용(핵)	스레드 링크 + MrDollSteak	일치(축소)	64x64 P 16색	그대로	사용 가능(출처 확인됨)	pc308798/img/rocket_grunt_m.png·rocket_grunt_f.png	SoulGold 파일과 픽셀 완전 일치(외곽 IoU 1.00, 같은 색 100%)
(SoulGold 가져올 것) 괴짜 연구원 #113	5(ROSS·MITCH·JED·MARC·RICH)	collector.png(=HGSS 이과계)	SoulGold scientist.png	확인 못 함	https://github.com/Eemeliri/soulgold (커밋 77dece95 "lots of sprite updates" 2026-06-26)	2026-06-26 / 2026-10-10	SoulGold README "MrDollStreak for 64x64 trainer sprites", "Young-Dante for some trainer sprites"(일반 크레딧), 저장소 LICENSE 없음	명시 없음	SoulGold(Eemeliri) + 원 제작자 미상	일치(축소)	64x64 P 16색	그대로	허가 필요(원 제작자 확인 못 함)	(SoulGold 저장소 파일)	MrDollSteak "HGSS Scientist"(imgur jExfYL1)와 다른 축소본(외곽 IoU 0.83). 대안: MrDollSteak 판 = 사용 가능(64x64 RGB 15색+배경, 인덱스화만)
(SoulGold 이식됨) 이과계의 남자 = 현재 collector.png	7	collector.png	SoulGold collector.png(HGSS 이과계, 로봇 뺌)	확인 못 함	https://github.com/Eemeliri/soulgold	- / 2026-10-10	위와 같음	명시 없음	-	일치(로봇 뺌)	64x64 P	-	출처 확인 못 함	-	스레드 308798 3쪽 Battle Trainer 1823 "HGSS Super Nerd"(2023-03-30)는 imgur 삭제로 대조 못 함
(참고) 2026-10 이식된 SoulGold 25종 출처			15종이 스레드 308798 그림과 픽셀까지 같음	Rizon/Falsever·Sky High·MrDollSteak·*Luxio//Hacks*·tdit 등	https://www.pokecommunity.com/threads/the-ds-style-64x64-trainer-sprite-resource.308798/	- / 2026-10-10	"Also, before anyone asks, you ARE allowed to use these for your hack, this is the entire point of the resource! Just make sure you credit this thread if you do use any of the sprites." (MrDollSteak 첫 글)	사용 허용(핵), 스레드 크레딧 조건	스레드 링크(+기여자)	-	-	-	크레딧 추가 필요	-	같음: beauty(Luxio t4GxtEv), bug_catcher(3jqtT94), burglar_hns(AfzdeJT), camper(aaVNOj8), firebreather_hns(RXL8J7K), fisherman(pyzHft5), gentleman(WgQuxHB), guitarist(y1HyplQ), lass(PPS8m1M), psychic_f(ynOXVwT, Gen V), sailor(Kf0Mx9J), swimmer_f(wXobHwf), tuber_f(aeHGLGn), tuber_m(5G6cNUt), youngster_hns(ZzkAvMt). steven은 Sky High B2W2 Steven과 외곽 같음·색 84%. pokefan_f/m은 spilledpizza DP판과 외곽 같고 색 다름. aroma_lady·battle_girl·collector·dragon_tamer·hiker·ruin_maniac·sage는 출처 못 찾음. HnS CREDITS.md에 이 스레드 크레딧이 아직 없음(work/soulgold_provenance.tsv)
(조사, 해당 없음) 기타 자료					PsychoToxin 285758(2012, "All sprites are free to use as long as credit is given." — 일반 클래스는 목록만, 이미지 호스트 사라짐) / Just A Remixer 422071(2019, 배포 안 됨) / EPaulM DeviantArt 980229018(이름 있는 인물 8명, 허가 문구 없음) / Prodigal96 DeviantArt 887014074(HGSS 강도만, "Feel free to use! Credit is appreciated, but not required.") / Project Palladium(TAH, 금은 리메이크 팬 디자인 — HGSS와 다름) / Greenphx 463927(이름 있는 인물만, 본문 확인 못 함) / L96 312440·Rodriguezjames55 285366(일반 HGSS 클래스 못 찾음)	- / 2026-10-10	-	-	-	불일치 또는 대상 아님	-	-	해당 없음	pc_other/, da_epaulm/	
