원작 클래스	원작 그림(Bulbapedia)	해당 항목 수	현재 HnS 그림	항목
TRAINERCLASS_SCHOOL_KID_M #60 School Kid	#60 Spr_HGSS_School_Kid.png	26	school_kid_m.png×26	JACK, KIPP, ALAN, JOHNNY, DANNY, TOMMY, DUDLEY, JOE, BILLY, CHAD, NATE, RICKY, ALAN_2, ALAN_3, ALAN_4, ALAN_5, CHAD_2, CHAD_3, CHAD_4, CHAD_5, JACK_2, JACK_3, JACK_4, JACK_5, BILLY_2, BILLY_3
TRAINERCLASS_PICNICKER #5 Picnicker	#5 Spr_DP_Picnicker.png	26	picnicker.png×26	LIZ, GINA, BROOKE, KIM, CINDY, HOPE, SHARON, DEBRA, ERIN, HEIDI, EDNA, TIFFANY, LIZ_2, LIZ_3, LIZ_4, LIZ_5, GINA_2, GINA_3, GINA_4, GINA_5, TIFFANY_2, TIFFANY_3, TIFFANY_4, ERIN_2, ERIN_3, TANYA
TRAINERCLASS_ACE_TRAINER_F #25 Ace Trainer	#25 Spr_HGSS_Ace_Trainer_F.png	21	cooltrainer_f.png×21	GWEN, LOIS, FRAN, LOLA, KATE, IRENE, KELLY, JOYCE, BETH, REENA, MEGAN, CAROL, QUINN, EMMA, CYBIL, JENN, CARA, BETH_2, BETH_3, REENA_2, REENA_3
TRAINERCLASS_BIRD_KEEPER_GS #69 Bird Keeper	#69 Spr_HGSS_Bird_Keeper.png	19	bird_keeper.png×17, biker_hns.png×1, juggler_hns.png×1	ROD, ABE, BRYAN, THEO, TOBY, DENIS, VANCE, HANK, ROY, BORIS, BOB, JOSE, PETER, PERRY, BRET, VANCE_2, VANCE_3, JOSE_2, JOSE_3
TRAINERCLASS_ACE_TRAINER_M #24 Ace Trainer	#24 Spr_HGSS_Ace_Trainer_M.png	16	cooltrainer_m.png×12, dragon_tamer.png×4	NICK, AARON, PAUL, CODY, MIKE, GAVEN, RYAN, JAKE, BLAKE, BRIAN, SEAN, KEVIN, ALLEN, DARIN, GAVEN_2, GAVEN_3
TRAINERCLASS_POKE_MANIAC #68 Poké Maniac	#68 Spr_HGSS_Poké_Maniac.png	15	pokemaniac.png×15	LARRY, ANDREW, CALVIN, SHANE, BEN, BRENT, RON, ETHAN, ISSAC, DONALD, ZACH, MILLER, BRENT_2, BRENT_3, BRENT_4
TRAINERCLASS_BIKER #65 Biker	#65 Spr_HGSS_Biker.png	14	biker_hns.png×14	DWAYNE, HARRIS, ZEKE, CHARLES, RILEY, JOEL, GLENN, RILEY_2, RILEY_3, RILEY_4, JOEL_2, JOEL_3, CHARLES_2, CHARLES_3
TRAINERCLASS_SWIMMER_M #42 Swimmer♂	#42 Spr_HGSS_Swimmer_M.png	12	swimmer_m.png×12	HAROLD, SIMON, RANDALL, CHARLIE, GEORGE, BERKE, KIRK, MATHEW, JEROME, TUCKER, CAMERON, SETH
TRAINERCLASS_BLACK_BELT #14 Black Belt	#14 Spr_HGSS_Black_Belt.png	8	black_belt.png×8	KENJI, YOSHI, LAO, NOB, KIYO, LUNG, WAI, KENJI_2
TRAINERCLASS_TWINS #8 Twins	#8 Spr_HGSS_Twins.png	5	twins_hns.png×5	AMY_AND_MAY, ANN_AND_ANNE, JO_AND_ZOE, MEG_AND_PEG, LEA_AND_PIA
TRAINERCLASS_BOARDER #115 Boarder	#115 Spr_HGSS_Boarder.png	3	skier_m_hns.png×3	RONALD, BRAD, DOUGLAS
TRAINERCLASS_DOUBLE_TEAM #121 Double Team	#121 Spr_HGSS_Double_Team.png	1	young_couple.png×1	THOM_AND_KAE
TRAINERCLASS_YOUNG_COUPLE #122 Young Couple	#122 Spr_HGSS_Young_Couple.png	1	young_couple.png×1	DUFF_AND_EDA
